DOI,Title,Creators
10.4232/1.4492,"Citizenship, Involvement, Democracy","Andersen, Jørgen Goul; Andersen, Jørgen Goul; Deth, Jan W. van; Deth, Jan W. van; Geurts, Peter; Geurts, Peter; Viegas, José Manuel Leite; Viegas, José Manuel Leite; Badescu, Gabriel; Badescu, Gabriel; Selle, Per; Selle, Per; Teorell, Jan; Teorell, Jan; Iglic, Hajdeja; Iglic, Hajdeja; Montero, José Ramón; Montero, José Ramón; Westholm, Anders; Westholm, Anders; Armingeon, Klaus; Armingeon, Klaus"
10.4232/1.3474,Family Policy Database,"Flora, Peter; Flora, Peter"
10.4232/1.4457,Euromanifestos Project (EMP) 1979 - 2004,"Schmitt, Hermann; Schmitt, Hermann; Wüst, Andreas M.; Wüst, Andreas M."
10.4232/1.4437,Sparen und Altersvorsorge in Deutschland (SAVE) 2005,"Börsch-Supan, Axel; Schunk, Daniel"
10.4232/1.11204,Landtagswahl in Rheinland-Pfalz 1967 (Voruntersuchung),"Wildenmann, Rudolf"
10.4232/1.4436,Sparen und Altersvorsorge in Deutschland (SAVE) 2003/04,"Börsch-Supan, Axel; Schunk, Daniel; Essig, Lothar"
10.4232/1.2517,"Vergleichende Wahlstudie 1990 (Hauptbefragte, 1. Welle)","Kaase, Max"
10.4232/1.0558,"Bundestagswahl 1965 (Nachuntersuchung, November 1965)","Kaase, M.; Wildenmann, R."
10.4232/1.12823,ALLBUS/GGSS 1994 (Allgemeine Bevölkerungsumfrage der Sozialwissenschaften/German General Social Survey 1994),"Allerbeck, Klaus R.; Allerbeck, Klaus R.; Allmendinger, Jutta; Allmendinger, Jutta; Müller, Walter; Müller, Walter; Opp, Karl-Dieter; Opp, Karl-Dieter; Pappi, Franz U.; Pappi, Franz U.; Scheuch, Erwin K.; Scheuch, Erwin K.; Ziegler, Rolf; Ziegler, Rolf"
10.4232/1.0064,Politische Einstellungen (Januar 1964),"Wildenmann, Rudolf"
10.4232/1.0084,Arbeitsbuch: Wählerverhalten in der Bundesrepublik,"Norpoth, Helmut; Scheuch, Erwin K.; Baumert, Gerhard; Klingemann, Hans-Dieter; Pappi, Franz Urban; Wildenmann, Rudolf; Forschungsgruppe Wahlen, Mannheim"
10.4232/1.0867,"Saarland-Wahluntersuchung 1975 (Panel: Voruntersuchung, Oktober 1974)","Kaase, Max"
10.4232/1.0866,"Saarland-Wahluntersuchung 1975 (Panel: Voruntersuchung, März 1974)","Kaase, Max"
10.4232/1.0865,"Saarland-Wahluntersuchung 1975 (Panel: Voruntersuchung, Mai 1973)","Kaase, Max"
10.4232/1.0861,ZUMABUS 1 (1976),"Wildenmann, Rudolf; Wildenmann, Rudolf; Mayer, Karl U.; Mayer, Karl U.; Müller, Walter; Müller, Walter; Sozialwissenschaftliches Forschungsinstitut der Konrad-Adenauer-Stiftung, Alfter/Bonn; Sozialwissenschaftliches Forschungsinstitut der Konrad-Adenauer-Stiftung, Alfter/Bonn; ZUMA, Mannheim; ZUMA, Mannheim"
10.4232/1.5163,European Parliament Elections – Euromanifesto Study (Documents),"Schmitt, Hermann; Schmitt, Hermann; Braun, Daniela; Braun, Daniela; Popa, Sebastian A.; Popa, Sebastian A."
10.4232/1.5162,"European Parliament Election Study 2014, Euromanifesto Study","Schmitt, Hermann; Schmitt, Hermann; Braun, Daniela; Braun, Daniela; Popa, Sebastian A.; Popa, Sebastian A.; Mikhaylov, Slava; Mikhaylov, Slava; Dwinger, Felix; Dwinger, Felix"
10.4232/1.5161,"European Parliament Election Study 2014, Voter Study, Supplementary Study","Schmitt, Hermann; Schmitt, Hermann; Popa, Sebastian Adrian; Popa, Sebastian Adrian; Devinger, Felix; Devinger, Felix"
10.4232/1.14377,"European Parliament Election Study 2014, Voter Study, First Post-Election Survey","Schmitt, Hermann; Schmitt, Hermann; Hobolt, Sara B.; Hobolt, Sara B.; Popa, Sebastian A.; Popa, Sebastian A.; Teperoglou, Eftichia; Teperoglou, Eftichia; European Parliament, Directorate-General for Communication, Public Monitoring Unit; European Parliament, Directorate-General for Communication, Public Monitoring Unit"
10.4232/1.0869,Politik im Saarland (Februar 1975),"Kaase, Max"
10.4232/1.4330,Studie zur Gesundheitsreform 2004,"Pappi, Franz U.; Shikano, S."
10.4232/1.10062,Sparen und Altersvorsorge in Deutschland (SAVE) 2009,"Börsch-Supan, Axel; Coppola, Michela; Ziegelmeyer, Michael"
10.4232/1.0814,ZUMABUS 2 (1977),"Bundesgesundheitsamt, Berlin; Bundesgesundheitsamt, Berlin; Herz, Thomas A.; Herz, Thomas A.; Wildenmann, Rudolf; Wildenmann, Rudolf; Zapf, Wolfgang; Zapf, Wolfgang; ZUMA, Mannheim; ZUMA, Mannheim"
10.4232/1.14120,"European Parliament Election Study 1979-2019, Euromanifesto Study","Carteny, Giuseppe; Carteny, Giuseppe; Reinl, Ann-Kathrin; Reinl, Ann-Kathrin; Braun, Daniela; Braun, Daniela; Popa, Sebastian A.; Popa, Sebastian A.; Schmitt, Hermann; Schmitt, Hermann"
10.4232/1.0796,Westdeutsche Führungsschicht,"Wildenmann, Rudolf; Kaltefleiter, Werner"
10.4232/1.4997,Bundestagswahl 2005 Kampagnendynamik - Fernsehnachrichtenanalyse,"Schmitt-Beck, Rüdiger; Krewel, Mona; Wolsing, Ansgar"
10.4232/1.2933,Wohlfahrtssurveys 1978 - 1993 (Kumulierter Datensatz),"Zapf, Wolfgang; Siara, Christian S.; Glatzer, Wolfgang; Noll, Heinz-Herbert; Habich, Roland; Müller-Andritzky, Maria; Lang, Sabine; Volkert, Marieke; Brachtl, Wolfgang; Gransche, Elisabeth; Glatzer, Wolfgang; Zapf, Wolfgang; Noll, Heinz-Herbert; Spellerberg, Annette; Zentralinstitut Für Jugendforschung (ZIJ), Leipzig"
10.4232/1.0983,Die Beschäftigung ausländischer Arbeitnehmer in einzelwirtschaftlicher Sicht (Betriebsbefragung),"Gaugler, Eduard; Sozialforschung Brög, München"
10.4232/1.3714,ALLBUScompact/GGSScompact 1990 (Allgemeine Bevölkerungsumfrage der Sozialwissenschaften/German General Social Survey 1990),"Allerbeck, Klaus; Allerbeck, Klaus; Mayer, Karl Ulrich; Mayer, Karl Ulrich; Müller, Walter; Müller, Walter; Opp, Karl-Dieter; Opp, Karl-Dieter; Pappi, Franz Urban; Pappi, Franz Urban; Scheuch, Erwin K.; Scheuch, Erwin K.; Ziegler, Rolf; Ziegler, Rolf"
10.4232/1.2870,Determinanten der Ehescheidung (Methodenstudie),"Esser, Hartmut; Babka Von Gostomski, Christian; Hartmann, Josef"
10.4232/1.0557,"Bundestagswahl 1965 (Nachuntersuchung, Oktober 1965, II)","Kaase, M.; Wildenmann, R."
10.4232/1.2865,European Election Study 1994 (EES 1994),"Castillo, Pilar del; Castillo, Pilar del; Eijk, Cees van der; Eijk, Cees van der; Franklin, Mark; Franklin, Mark; Katz, Richard; Katz, Richard; Mannheimer, Renato; Mannheimer, Renato; Marsh, Michael; Marsh, Michael; Norris, Pippa; Norris, Pippa; Oppenhuis, Erik; Oppenhuis, Erik; Schmitt, Hermann; Schmitt, Hermann; Thomassen, Jacques; Thomassen, Jacques; Wessels, Bernard; Wessels, Bernard; Ysmal, Colette; Ysmal, Colette"
10.4232/1.11987,"Federal Parliament Election 1965 (Initial Investigation, September 1965)","Kaase, M.; Kaase, M.; Wildenmann, R.; Wildenmann, R."
10.4232/1.0924,"Sicherheitspolitische Planungsprobleme der Bundesrepublik Deutschland (Eliten, 1977)","Schössler, Dieter; Enke, Edo"
10.4232/1.0923,"Sicherheitspolitische Planungsprobleme der Bundesrepublik Deutschland (Eliten, 1976)","Schössler, Dieter; Enke, Edo"
10.4232/1.1221,Politik in der Bundesrepublik Deutschland (1980),"Bürklin, Wilhelm P.; Wildenmann, Rudolf; Wollweber, S."
10.4232/1.1220,Politik in der Bundesrepublik Deutschland (1978),"Wildenmann, Rudolf"
10.4232/1.11901,ALLBUS/GGSS 1992 (Allgemeine Bevölkerungsumfrage der Sozialwissenschaften/German General Social Survey 1992),"Allerbeck, Klaus R.; Allerbeck, Klaus R.; Allmendinger, Jutta; Allmendinger, Jutta; Müller, Walter; Müller, Walter; Opp, Karl-Dieter; Opp, Karl-Dieter; Pappi, Franz U.; Pappi, Franz U.; Scheuch, Erwin K.; Scheuch, Erwin K.; Ziegler, Rolf; Ziegler, Rolf"
10.4232/1.4519,Nachwahlbefragungen zur Bundestagswahl 1949-2005 (Kumulierte Variablenauswahl),"Reigrotzki, Erich; Scheuch, Erwin K.; Wildenmann, Rudolf; Baumert, Gerhard; Berger, Manfred; Kaase, Max; Schleth, Uwe; Fuchs, Dieter; Klingemann, Hans-Dieter; Pappi, Franz Urban; Küchler, Manfred; Semetko, Holli A.; Jung, Matthias; Falter, Jürgen W.; Gabriel, Oscar W.; Rattinger, Hans; Kühnel, Steffen; Niedermayer, Oskar; Westle, Bettina; Roth, Dieter; Gibowski, Wolfgang G.; Gruber, Edelgard; Schulte, Wolfgang; Institut Für Demoskopie, Allensbach; Forschungsgruppe Wahlen, Mannheim; Mannheimer Zentrum Für Europäische Sozialforschung (MZES), Mannheim; Wissenschaftszentrum Berlin Für Sozialforschung (WZB), Berlin; Zentralarchiv Für Empirische Sozialforschung, Universität Zu Köln"
10.4232/1.4072,Vorwahlbefragung zur Bundestagswahl 1998,"Pappi, Franz U."
10.4232/1.4071,Die deutschen Wähler und der Euro (Währungsunionsstudie 1998),"Pappi, Franz U."
10.4232/1.4995,Vorwahlbefragung Belgien 2003,"Gschwend, Thomas; Pappi, Franz Urban"
10.4232/1.12389,Landtagswahlen - Integrierter Datensatz 1964-2004,"FORSA, Berlin; Adrian, Wolfgang; Klingemann, Hans-Dieter; Kaase, Max; Scheuch, Erwin K.; Wildenmann, Rudolf; INFRATEST, München; Baumert, Gerhard; Berger, Manfred"
10.4232/1.4051,Sparen und Altersvorsorge in Deutschland (SAVE) 2001,"Börsch-Supan, Axel; Essig, Lothar"
10.4232/1.1053,Wahlstudie 1980 (Datenpool),"Berger, Manfred; Gibowski, Wolfgang G.; Fuchs, Dieter; Kaase, Max; Klingemann, Hans-Dieter; Roth, Dieter; Schleth, Uwe; Schulte, Wolfgang"
10.4232/1.1124,Das sexuelle Verhalten der Frauen in der Bundesrepublik Deutschland,"Dallenbach-Hellwig, Gisela; Dogs, Wilfried; Graumann, Carl-Friedrich; Weinert, Franz E.; Wildenmann, Rudolf; Gruner + Jahr, Hamburg"
10.4232/1.1231,Führungsschicht in der Bundesrepublik Deutschland (Bevölkerungsbefragung zur Mannheimer Elitestudie 1981),"Kaase, Max; Wildenmann, Rudolf"
10.4232/1.1486,Ansprüche der Bürger an den Staat (1985/86),"Kaase, Max"
10.4232/1.1141,Wohlfahrtssurvey 1978,"Brachtl, Wolfgang; Gransche, Elisabeth; Lang, Sabine; Siara, Christian S.; Volkert, Marieke; Zapf, Wolfgang; ZUMA, Mannheim"
10.4232/1.4888,Vorwahlbefragung zur Nationalratswahl in Österreich 2006: Erwartungsbildung und strategisches Wählen,"Gschwend, Thomas; Meffert, Michael; Pappi, Franz Urban"
10.4232/1.1000,ALLBUS/GGSS 1980 (Allgemeine Bevölkerungsumfrage der Sozialwissenschaften/German General Social Survey 1980),"Lepsius, M. Rainer; Lepsius, M. Rainer; Scheuch, Erwin K.; Scheuch, Erwin K.; Ziegler, Rolf; Ziegler, Rolf; ZUMA, Mannheim; ZUMA, Mannheim"
10.4232/1.1487,Ansprüche der Bürger an den Staat (Integrierte Studie 1985/86 und 1989),"Kaase, Max"
10.4232/1.10106,German General Social Survey - ALLBUS 2000 - CAPI-PAPI,"Allmendinger, Jutta; Allmendinger, Jutta; Andreß, Hans-Jürgen; Andreß, Hans-Jürgen; Bürklin, Wilhelm; Bürklin, Wilhelm; Diekmann, Andreas; Diekmann, Andreas; Feger, Hubert; Feger, Hubert; Huinink, Johannes; Huinink, Johannes; Meulemann, Heiner; Meulemann, Heiner; Müller, Walter; Müller, Walter; Opp, Karl-Dieter; Opp, Karl-Dieter; Scheuch, Erwin K.; Scheuch, Erwin K.; Solga, Heike; Solga, Heike"
10.4232/1.4740,Sparen und Altersvorsorge in Deutschland (SAVE) 2007,"Börsch-Supan, Axel; Coppola, Michela"
10.4232/1.3754,German General Social Survey - ALLBUScompact 1998,"Allerbeck, Klaus; Allerbeck, Klaus; Allmendinger, Jutta; Allmendinger, Jutta; Bürklin, Wilhelm; Bürklin, Wilhelm; Kiefer, Marie Luise; Kiefer, Marie Luise; Müller, Walter; Müller, Walter; Opp, Karl-Dieter; Opp, Karl-Dieter; Scheuch, Erwin K.; Scheuch, Erwin K."
10.4232/1.3753,German General Social Survey - ALLBUS 1998,"Allerbeck, Klaus; Allerbeck, Klaus; Allmendinger, Jutta; Allmendinger, Jutta; Bürklin, Wilhelm; Bürklin, Wilhelm; Kiefer, Marie Luise; Kiefer, Marie Luise; Müller, Walter; Müller, Walter; Opp, Karl-Dieter; Opp, Karl-Dieter; Scheuch, Erwin K.; Scheuch, Erwin K."
10.4232/1.3752,German General Social Survey - ALLBUScompact 1996,"Allerbeck, Klaus; Allerbeck, Klaus; Allmendinger, Jutta; Allmendinger, Jutta; Bürklin, Wilhelm; Bürklin, Wilhelm; Kiefer, Marie Luise; Kiefer, Marie Luise; Müller, Walter; Müller, Walter; Opp, Karl-Dieter; Opp, Karl-Dieter; Scheuch, Erwin K.; Scheuch, Erwin K."
10.4232/1.3751,German General Social Survey - ALLBUS 1996,"Allerbeck, Klaus; Allerbeck, Klaus; Allmendinger, Jutta; Allmendinger, Jutta; Bürklin, Wilhelm; Bürklin, Wilhelm; Kiefer, Marie Luise; Kiefer, Marie Luise; Müller, Walter; Müller, Walter; Opp, Karl-Dieter; Opp, Karl-Dieter; Scheuch, Erwin K.; Scheuch, Erwin K."
10.4232/1.1500,ALLBUS/GGSS 1986 (Allgemeine Bevölkerungsumfrage der Sozialwissenschaften/German General Social Survey 1986),"Mayer, Karl U.; Mayer, Karl U.; Müller, Walter; Müller, Walter; Pappi, Franz U.; Pappi, Franz U.; Scheuch, Erwin K.; Scheuch, Erwin K.; Ziegler, Rolf; Ziegler, Rolf"
10.4232/1.3721,ALLBUScompact/GGSScompact 2000 CAPI (Allgemeine Bevölkerungsumfrage der Sozialwissenschaften/German General Social Survey 2000 CAPI),"Allmendinger, Jutta; Allmendinger, Jutta; Andreß, Hans-Jürgen; Andreß, Hans-Jürgen; Bürklin, Wilhelm; Bürklin, Wilhelm; Diekmann, Andreas; Diekmann, Andreas; Feger, Hubert; Feger, Hubert; Huinink, Johannes; Huinink, Johannes; Meulemann, Heiner; Meulemann, Heiner; Müller, Walter; Müller, Walter; Opp, Karl Dieter; Opp, Karl Dieter; Scheuch, Erwin K.; Scheuch, Erwin K.; Solga, Heike; Solga, Heike"
10.4232/1.11364,ALLBUScompact/GGSScompact 2000 CAPI-PAPI (Allgemeine Bevölkerungsumfrage der Sozialwissenschaften/German General Social Survey 2000 CAPI-PAPI),"Allmendinger, Jutta; Allmendinger, Jutta; Andreß, Hans-Jürgen; Andreß, Hans-Jürgen; Bürklin, Wilhelm; Bürklin, Wilhelm; Diekmann, Andreas; Diekmann, Andreas; Feger, Hubert; Feger, Hubert; Huinink, Johannes; Huinink, Johannes; Meulemann, Heiner; Meulemann, Heiner; Müller, Walter; Müller, Walter; Opp, Karl-Dieter; Opp, Karl-Dieter; Scheuch, Erwin K.; Scheuch, Erwin K.; Solga, Heike; Solga, Heike"
10.4232/1.1142,Wohlfahrtssurvey 1980,"Brachtl, Wolfgang; Habich, Roland; Glatzer, Wolfgang; Lang, Sabine; Müller-Andritzky, Maria; Noll, Heinz-Herbert; Siara, Christian S.; Zapf, Wolfgang; ZUMA, Mannheim"
10.4232/1.11363,ALLBUScompact/GGSScompact 1998 (Allgemeine Bevölkerungsumfrage der Sozialwissenschaften/German General Social Survey 1998),"Allerbeck, Klaus; Allerbeck, Klaus; Allmendinger, Jutta; Allmendinger, Jutta; Bürklin, Wilhelm; Bürklin, Wilhelm; Kiefer, Marie Luise; Kiefer, Marie Luise; Müller, Walter; Müller, Walter; Opp, Karl-Dieter; Opp, Karl-Dieter; Scheuch, Erwin K.; Scheuch, Erwin K."
10.4232/1.1139,Führungsschicht in der Bundesrepublik Deutschland (Mannheimer Elite-Studie 1981),"Kaase, Max; Wildenmann, Rudolf"
10.4232/1.3708,ALLBUScompact/GGSScompact 1984 (Allgemeine Bevölkerungsumfrage der Sozialwissenschaften/German General Social Survey 1984),"Müller, Walter; Müller, Walter; Pappi, Franz Urban; Pappi, Franz Urban; Scheuch, Erwin K.; Scheuch, Erwin K.; Ziegler, Rolf; Ziegler, Rolf; ZUMA, Mannheim; ZUMA, Mannheim"
10.4232/1.11889,ALLBUScompact/GGSScompact 1996 (Allgemeine Bevölkerungsumfrage der Sozialwissenschaften/German General Social Survey 1996),"Allerbeck, Klaus; Allerbeck, Klaus; Allmendinger, Jutta; Allmendinger, Jutta; Bürklin, Wilhelm; Bürklin, Wilhelm; Kiefer, Marie Luise; Kiefer, Marie Luise; Müller, Walter; Müller, Walter; Opp, Karl-Dieter; Opp, Karl-Dieter; Scheuch, Erwin K.; Scheuch, Erwin K."
10.4232/1.1138,Mannheimer Elite-Studie 1968,"Schleth, Ulrich; Wildenmann, Rudolf"
10.4232/1.12835,ALLBUScompact/GGSScompact 1994 (Allgemeine Bevölkerungsumfrage der Sozialwissenschaften/German General Social Survey 1994),"Allerbeck, Klaus; Allerbeck, Klaus; Allmendinger, Jutta; Allmendinger, Jutta; Müller, Walter; Müller, Walter; Opp, Karl-Dieter; Opp, Karl-Dieter; Pappi, Franz Urban; Pappi, Franz Urban; Scheuch, Erwin K.; Scheuch, Erwin K.; Ziegler, Rolf; Ziegler, Rolf"
10.4232/1.11902,ALLBUScompact/GGSScompact 1992 (Allgemeine Bevölkerungsumfrage der Sozialwissenschaften/German General Social Survey 1992),"Allerbeck, Klaus; Allerbeck, Klaus; Allmendinger, Jutta; Allmendinger, Jutta; Müller, Walter; Müller, Walter; Opp, Karl-Dieter; Opp, Karl-Dieter; Pappi, Franz Urban; Pappi, Franz Urban; Scheuch, Erwin K.; Scheuch, Erwin K.; Ziegler, Rolf; Ziegler, Rolf"
10.4232/1.13056,Mannheimer Scheidungsstudie 1996,"Esser, Hartmut; Gostomski, Christian Babka Von; Hartmann, Josef"
10.4232/1.3704,ALLBUScompact/GGSScompact 1980 (Allgemeine Bevölkerungsumfrage der Sozialwissenschaften/German General Social Survey 1980),"Lepsius, M. Rainer; Lepsius, M. Rainer; Scheuch, Erwin K.; Scheuch, Erwin K.; Ziegler, Rolf; Ziegler, Rolf; ZUMA, Mannheim; ZUMA, Mannheim"
10.4232/1.3709,ALLBUScompact/GGSScompact 1986 (Allgemeine Bevölkerungsumfrage der Sozialwissenschaften/German General Social Survey 1986),"Mayer, Karl Ulrich; Mayer, Karl Ulrich; Müller, Walter; Müller, Walter; Pappi, Franz Urban; Pappi, Franz Urban; Scheuch, Erwin K.; Scheuch, Erwin K.; Ziegler, Rolf; Ziegler, Rolf"
10.4232/1.10107,German General Social Survey - ALLBUScompact 2000 - CAPI-PAPI,"Allmendinger, Jutta; Allmendinger, Jutta; Andreß, Hans-Jürgen; Andreß, Hans-Jürgen; Bürklin, Wilhelm; Bürklin, Wilhelm; Diekmann, Andreas; Diekmann, Andreas; Feger, Hubert; Feger, Hubert; Huinink, Johannes; Huinink, Johannes; Meulemann, Heiner; Meulemann, Heiner; Müller, Walter; Müller, Walter; Opp, Karl-Dieter; Opp, Karl-Dieter; Scheuch, Erwin K.; Scheuch, Erwin K.; Solga, Heike; Solga, Heike"
10.4232/1.12051,Supplementary Variables for ALLBUS/GGSS 1980-2012 (Kumulierte Allgemeine Bevölkerungsumfrage der Sozialwissenschaften / Cumulated German General Social Survey 1980-2012),"Allerbeck, Klaus; Allerbeck, Klaus; Allmendinger, Jutta; Allmendinger, Jutta; Andreß, Hans-Jürgen; Andreß, Hans-Jürgen; Bürklin, Wilhelm; Bürklin, Wilhelm; Diekmann, Andreas; Diekmann, Andreas; Feger, Hubert; Feger, Hubert; Fetchenhauer, Detlef; Fetchenhauer, Detlef; Huinink, Johannes; Huinink, Johannes; Kiefer, Marie Luise; Kiefer, Marie Luise; Kühnel, Steffen; Kühnel, Steffen; Lepsius, M. Rainer; Lepsius, M. Rainer; Liebig, Stefan; Liebig, Stefan; Mayer, Karl Ulrich; Mayer, Karl Ulrich; Meulemann, Heiner; Meulemann, Heiner; Müller, Walter; Müller, Walter; Opp, Karl Dieter; Opp, Karl Dieter; Pappi, Franz Urban; Pappi, Franz Urban; Scheuch, Erwin K.; Scheuch, Erwin K.; Schmitt-Beck, Rüdiger; Schmitt-Beck, Rüdiger; Solga, Heike; Solga, Heike; Trappe, Heike; Trappe, Heike; Wagner, Michael; Wagner, Michael; Ziegler, Rolf; Ziegler, Rolf"
10.4232/1.13767,ALLBUS/GGSS (Allgemeine Bevölkerungsumfrage der Sozialwissenschaften/German General Social Survey) - Sensitive Regional Data,"Allerbeck, Klaus; Allerbeck, Klaus; Allmendinger, Jutta; Allmendinger, Jutta; Andreß, Hans-Jürgen; Andreß, Hans-Jürgen; Bürklin, Wilhelm; Bürklin, Wilhelm; Diekmann, Andreas; Diekmann, Andreas; Feger, Hubert; Feger, Hubert; Fetchenhauer, Detlef; Fetchenhauer, Detlef; Huinink, Johannes; Huinink, Johannes; Kiefer, Marie Luise; Kiefer, Marie Luise; Kreuter, Frauke; Kreuter, Frauke; Kühnel, Steffen; Kühnel, Steffen; Kurz, Karin; Kurz, Karin; Lepsius, M. Rainer; Lepsius, M. Rainer; Liebig, Stefan; Liebig, Stefan; Mayer, Karl Ulrich; Mayer, Karl Ulrich; Meulemann, Heiner; Meulemann, Heiner; Müller, Walter; Müller, Walter; Opp, Karl Dieter; Opp, Karl Dieter; Pappi, Franz Urban; Pappi, Franz Urban; Scheuch, Erwin K.; Scheuch, Erwin K.; Schmitt-Beck, Rüdiger; Schmitt-Beck, Rüdiger; Solga, Heike; Solga, Heike; Trappe, Heike; Trappe, Heike; Wagner, Michael; Wagner, Michael; Westle, Bettina; Westle, Bettina; Ziegler, Rolf; Ziegler, Rolf"
10.4232/1.1341,Rechtschreibekenntnisse bei Ausbildungsanfängern (Panel: 1. Welle 1979),"Huber, Wolfgang"
10.4232/1.1340,ALLBUS/GGSS 1984 (Allgemeine Bevölkerungsumfrage der Sozialwissenschaften/German General Social Survey 1984),"Müller, Walter; Müller, Walter; Pappi, Franz U.; Pappi, Franz U.; Scheuch, Erwin K.; Scheuch, Erwin K.; Ziegler, Rolf; Ziegler, Rolf; ZUMA, Mannheim; ZUMA, Mannheim"
10.4232/1.1339,Wohlfahrtssurvey 1984,"Glatzer, Wolfgang; Noll, Heinz-Herbert; Zapf, Wolfgang"
10.4232/1.1335,ALLBUS/GGSS 1980-86 (Kumulierte Allgemeine Bevölkerungsumfrage der Sozialwissenschaften/Cumulated German General Social Survey 1980-86),"Lepsius, M. Rainer; Lepsius, M. Rainer; Mayer, Karl U.; Mayer, Karl U.; Müller, Walter; Müller, Walter; Pappi, Franz U.; Pappi, Franz U.; Scheuch, Erwin K.; Scheuch, Erwin K.; Ziegler, Rolf; Ziegler, Rolf"
10.4232/1.11362,ALLBUS/GGSS 1998 (Allgemeine Bevölkerungsumfrage der Sozialwissenschaften/German General Social Survey 1998),"Allerbeck, Klaus R.; Allerbeck, Klaus R.; Allmendinger, Jutta; Allmendinger, Jutta; Bürklin, Wilhelm; Bürklin, Wilhelm; Kiefer, Marie-Luise; Kiefer, Marie-Luise; Müller, Walter; Müller, Walter; Opp, Karl-Dieter; Opp, Karl-Dieter; Scheuch, Erwin K.; Scheuch, Erwin K."
10.4232/1.2997,Einstellung von Bankkunden zur Selbstbedienung,"Gerke, Wolfgang; Zentrum Für Umfragen, Methoden Und Analysen (ZUMA), Mannheim"
10.7804/cses.module4.2018-05-29,CSES Module 4 Full Release,"Lupu, Noam; Lupu, Noam; Oliveros, Virginia; Oliveros, Virginia; Schiumerini, Luis; Schiumerini, Luis; Pietsch, Juliet; Pietsch, Juliet; McAllister, Ian; McAllister, Ian; Bean, Clive; Bean, Clive; Gibson, Rachel; Gibson, Rachel; Kritzinger, Sylvia; Kritzinger, Sylvia; Müller, Wolfgang C.; Müller, Wolfgang C.; Schönbach, Klaus; Schönbach, Klaus; Meneguello, Rachel; Meneguello, Rachel; Dobreva, Alina; Dobreva, Alina; Fournier, Patrick; Fournier, Patrick; Cutler, Fred; Cutler, Fred; Soroka, Stuart; Soroka, Stuart; Stolle, Dietlind; Stolle, Dietlind; Linek, Lukas; Linek, Lukas; Groenlund, Kimmo; Groenlund, Kimmo; Wass, Hanna; Wass, Hanna; Sauger, Nicolas; Sauger, Nicolas; Wessels, Bernhard; Wessels, Bernhard; Rattinger, Hans; Rattinger, Hans; Roßteutscher, Sigrid; Roßteutscher, Sigrid; Schmitt-Beck, Rüdiger; Schmitt-Beck, Rüdiger; Wolf, Christof; Wolf, Christof; Fieldhouse, Edward; Fieldhouse, Edward; Green, Jane; Green, Jane; Evans, Geoffrey; Evans, Geoffrey; Schmitt, Hermann; Schmitt, Hermann; Van der Eijk, Cees; Van der Eijk, Cees; Mellon, Jonathan; Mellon, Jonathan; Prosser, Christopher; Prosser, Christopher; Chadjipadelis, Theodore; Chadjipadelis, Theodore; Teperoglou, Eftichia; Teperoglou, Eftichia; Andreadis, Ioannis; Andreadis, Ioannis; Pang-kwong, Li; Pang-kwong, Li; Hardarson, Olafur P.; Hardarson, Olafur P.; Onnudottir, Eva H.; Onnudottir, Eva H.; Porisdottir, Hulda; Porisdottir, Hulda; Marsh, Michael; Marsh, Michael; Shamir, Michal; Shamir, Michal; Kedar, Orit; Kedar, Orit; Ikeda, Ken’ichi; Ikeda, Ken’ichi; Yamada, Masahiro; Yamada, Masahiro; Maeda, Yukio; Maeda, Yukio; Mattes, Robert; Mattes, Robert; Mitullah, Winnie; Mitullah, Winnie; Oyuke, Abel; Oyuke, Abel; Ikstens, Janis; Ikstens, Janis; Beltrán, Ulises; Beltrán, Ulises; Aguilar, Rosario; Aguilar, Rosario; Komar, Olivera; Komar, Olivera; Gegaj, Pavle; Gegaj, Pavle; Bešic, Milo; Bešic, Milo; Vowles, Jack; Vowles, Jack; Coffe, Hilde; Coffe, Hilde; Aardal, Bernt; Aardal, Bernt; Cotterell, Gerard; Cotterell, Gerard; Curtin, Jennifer; Curtin, Jennifer; Bergh, Johannes; Bergh, Johannes; Guerrero, Linda Luz; Guerrero, Linda Luz; Sulmont, David; Sulmont, David; Martinez, Vania; Martinez, Vania; Licudine, Vladymir Joseph; Licudine, Vladymir Joseph; Markowski, Radosław; Markowski, Radosław; Cześnik, Mikołaj; Cześnik, Mikołaj; Grzelak, Paweł; Grzelak, Paweł; Kotnarowski, Michal; Kotnarowski, Michal; Magalhaes, Pedro; Magalhaes, Pedro; Costa Lobo, Marina; Costa Lobo, Marina; Tiago Gaspar, Joao; Tiago Gaspar, Joao; Comsa, Mircea; Comsa, Mircea; Fesnic, Florin N.; Fesnic, Florin N.; Gheorghita, Andrei; Gheorghita, Andrei; Badescu, Gabriel; Badescu, Gabriel; Tufis, Claudiu D.; Tufis, Claudiu D.; Stanus, Cristina; Stanus, Cristina; Voicu, Bogdan; Voicu, Bogdan; Postelnicu, Camil; Postelnicu, Camil; Todosijevic, Bojan; Todosijevic, Bojan; Pavlovic, Zoran; Pavlovic, Zoran; Gyarfasova, Olga; Gyarfasova, Olga; Bahna, Miloslav; Bahna, Miloslav; Stebe, Janez; Stebe, Janez; Mattes, Robert; Mattes, Robert; Shulz-Herzenberg, Collette; Shulz-Herzenberg, Collette; Lee, Nam Young; Lee, Nam Young; Kim, Wook; Kim, Wook; Oscarsson, Henrik; Oscarsson, Henrik; Lutz, Georg; Lutz, Georg; Huang, Chi; Huang, Chi; Bureekul, Thawilwadee; Bureekul, Thawilwadee; Albitton, Robert B.; Albitton, Robert B.; Sangmahamad, Ratchawadee; Sangmahamad, Ratchawadee; Carkoglu, Ali; Carkoglu, Ali; Aytac, Selim Erdem; Aytac, Selim Erdem; Howell, Dave A.; Howell, Dave A.; Ilirjani, Altin; Ilirjani, Altin; Donakowski, Darrell; Donakowski, Darrell; Hutchings, Vincent; Hutchings, Vincent"
10.7804/cses.module3.2015-12-15,CSES Module 3 Full Release,"Bean, Clive; Bean, Clive; Gibson, Rachel; Gibson, Rachel; McAllister, Ian; McAllister, Ian; Plasser, Fritz; Plasser, Fritz; Lengauer, Günther; Lengauer, Günther; Kritzinger, Sylvia; Kritzinger, Sylvia; Müller, Wolfgang C.; Müller, Wolfgang C.; Rotman, David; Rotman, David; McAllister, Ian; McAllister, Ian; White, Stephen; White, Stephen; Meneguello, Rachel; Meneguello, Rachel; Young, Clifford; Young, Clifford; Melo de Almeida, Alberto Carlos; Melo de Almeida, Alberto Carlos; Meneguello, Rachel; Meneguello, Rachel; Maia, Marta; Maia, Marta; Gidengil, Elisabeth; Gidengil, Elisabeth; Fournier, Patrick; Fournier, Patrick; Everitt, Joanna; Everitt, Joanna; Nevitte, Neil; Nevitte, Neil; Lagos, Marta; Lagos, Marta; Zakosek, Nenad; Zakosek, Nenad; Cular, Goran; Cular, Goran; Linek, Lukás; Linek, Lukás; Andersen, Jørgen G.; Andersen, Jørgen G.; Stubager, Rune; Stubager, Rune; Møller Hansen, Kasper; Møller Hansen, Kasper; Ehin, Piret; Ehin, Piret; Solvak, Mihkel; Solvak, Mihkel; Paloheimo, Heikki; Paloheimo, Heikki; Karvonen, Lauri; Karvonen, Lauri; Borg, Sami; Borg, Sami; Grönlund, Kimmo; Grönlund, Kimmo; Sauger, Nicolas; Sauger, Nicolas; Weßels, Bernhard; Weßels, Bernhard; Schmitt, Hermann; Schmitt, Hermann; Rattinger, Hans; Rattinger, Hans; Roßteutscher, Sigrid; Roßteutscher, Sigrid; Schmitt-Beck, Rüdiger; Schmitt-Beck, Rüdiger; Andreadis, Ioannis; Andreadis, Ioannis; Chadjipadelis, Theodore; Chadjipadelis, Theodore; Teperoglou, Eftichia; Teperoglou, Eftichia; Pang-kwong, Li; Pang-kwong, Li; Hardarson, Olafur T.; Hardarson, Olafur T.; Önnudóttir, Eva H.; Önnudóttir, Eva H.; Þórðarson, Einar M.; Þórðarson, Einar M.; Marsh, Michael; Marsh, Michael; Sinnott, Richard; Sinnott, Richard; Shamir, Michal; Shamir, Michal; Arian, Asher; Arian, Asher; Ikeda, Ken´ichi; Ikeda, Ken´ichi; Yamada, Masahiro; Yamada, Masahiro; Nishizawa, Yoshitaka; Nishizawa, Yoshitaka; Inamasu, Kazunori; Inamasu, Kazunori; Ikstens, Janis; Ikstens, Janis; Beltrán Ugarte, Ulises; Beltrán Ugarte, Ulises; Aarts, Kees; Aarts, Kees; Kolk, Henk van der; Kolk, Henk van der; Vowles, Jack; Vowles, Jack; Aardal, Bernt; Aardal, Bernt; Sulmont, David; Sulmont, David; Martínez, Vania; Martínez, Vania; Guerrero, Linda L.; Guerrero, Linda L.; Licudine, Vladymir J.; Licudine, Vladymir J.; Markowski, Radoslaw; Markowski, Radoslaw; Grzelak, Pawel; Grzelak, Pawel; Czesnik, Mikolaj; Czesnik, Mikolaj; Kotnarowski, Michal; Kotnarowski, Michal; Barreto, António; Barreto, António; Magalhães, Pedro; Magalhães, Pedro; Costa Lobo, Marina; Costa Lobo, Marina; Comsa, Mircea; Comsa, Mircea; Gheorghita, Andrei; Gheorghita, Andrei; Stanus, Cristina; Stanus, Cristina; Vieru, Coca; Vieru, Coca; Tufis, Claudiu D.; Tufis, Claudiu D.; Voicu, Bogdan; Voicu, Bogdan; Voicu, Ovidiu; Voicu, Ovidiu; Gyarfasova, Olga; Gyarfasova, Olga; Butorova, Zora; Butorova, Zora; Krivy, Vladimír; Krivy, Vladimír; Tos, Niko; Tos, Niko; Malnar, Brina; Malnar, Brina; Kurdija, Slavko; Kurdija, Slavko; Mattes, Robert; Mattes, Robert; Schulz-Herzenberg, Collette; Schulz-Herzenberg, Collette; Lee, Nam Y.; Lee, Nam Y.; Kim, Wook; Kim, Wook; Díez-Nicolás, Juan; Díez-Nicolás, Juan; Jaime-Castillo, Antonio M.; Jaime-Castillo, Antonio M.; Holmberg, Sören; Holmberg, Sören; Oscarsson, Henrik; Oscarsson, Henrik; Lutz, Georg; Lutz, Georg; Huang, Chi; Huang, Chi; Yu, Ching-hsin; Yu, Ching-hsin; Bureekul, Thawilwadee; Bureekul, Thawilwadee; Tangkananurak, Tharada; Tangkananurak, Tharada; Albritton, Robert B.; Albritton, Robert B.; Carkoglu, Ali; Carkoglu, Ali; Kalaycioglu, Ersin; Kalaycioglu, Ersin; Donakowski, Darrell; Donakowski, Darrell"
10.7804/cses.module2.2015-12-15,CSES Module 2 Full Release,"Ilirjani, Altin; Ilirjani, Altin; Bean, Clive; Bean, Clive; Gibson, Rachel K.; Gibson, Rachel K.; McAllister, Ian; McAllister, Ian; Billiet, Jaak; Billiet, Jaak; De Winter, Lieven; De Winter, Lieven; Frognier, Andre-Paul; Frognier, Andre-Paul; Swyngedouw, Marc; Swyngedouw, Marc; de Almeida, Alberto C.; de Almeida, Alberto C.; Meneguello, Rachel; Meneguello, Rachel; Popova, Radosveta; Popova, Radosveta; Blais, André; Blais, André; Everitt, Joanna; Everitt, Joanna; Fournier, Patrick; Fournier, Patrick; Nevitte, Neil; Nevitte, Neil; Gidengil, Elisabeth; Gidengil, Elisabeth; Lagos, Marta; Lagos, Marta; Linek, Lukas; Linek, Lukas; Mansfeldova, Zdenka; Mansfeldova, Zdenka; Seidlova, Adela; Seidlova, Adela; Andersen, Jørgen G.; Andersen, Jørgen G.; Rathlev, Jakob; Rathlev, Jakob; Paloheimo, Heikki; Paloheimo, Heikki; Pehkonen, Juhani; Pehkonen, Juhani; Gschwend, Thomas; Gschwend, Thomas; Schmitt, Hermann; Schmitt, Hermann; Schmitt, Hermann; Schmitt, Hermann; Weßels, Bernhard; Weßels, Bernhard; Rattinger, Hans; Rattinger, Hans; Gabriel, Oscar; Gabriel, Oscar; Curtice, John; Curtice, John; Fisher, Steve; Fisher, Steve; Thomson, Katarina; Thomson, Katarina; Pang-kwong, Li; Pang-kwong, Li; Tóka, Gábor; Tóka, Gábor; Hardarson, Ólafur T.; Hardarson, Ólafur T.; Marsh, Michael; Marsh, Michael; Arian, Asher; Arian, Asher; Shamir, Michal; Shamir, Michal; Schadee, Hans; Schadee, Hans; Segatti, Paolo; Segatti, Paolo; Hirano, Hiroshi; Hirano, Hiroshi; Ikeda, Ken´ichi; Ikeda, Ken´ichi; Kobayashi, Yoshiaki; Kobayashi, Yoshiaki; Kim, Hyung J.; Kim, Hyung J.; Kim, Wook; Kim, Wook; Lee, Nam Y.; Lee, Nam Y.; Isaev, Kusein; Isaev, Kusein; Beltrán Ugarte, Ulises; Beltrán Ugarte, Ulises; Nacif, Benito; Nacif, Benito; Ocampo Alcantar, Rolando; Ocampo Alcantar, Rolando; Pérez, Olivia; Pérez, Olivia; Irwin, Galen A.; Irwin, Galen A.; van Holsteyn, Joop J.M.; van Holsteyn, Joop J.M.; Vowles, Jack; Vowles, Jack; Aardal, Bernt; Aardal, Bernt; Valen, Henry; Valen, Henry; Romero, Catalina; Romero, Catalina; Sulmont, David; Sulmont, David; Guerrero, Linda Luz B.; Guerrero, Linda Luz B.; Licudine, Vladymir J.; Licudine, Vladymir J.; Sandoval, Gerardo; Sandoval, Gerardo; Jasiewicz, Krzysztof; Jasiewicz, Krzysztof; Markowski, Radoslaw; Markowski, Radoslaw; Barreto, Antonio; Barreto, Antonio; Freire, Andre; Freire, Andre; Costa Lobo, Marina; Costa Lobo, Marina; Magalhães, Pedro; Magalhães, Pedro; Barreto, António; Barreto, António; Freire, André; Freire, André; Lobo, Marina C.; Lobo, Marina C.; Magalhães, Pedro; Magalhães, Pedro; Badescu, Gabriel; Badescu, Gabriel; Gheorghita, Andrei; Gheorghita, Andrei; Sum, Paul; Sum, Paul; Colton, Timothy; Colton, Timothy; Hale, Henry; Hale, Henry; Kozyreva, Polina; Kozyreva, Polina; McFaul, Michael; McFaul, Michael; Stebe, Janez; Stebe, Janez; Tos, Niko; Tos, Niko; Díez Nicolás, Juan; Díez Nicolás, Juan; Holmberg, Sören; Holmberg, Sören; Oscarsson, Henrik; Oscarsson, Henrik; Selb, Peter; Selb, Peter; Huang, Chi; Huang, Chi; Huang, Chi; Huang, Chi; Hawang, Shiow-Duan; Hawang, Shiow-Duan; American National Election Studies (ANES); American National Election Studies (ANES); Center for Political Studies, Institute for Social Research, University of Michigan, United States; Center for Political Studies, Institute for Social Research, University of Michigan, United States; Burns, Nancy; Burns, Nancy; Dalton, Russell; Dalton, Russell; Kinder, Donald R.; Kinder, Donald R.; Shively, W. Phillips; Shively, W. Phillips"
10.7804/cses.module1.2015-12-15,CSES Module 1 Full Release,"Rotman, David; Rotman, David; McAllister, Ian; McAllister, Ian; Levitskaya, Irina; Levitskaya, Irina; Veremeeva, Natalia; Veremeeva, Natalia; Billiet, Jaak; Billiet, Jaak; Frognier, André-Paul; Frognier, André-Paul; Blais, André; Blais, André; Gidengil, Elisabeth; Gidengil, Elisabeth; Nevitte, Neil; Nevitte, Neil; Nadeau, Richard; Nadeau, Richard; Lagos, Marta; Lagos, Marta; Tóka, Gábor; Tóka, Gábor; Andersen, Jørgen G.; Andersen, Jørgen G.; Schmitt, Hermann; Schmitt, Hermann; Weßels, Bernhard; Weßels, Bernhard; Curtice, John; Curtice, John; Heath, Anthony; Heath, Anthony; Norris, Pippa; Norris, Pippa; Jowell, Roger; Jowell, Roger; Pang-kwong, Li; Pang-kwong, Li; Tóka, Gábor; Tóka, Gábor; Hardarson, Ólafur T.; Hardarson, Ólafur T.; Arian, Asher; Arian, Asher; Shamir, Michal; Shamir, Michal; Nishizawa, Yoshitaka; Nishizawa, Yoshitaka; Lee, Nam-Young; Lee, Nam-Young; Alisauskiene, Rasa; Alisauskiene, Rasa; Liubsiene, Elena; Liubsiene, Elena; Beltrán, Ulises; Beltrán, Ulises; Nacif Hernández, Benito; Nacif Hernández, Benito; Aimer, Peter; Aimer, Peter; Aarts, Kees; Aarts, Kees; Karp, Jeffrey A.; Karp, Jeffrey A.; Banducci, Susan; Banducci, Susan; Vowles, Jack; Vowles, Jack; Aardal, Bernt; Aardal, Bernt; Valen, Henry; Valen, Henry; Romero, Catalina; Romero, Catalina; Jasiewicz, Krzysztof; Jasiewicz, Krzysztof; Markowski, Radoslaw; Markowski, Radoslaw; Barreto, Antonio; Barreto, Antonio; Freire, Andre; Freire, Andre; Badescu, Gabriel; Badescu, Gabriel; Sum, Paul; Sum, Paul; Colton, Timothy; Colton, Timothy; Kozyreva, Polina; Kozyreva, Polina; Stebe, Janez; Stebe, Janez; Tos, Niko; Tos, Niko; Díez Nicolás, Juan; Díez Nicolás, Juan; Holmberg, Sören; Holmberg, Sören; Hardmeier, Sibylle; Hardmeier, Sibylle; Selb, Peter; Selb, Peter; Chu, Yun-Han; Chu, Yun-Han; Albritton, Robert B.; Albritton, Robert B.; Bureekul, Thawilwadee; Bureekul, Thawilwadee; American National Election Studies (ANES), Center for Political Studies, Institute for Social Research, University of Michigan, Ann Arbor, United States; American National Election Studies (ANES), Center for Political Studies, Institute for Social Research, University of Michigan, Ann Arbor, United States; Balakireva, Olga; Balakireva, Olga; Sapiro, Virginia; Sapiro, Virginia; Shively, W. Phillips; Shively, W. Phillips"
10.4232/1.11888,ALLBUS/GGSS 1996 (Allgemeine Bevölkerungsumfrage der Sozialwissenschaften/German General Social Survey 1996),"Allerbeck, Klaus R.; Allerbeck, Klaus R.; Allmendinger, Jutta; Allmendinger, Jutta; Bürklin, Wilhelm; Bürklin, Wilhelm; Kiefer, Marie-Luise; Kiefer, Marie-Luise; Müller, Walter; Müller, Walter; Opp, Karl-Dieter; Opp, Karl-Dieter; Scheuch, Erwin K.; Scheuch, Erwin K."
10.4232/1.3911,"The European Voter Database. Continuity Files of National Election studies in Denmark, Germany, Great Britain, the Netherlands, Norway and Sweden","Andersen, Johannes; Andersen, Johannes; Andersen, Jörgen Goul; Andersen, Jörgen Goul; Klingemann, Hans-Dieter; Klingemann, Hans-Dieter; Schmitt, Hermann; Schmitt, Hermann; Wessels, Bernhard; Wessels, Bernhard; Binder, Tanja; Binder, Tanja; Curtice, John; Curtice, John; Thomassen, Jacques; Thomassen, Jacques; Aarts, Kees; Aarts, Kees; Eijk, Cees van der; Eijk, Cees van der; Wijnen, Pieter van; Wijnen, Pieter van; Aardal, Bernt; Aardal, Bernt; Knutsen, Oddbjörn; Knutsen, Oddbjörn; Listhaug, Ola; Listhaug, Ola; Berglund, Frode; Berglund, Frode; Holmberg, Sören; Holmberg, Sören; Oscarsson, Henrik; Oscarsson, Henrik; Oskarson, Maria; Oskarson, Maria; Kumlin, Staffan; Kumlin, Staffan"
10.4232/1.2661,Parteipräferenz: Trenddaten 1953-1992,"Kohler, Ulrich; Esser, Hartmut"
10.4232/1.2657,Vergleichende Wahlstudie 1990: Policy-Optionen zur deutschen Einheit,"Kaase, Max; Klingemann, Hans-Dieter; Küchler, Manfred; Pappi, Franz U."
10.4232/1.2656,Vergleichende Wahlstudie 1990: Medienberichterstattung,"Kaase, Max; Klingemann, Hans-Dieter; Küchler, Manfred; Pappi, Franz U."
10.4232/1.1403,International Workbook: Political Participation (Germany),"Asher, Herbert B.; Asher, Herbert B.; Berger, Manfred; Berger, Manfred; Gibowski, Wolfgang G.; Gibowski, Wolfgang G.; Kaase, Max; Kaase, Max; Richardson, Bradley M.; Richardson, Bradley M.; Roth, Dieter; Roth, Dieter; Schleth, Uwe; Schleth, Uwe; Weisberg, Herbert F.; Weisberg, Herbert F.; Wildenmann, Rudolf; Wildenmann, Rudolf"
10.4232/1.3451,ALLBUS/GGSS 2000 CAPI (Allgemeine Bevölkerungsumfrage der Sozialwissenschaften/German General Social Survey 2000 CAPI),"Allmendinger, Jutta; Allmendinger, Jutta; Andreß, Hans-Jürgen; Andreß, Hans-Jürgen; Bürklin, Wilhelm; Bürklin, Wilhelm; Diekmann, Andreas; Diekmann, Andreas; Feger, Hubert; Feger, Hubert; Huinink, Johannes; Huinink, Johannes; Meulemann, Heiner; Meulemann, Heiner; Müller, Walter; Müller, Walter; Opp, Karl-Dieter; Opp, Karl-Dieter; Scheuch, Erwin K.; Scheuch, Erwin K.; Solga, Heike; Solga, Heike"
10.4232/1.11365,ALLBUS/GGSS 2000 CAPI-PAPI (Allgemeine Bevölkerungsumfrage der Sozialwissenschaften/German General Social Survey 2000 CAPI-PAPI),"Allmendinger, Jutta; Allmendinger, Jutta; Andreß, Hans-Jürgen; Andreß, Hans-Jürgen; Bürklin, Wilhelm; Bürklin, Wilhelm; Diekmann, Andreas; Diekmann, Andreas; Feger, Hubert; Feger, Hubert; Huinink, Johannes; Huinink, Johannes; Meulemann, Heiner; Meulemann, Heiner; Müller, Walter; Müller, Walter; Opp, Karl-Dieter; Opp, Karl-Dieter; Scheuch, Erwin K.; Scheuch, Erwin K.; Solga, Heike; Solga, Heike"
10.4232/1.12414,"Election Study 1972 (Panel: Preliminary Investigations, September - October 1972, October - November 1972; Follow-Up Survey, December 1972)","Berger, Manfred; Berger, Manfred; Wildenmann, Rudolf; Wildenmann, Rudolf; Schleth, Uwe; Schleth, Uwe; Kaase, Max; Kaase, Max; Gibowski, Wolfgang G.; Gibowski, Wolfgang G.; Roth, Dieter; Roth, Dieter"
10.4232/1.1670,ALLBUS/GGSS 1988 (Allgemeine Bevölkerungsumfrage der Sozialwissenschaften/German General Social Survey 1988),"Mayer, Karl U.; Mayer, Karl U.; Müller, Walter; Müller, Walter; Pappi, Franz U.; Pappi, Franz U.; Scheuch, Erwin K.; Scheuch, Erwin K.; Ziegler, Rolf; Ziegler, Rolf"
10.4232/1.11460,Nachwahlstudie zur Bundestagswahl 1994,"Berger, Manfred; Jung, Matthias; Roth, Dieter; Gibowski, Wolfgang G.; Kaase, Max; Klingemann, Hans-Dieter; Küchler, Manfred; Pappi, Franz U.; Semetko, Holli A.; ZUMA, Mannheim"
10.4232/1.2600,Vorwahlstudie zur Bundestagswahl 1994: Politik- und Partei-Präferenz,"Pappi, Franz U.; Berger, Manfred; Jung, Matthias; Roth, Dieter; Gibowski, Wolfgang G.; Kaase, Max; Klingemann, Hans-Dieter; Küchler, Manfred; Semetko, Holli A."
10.4232/1.2599,Vorwahlstudie 1994 (Trenduntersuchungen),"Berger, Manfred; Jung, Matthias; Roth, Dieter; Gibowski, Wolfgang G.; Kaase, Max; Klingemann, Hans-Dieter; Küchler, Manfred; Pappi, Franz U.; Semetko, Holli A."
10.4232/1.4289,Das Image der Stadt Mannheim aus der Sicht ihrer Einwohner 2001,"Otte, Gunnar; Otte, Gunnar"
10.4232/1.4288,"Die Lebensführung in sozialen Netzwerken, Mannheim 2000","Otte, Gunnar; Otte, Gunnar"
10.4232/1.4287,Lebensstile in Mannheim 1999,"Otte, Gunnar; Otte, Gunnar"
10.4232/1.1024,"Krankenhausstruktur, Streß und Verhalten gegenüber Patienten im Krankenhaus (Aggregatdaten über die Stationen)","Bartholomeyczik, Eike; Bartholomeyczik, Sabine; Beckmann, M.; Bernhard, W."
10.4232/1.1023,"Krankenhausstruktur, Streß und Verhalten gegenüber Patienten im Krankenhaus (Personalbefragung)","Bartholomeyczik, Eike; Bartholomeyczik, Sabine; Beckmann, M.; Bernhard, W."
10.4232/1.11323,"European Parliament Election Study 2009, Candidate Study - Reduced Version","Weßels, Bernhard; Weßels, Bernhard; Giebler, Heiko; Giebler, Heiko; Schmitt, Hermann; Schmitt, Hermann; Wüst, Andreas; Wüst, Andreas; Kritzinger, Silvia; Kritzinger, Silvia; de Winter, Lieven; de Winter, Lieven; Cholova, Blagovesta; Cholova, Blagovesta; Papageorgiou, Bambos; Papageorgiou, Bambos; Linek, Lukáš; Linek, Lukáš; Klemmensen, Robert; Klemmensen, Robert; Ehin, Piret; Ehin, Piret; Mattila, Mikko; Mattila, Mikko; Raunio, Tapio; Raunio, Tapio; Rozenberg, Olivier; Rozenberg, Olivier; Chadjipandelis, Theodore; Chadjipandelis, Theodore; Teperoglou, Eftichia; Teperoglou, Eftichia; Enyedi, Zsolt; Enyedi, Zsolt; Marsh, Michael; Marsh, Michael; Sudulich, Maria Laura; Sudulich, Maria Laura; Andretta, Massimiliano; Andretta, Massimiliano; Bardi, Luciano; Bardi, Luciano; Ikstens, Janis; Ikstens, Janis; Krupavicius, Algis; Krupavicius, Algis; Dumont, Patrick; Dumont, Patrick; Spreitzer, Astrid; Spreitzer, Astrid; Fenech, Dominic; Fenech, Dominic; Rosema, Martin; Rosema, Martin; Czesnik, Mikolaj; Czesnik, Mikolaj; Freire, André; Freire, André; Popescu, Marina; Popescu, Marina; Gyarfasova, Olga; Gyarfasova, Olga; Toplak, Cirila; Toplak, Cirila; Molina, Ignacio; Molina, Ignacio; Sanz Cazorla, Alberto; Sanz Cazorla, Alberto; Haglund, Louise; Haglund, Louise; Holmberg, Sören; Holmberg, Sören; Saalfeld, Thomas; Saalfeld, Thomas"
10.4232/1.1022,"Krankenhausstruktur, Streß und Verhalten gegenüber Patienten im Krankenhaus (Patientenbefragung)","Bartholomeyczik, Eike; Bartholomeyczik, Sabine; Beckmann, M.; Bernhard, W."
10.4232/1.0870,Politik im Saarland (April 1975),"Kaase, Max"
10.4232/1.4521,Sparen und Altersvorsorge in Deutschland (SAVE) 2006,"Börsch-Supan, Axel; Schunk, Daniel"
10.4232/1.11459,Election Study 1987 (Panel Study),"Berger, Manfred; Berger, Manfred; Gibowski, Wolfgang G.; Gibowski, Wolfgang G.; Kaase, Max; Kaase, Max; Klingemann, Hans-Dieter; Klingemann, Hans-Dieter; Küchler, Manfred; Küchler, Manfred; Pappi, Franz U.; Pappi, Franz U.; Roth, Dieter; Roth, Dieter; Schulte, Wolfgang; Schulte, Wolfgang"
10.4232/1.1224,ZUMABUS 3 (1979),"Wildenmann, Rudolf; Wildenmann, Rudolf; Weill, S.; Weill, S.; ZUMA, Mannheim; ZUMA, Mannheim"
10.4232/1.0667,Zur Problematik der Hausaufgaben,"Eigler, Gunther; Krumm, Volker"
10.4232/1.2521,"Vergleichende Wahlstudie 1990 (Ehepartner, 2. Welle)","Kaase, Max"
10.4232/1.2522,Vergleichende Wahlstudie 1990 (Politische Gesprächspartner),"Kaase, Max"
10.4232/1.2520,"Vergleichende Wahlstudie 1990 (Ehepartner, 1. Welle)","Kaase, Max"
10.4232/1.1601,General Population Survey of the Social Sciences ALLBUS 1984 (Test-Retest Study),"Müller, Walter; Müller, Walter; Pappi, Franz U.; Pappi, Franz U.; Scheuch, Erwin K.; Scheuch, Erwin K.; Ziegler, Rolf; Ziegler, Rolf; ZUMA, Mannheim; ZUMA, Mannheim"
10.4232/1.2518,"Vergleichende Wahlstudie 1990 (Hauptbefragte, 2. Welle)","Kaase, Max"
10.4232/1.11002,ALLBUS/GGSS 1980 (Allgemeine Bevölkerungsumfrage der Sozialwissenschaften/German General Social Survey 1980) - Methods Study,"Lepsius, M. Rainer; Lepsius, M. Rainer; Scheuch, Erwin K.; Scheuch, Erwin K.; Ziegler, Rolf; Ziegler, Rolf; ZUMA; ZUMA"
10.4232/1.2519,"Vergleichende Wahlstudie 1990 (Hauptbefragte, 3. Welle)","Kaase, Max"
10.4232/1.1598,European Political Parties' Middle-Level Elites,"Niedermayer, Oskar; Niedermayer, Oskar; Schmitt, Hermann; Schmitt, Hermann"
10.4232/1.2559,Wahlstudie 1994: Politbarometer Ost 1994 (Trenduntersuchungen),"Berger, Manfred; Jung, Matthias; Roth, Dieter; Gibowski, Wolfgang G.; Kaase, Max; Klingemann, Hans-Dieter; Küchler, Manfred; Pappi, Franz U.; Semetko, Holli A."
10.4232/1.3707,ALLBUScompact/GGSScompact 1980-86 (Kumulierte Allgemeine Bevölkerungsumfrage der Sozialwissenschaften/Cumulated German General Social Survey 1980-86),"Lepsius, M. Rainer; Lepsius, M. Rainer; Mayer, Karl Ulrich; Mayer, Karl Ulrich; Müller, Walter; Müller, Walter; Pappi, Franz Urban; Pappi, Franz Urban; Scheuch, Erwin K.; Scheuch, Erwin K.; Ziegler, Rolf; Ziegler, Rolf"
10.4232/1.1223,Politik in Baden-Württemberg (1980),"Wildenmann, Rudolf; Wildenmann, Rudolf"
10.4232/1.10423,Sparen und Altersvorsorge in Deutschland (SAVE) 2010,"Börsch-Supan, Axel; Coppola, Michela; Ziegelmeyer, Michael"
10.4232/1.2752,Parteipräferenzen 1995: Einstellungen und Parteiwahrnehmungen zu politischen Issues,"Pappi, Franz U."
10.4232/1.2546,Election Study 1994: Politbarometer West 1994 (Trend Investigations),"Berger, Manfred; Berger, Manfred; Jung, Matthias; Jung, Matthias; Roth, Dieter; Roth, Dieter; Gibowski, Wolfgang G.; Gibowski, Wolfgang G.; Kaase, Max; Kaase, Max; Klingemann, Hans-Dieter; Klingemann, Hans-Dieter; Küchler, Manfred; Küchler, Manfred; Pappi, Franz U.; Pappi, Franz U.; Semetko, Holli A.; Semetko, Holli A."
10.4232/1.14299,German General Social Survey ALLBUScompact - Cumulation 1980-2021,"Allerbeck, Klaus; Allerbeck, Klaus; Allmendinger, Jutta; Allmendinger, Jutta; Andreß, Hans-Jürgen; Andreß, Hans-Jürgen; Auspurg, Katrin; Auspurg, Katrin; Bauernschuster, Stefan; Bauernschuster, Stefan; Bühler, Christoph; Bühler, Christoph; Bürklin, Wilhelm; Bürklin, Wilhelm; Diekmann, Andreas; Diekmann, Andreas; Feger, Hubert; Feger, Hubert; Fetchenhauer, Detlef; Fetchenhauer, Detlef; Hadjar, Andreas; Hadjar, Andreas; Steffen Hillmert; Steffen Hillmert; Huinink, Johannes; Huinink, Johannes; Kiefer, Marie Luise; Kiefer, Marie Luise; Kreuter, Frauke; Kreuter, Frauke; Kühnel, Steffen; Kühnel, Steffen; Kurz, Karin; Kurz, Karin; Lepsius, M. Rainer; Lepsius, M. Rainer; Liebig, Stefan; Liebig, Stefan; Mayer, Karl Ulrich; Mayer, Karl Ulrich; Meulemann, Heiner; Meulemann, Heiner; Müller, Walter; Müller, Walter; Opp, Karl Dieter; Opp, Karl Dieter; Pappi, Franz Urban; Pappi, Franz Urban; Rosar, Ulrich; Rosar, Ulrich; Scheuch, Erwin K.; Scheuch, Erwin K.; Schmitt-Beck, Rüdiger; Schmitt-Beck, Rüdiger; Solga, Heike; Solga, Heike; Trappe, Heike; Trappe, Heike; Wagner, Michael; Wagner, Michael; Wagner, Ulrich; Wagner, Ulrich; Westle, Bettina; Westle, Bettina; Ziegler, Rolf; Ziegler, Rolf"
10.4232/1.14333,German General Social Survey ALLBUS - Cumulation 1980-2021,"Allerbeck, Klaus; Allerbeck, Klaus; Allmendinger, Jutta; Allmendinger, Jutta; Andreß, Hans-Jürgen; Andreß, Hans-Jürgen; Auspurg, Katrin; Auspurg, Katrin; Bauernschuster, Stefan; Bauernschuster, Stefan; Bühler, Christoph; Bühler, Christoph; Bürklin, Wilhelm; Bürklin, Wilhelm; Diekmann, Andreas; Diekmann, Andreas; Feger, Hubert; Feger, Hubert; Fetchenhauer, Detlef; Fetchenhauer, Detlef; Hadjar, Andreas; Hadjar, Andreas; Steffen Hillmert; Steffen Hillmert; Huinink, Johannes; Huinink, Johannes; Kiefer, Marie Luise; Kiefer, Marie Luise; Kreuter, Frauke; Kreuter, Frauke; Kühnel, Steffen; Kühnel, Steffen; Kurz, Karin; Kurz, Karin; Lepsius, M. Rainer; Lepsius, M. Rainer; Liebig, Stefan; Liebig, Stefan; Mayer, Karl Ulrich; Mayer, Karl Ulrich; Meulemann, Heiner; Meulemann, Heiner; Müller, Walter; Müller, Walter; Opp, Karl Dieter; Opp, Karl Dieter; Pappi, Franz Urban; Pappi, Franz Urban; Rosar, Ulrich; Rosar, Ulrich; Scheuch, Erwin K.; Scheuch, Erwin K.; Schmitt-Beck, Rüdiger; Schmitt-Beck, Rüdiger; Solga, Heike; Solga, Heike; Trappe, Heike; Trappe, Heike; Wagner, Michael; Wagner, Michael; Wagner, Ulrich; Wagner, Ulrich; Westle, Bettina; Westle, Bettina; Ziegler, Rolf; Ziegler, Rolf"
10.4232/1.4225,Deutsche Kandidatenumfrage zur Bundestagswahl 2002 (Deutsche Kandidatenstudie 2002),"Schmitt, Hermann; Wüst, Andreas M.; Semetko, Holli A.; Karp, Jeffrey"
10.4232/1.0963,Politische Indikatoren (Panel 1974-1976),"Muller, Edward N.; Wildenmann, Rudolf"
10.4232/1.13774,German General Social Survey (ALLBUS) - Cumulation 1980-2018,"Allerbeck, Klaus; Allerbeck, Klaus; Allmendinger, Jutta; Allmendinger, Jutta; Andreß, Hans-Jürgen; Andreß, Hans-Jürgen; Bauernschuster, Stefan; Bauernschuster, Stefan; Bürklin, Wilhelm; Bürklin, Wilhelm; Diekmann, Andreas; Diekmann, Andreas; Feger, Hubert; Feger, Hubert; Fetchenhauer, Detlef; Fetchenhauer, Detlef; Hadjar, Andreas; Hadjar, Andreas; Huinink, Johannes; Huinink, Johannes; Kiefer, Marie Luise; Kiefer, Marie Luise; Kreuter, Frauke; Kreuter, Frauke; Kühnel, Steffen; Kühnel, Steffen; Kurz, Karin; Kurz, Karin; Lepsius, M. Rainer; Lepsius, M. Rainer; Liebig, Stefan; Liebig, Stefan; Mayer, Karl Ulrich; Mayer, Karl Ulrich; Meulemann, Heiner; Meulemann, Heiner; Müller, Walter; Müller, Walter; Opp, Karl Dieter; Opp, Karl Dieter; Pappi, Franz Urban; Pappi, Franz Urban; Rosar, Ulrich; Rosar, Ulrich; Scheuch, Erwin K.; Scheuch, Erwin K.; Schmitt-Beck, Rüdiger; Schmitt-Beck, Rüdiger; Solga, Heike; Solga, Heike; Trappe, Heike; Trappe, Heike; Wagner, Michael; Wagner, Michael; Wagner, Ulrich; Wagner, Ulrich; Westle, Bettina; Westle, Bettina; Ziegler, Rolf; Ziegler, Rolf"
10.4232/1.4217,Deutsche CSES-Studie zur Bundestagswahlstudie 2002 - “Drop off”-Befragung und telefonische Nachwahlbefragung,"Weßels, Bernhard; Rattinger, Hans; Schmitt, Hermann; Falter, Jürgen W.; Gabriel, Oscar W.; Faas, Thorsten"
10.4232/1.13749,ALLBUScompact/GGSScompact 1980-2018 (Kumulierte Allgemeine Bevölkerungsumfrage der Sozialwissenschaften/Cumulated German General Social Survey 1980-2018),"Allerbeck, Klaus; Allerbeck, Klaus; Allmendinger, Jutta; Allmendinger, Jutta; Andreß, Hans-Jürgen; Andreß, Hans-Jürgen; Bauernschuster, Stefan; Bauernschuster, Stefan; Bürklin, Wilhelm; Bürklin, Wilhelm; Diekmann, Andreas; Diekmann, Andreas; Feger, Hubert; Feger, Hubert; Fetchenhauer, Detlef; Fetchenhauer, Detlef; Hadjar, Andreas; Hadjar, Andreas; Huinink, Johannes; Huinink, Johannes; Kiefer, Marie Luise; Kiefer, Marie Luise; Kreuter, Frauke; Kreuter, Frauke; Kühnel, Steffen; Kühnel, Steffen; Kurz, Karin; Kurz, Karin; Lepsius, M. Rainer; Lepsius, M. Rainer; Liebig, Stefan; Liebig, Stefan; Mayer, Karl Ulrich; Mayer, Karl Ulrich; Meulemann, Heiner; Meulemann, Heiner; Müller, Walter; Müller, Walter; Opp, Karl Dieter; Opp, Karl Dieter; Pappi, Franz Urban; Pappi, Franz Urban; Rosar, Ulrich; Rosar, Ulrich; Scheuch, Erwin K.; Scheuch, Erwin K.; Schmitt-Beck, Rüdiger; Schmitt-Beck, Rüdiger; Solga, Heike; Solga, Heike; Trappe, Heike; Trappe, Heike; Wagner, Michael; Wagner, Michael; Wagner, Ulrich; Wagner, Ulrich; Westle, Bettina; Westle, Bettina; Ziegler, Rolf; Ziegler, Rolf"
10.4232/1.4216,Deutsche CSES-Studie zur Bundestagswahlstudie 2002 - Telefonische Nachwahlstudie,"Weßels, Bernhard; Schmitt, Hermann"
10.4232/1.13748,ALLBUS/GGSS 1980-2018 (Kumulierte Allgemeine Bevölkerungsumfrage der Sozialwissenschaften/Cumulated German General Social Survey 1980-2018),"Allerbeck, Klaus; Allerbeck, Klaus; Allmendinger, Jutta; Allmendinger, Jutta; Andreß, Hans-Jürgen; Andreß, Hans-Jürgen; Bauernschuster, Stefan; Bauernschuster, Stefan; Bürklin, Wilhelm; Bürklin, Wilhelm; Diekmann, Andreas; Diekmann, Andreas; Feger, Hubert; Feger, Hubert; Fetchenhauer, Detlef; Fetchenhauer, Detlef; Hadjar, Andreas; Hadjar, Andreas; Huinink, Johannes; Huinink, Johannes; Kiefer, Marie Luise; Kiefer, Marie Luise; Kreuter, Frauke; Kreuter, Frauke; Kühnel, Steffen; Kühnel, Steffen; Kurz, Karin; Kurz, Karin; Lepsius, M. Rainer; Lepsius, M. Rainer; Liebig, Stefan; Liebig, Stefan; Mayer, Karl Ulrich; Mayer, Karl Ulrich; Meulemann, Heiner; Meulemann, Heiner; Müller, Walter; Müller, Walter; Opp, Karl Dieter; Opp, Karl Dieter; Pappi, Franz Urban; Pappi, Franz Urban; Rosar, Ulrich; Rosar, Ulrich; Scheuch, Erwin K.; Scheuch, Erwin K.; Schmitt-Beck, Rüdiger; Schmitt-Beck, Rüdiger; Solga, Heike; Solga, Heike; Trappe, Heike; Trappe, Heike; Wagner, Michael; Wagner, Michael; Wagner, Ulrich; Wagner, Ulrich; Westle, Bettina; Westle, Bettina; Ziegler, Rolf; Ziegler, Rolf"
10.4232/1.11703,Immigrant children and youths in the German and Israeli educational systems (third transition),"Adler, Irit; Adler, Irit; Bolotin-Chachashvili, Svetlana; Bolotin-Chachashvili, Svetlana; Hämmerling, Aline; Hämmerling, Aline; Jacob, Konstanze; Jacob, Konstanze; Jahn, Judith; Jahn, Judith; Kalter, Frank; Kalter, Frank; Kogan, Irena; Kogan, Irena; Kristen, Cornelia; Kristen, Cornelia; Levin-Epstein, Noah; Levin-Epstein, Noah; Roth, Tobias; Roth, Tobias; Salikutluk, Zerrin; Salikutluk, Zerrin; Shavit, Yossi; Shavit, Yossi; Steinmetz, Stephanie; Steinmetz, Stephanie"
10.4232/1.11702,Immigrant children and youths in the German and Israeli educational systems (second transition),"Adler, Irit; Adler, Irit; Bolotin-Chachashvili, Svetlana; Bolotin-Chachashvili, Svetlana; Hämmerling, Aline; Hämmerling, Aline; Jacob, Konstanze; Jacob, Konstanze; Jahn, Judith; Jahn, Judith; Kalter, Frank; Kalter, Frank; Kogan, Irena; Kogan, Irena; Kristen, Cornelia; Kristen, Cornelia; Levin-Epstein, Noah; Levin-Epstein, Noah; Roth, Tobias; Roth, Tobias; Salikutluk, Zerrin; Salikutluk, Zerrin; Shavit, Yossi; Shavit, Yossi; Steinmetz, Stephanie; Steinmetz, Stephanie"
10.4232/1.11774,ALLBUS/GGSS 2012 (Allgemeine Bevölkerungsumfrage der Sozialwissenschaften/German General Social Survey 2012): Supplementary Data Set Occupational Classifications,"Diekmann, Andreas; Diekmann, Andreas; Fetchenhauer, Detlef; Fetchenhauer, Detlef; Kühnel, Steffen; Kühnel, Steffen; Liebig, Stefan; Liebig, Stefan; Schmitt-Beck, Rüdiger; Schmitt-Beck, Rüdiger; Trappe, Heike; Trappe, Heike; Wagner, Michael; Wagner, Michael"
10.4232/1.13419,German General Social Survey - ALLBUScompact 2012,"Diekmann, Andreas; Diekmann, Andreas; Fetchenhauer, Detlef; Fetchenhauer, Detlef; Kühnel, Steffen; Kühnel, Steffen; Liebig, Stefan; Liebig, Stefan; Schmitt-Beck, Rüdiger; Schmitt-Beck, Rüdiger; Trappe, Heike; Trappe, Heike; Wagner, Michael; Wagner, Michael"
10.4232/1.11457,Politics in the Federal Republic (August 1969),"Kaase, Max; Kaase, Max; Schleth, Uwe; Schleth, Uwe; Wildenmann, Rudolf; Wildenmann, Rudolf"
10.4232/1.13418,German General Social Survey - ALLBUS 2012,"Diekmann, Andreas; Diekmann, Andreas; Fetchenhauer, Detlef; Fetchenhauer, Detlef; Kühnel, Steffen; Kühnel, Steffen; Liebig, Stefan; Liebig, Stefan; Schmitt-Beck, Rüdiger; Schmitt-Beck, Rüdiger; Trappe, Heike; Trappe, Heike; Wagner, Michael; Wagner, Michael"
10.4232/1.0524,Politik in der Bundesrepublik (November 1967),"Kaase, Max; Schleth, Uwe; Wildenmann, R."
10.4232/1.11607,Election Study 1990 (Panel),"Forschungsgruppe Wahlen, Mannheim; Forschungsgruppe Wahlen, Mannheim; Kaase, Max; Kaase, Max; Klingemann, Hans-Dieter; Klingemann, Hans-Dieter; Küchler, Manfred; Küchler, Manfred; Pappi, Franz U.; Pappi, Franz U.; Semetko, Holli A.; Semetko, Holli A."
10.4232/1.11754,ALLBUScompact/GGSScompact 2012 (Allgemeine Bevölkerungsumfrage der Sozialwissenschaften/German General Social Survey 2012),"Diekmann, Andreas; Diekmann, Andreas; Fetchenhauer, Detlef; Fetchenhauer, Detlef; Kühnel, Steffen; Kühnel, Steffen; Liebig, Stefan; Liebig, Stefan; Schmitt-Beck, Rüdiger; Schmitt-Beck, Rüdiger; Trappe, Heike; Trappe, Heike; Wagner, Michael; Wagner, Michael"
10.4232/1.0523,"Politik und Demokratie in der Bundesrepublik (Studenten, Juni 1968)","Wildenmann, Rudolf; Kaase, Max"
10.4232/1.11753,ALLBUS/GGSS 2012 (Allgemeine Bevölkerungsumfrage der Sozialwissenschaften/German General Social Survey 2012),"Diekmann, Andreas; Diekmann, Andreas; Fetchenhauer, Detlef; Fetchenhauer, Detlef; Kühnel, Steffen; Kühnel, Steffen; Liebig, Stefan; Liebig, Stefan; Schmitt-Beck, Rüdiger; Schmitt-Beck, Rüdiger; Trappe, Heike; Trappe, Heike; Wagner, Michael; Wagner, Michael"
10.4232/1.0522,"Politik und Demokratie in der Bundesrepublik (Jugendliche, 1968)","Wildenmann, Rudolf; Kaase, Max"
10.4232/1.11783,German General Social Survey - ALLBUScompact 2010,"Diekmann, Andreas; Diekmann, Andreas; Fetchenhauer, Detlef; Fetchenhauer, Detlef; Kühnel, Steffen; Kühnel, Steffen; Liebig, Stefan; Liebig, Stefan; Schmitt-Beck, Rüdiger; Schmitt-Beck, Rüdiger; Trappe, Heike; Trappe, Heike; Wagner, Michael; Wagner, Michael"
10.4232/1.1902,Politische Einstellungen in Ost und West März 1990 (Vergleichende Umfrage BRD - DDR),"Wildenmann, Rudolf"
10.4232/1.0521,"Politik und Demokratie in der Bundesrepublik (Bevölkerung, 1968)","Wildenmann, Rudolf; Kaase, Max"
10.4232/1.11782,German General Social Survey - ALLBUS 2010,"Diekmann, Andreas; Diekmann, Andreas; Fetchenhauer, Detlef; Fetchenhauer, Detlef; Kühnel, Steffen; Kühnel, Steffen; Liebig, Stefan; Liebig, Stefan; Schmitt-Beck, Rüdiger; Schmitt-Beck, Rüdiger; Trappe, Heike; Trappe, Heike; Wagner, Michael; Wagner, Michael"
10.4232/1.11201,"Landtagswahl in Baden-Württemberg 1968 (Voruntersuchung, März 1968)","Adrian, Wolfgang; Berger, Manfred"
10.4232/1.10762,ALLBUScompact/GGSScompact 2010 (Allgemeine Bevölkerungsumfrage der Sozialwissenschaften/German General Social Survey 2010),"Diekmann, Andreas; Diekmann, Andreas; Kühnel, Steffen; Kühnel, Steffen; Fetchenhauer, Detlef; Fetchenhauer, Detlef; Liebig, Stefan; Liebig, Stefan; Schmitt-Beck, Rüdiger; Schmitt-Beck, Rüdiger; Trappe, Heike; Trappe, Heike; Wagner, Michael; Wagner, Michael"
10.4232/1.11199,"Landtagswahl in Baden-Württemberg 1968 (Voruntersuchung, September 1967)","Wildenmann, Rudolf; Wolfgang, Adrian; Berger, Manfred"
10.4232/1.10760,ALLBUS/GGSS 2010 (Allgemeine Bevölkerungsumfrage der Sozialwissenschaften/German General Social Survey 2010),"Diekmann, Andreas; Diekmann, Andreas; Fetchenhauer, Detlef; Fetchenhauer, Detlef; Kühnel, Steffen; Kühnel, Steffen; Liebig, Stefan; Liebig, Stefan; Schmitt-Beck, Rüdiger; Schmitt-Beck, Rüdiger; Trappe, Heike; Trappe, Heike; Wagner, Michael; Wagner, Michael"
10.4232/1.1805,Perspektiven des ländlichen Raumes,"Streit, Manfred E.; Wildenmann, Rudolf; Forschungsstelle Für Gesellschaftliche Entwicklungen (FEE), Universität Mannheim"
10.4232/1.12831,German General Social Survey - ALLBUS 2008,"Andreß, Hans-Jürgen; Andreß, Hans-Jürgen; Diekmann, Andreas; Diekmann, Andreas; Feger, Hubert; Feger, Hubert; Liebig, Stefan; Liebig, Stefan; Meulemann, Heiner; Meulemann, Heiner; Schmitt-Beck, Rüdiger; Schmitt-Beck, Rüdiger; Trappe, Heike; Trappe, Heike"
10.4232/1.12346,ALLBUScompact/GGSScompact 2008 (Allgemeine Bevölkerungsumfrage der Sozialwissenschaften/German General Social Survey 2008),"Andreß, Hans-Jürgen; Andreß, Hans-Jürgen; Diekmann, Andreas; Diekmann, Andreas; Feger, Hubert; Feger, Hubert; Liebig, Stefan; Liebig, Stefan; Meulemann, Heiner; Meulemann, Heiner; Schmitt-Beck, Rüdiger; Schmitt-Beck, Rüdiger; Trappe, Heike; Trappe, Heike"
10.4232/1.1800,ALLBUS/GGSS 1990 (Allgemeine Bevölkerungsumfrage der Sozialwissenschaften/German General Social Survey 1990),"Allerbeck, Klaus R.; Allerbeck, Klaus R.; Mayer, Karl U.; Mayer, Karl U.; Müller, Walter; Müller, Walter; Opp, Karl-Dieter; Opp, Karl-Dieter; Pappi, Franz U.; Pappi, Franz U.; Scheuch, Erwin K.; Scheuch, Erwin K.; Ziegler, Rolf; Ziegler, Rolf"
10.4232/1.12961,"European Parliament Election Study 2009, Candidate Study - Full Version","Weßels, Bernhard; Weßels, Bernhard; Schmitt, Hermann; Schmitt, Hermann; Wüst, Andreas; Wüst, Andreas; Giebler, Heiko; Giebler, Heiko; Kritzinger, Silvia; Kritzinger, Silvia; de Winter, Lieven; de Winter, Lieven; Cholova, Blagovesta; Cholova, Blagovesta; Papageorgiou, Bambos; Papageorgiou, Bambos; Linek, Lukáš; Linek, Lukáš; Klemmensen, Robert; Klemmensen, Robert; Ehin, Piret; Ehin, Piret; Mattila, Mikko; Mattila, Mikko; Raunio, Tapio; Raunio, Tapio; Rozenberg, Olivier; Rozenberg, Olivier; Chadjipandelis, Theodore; Chadjipandelis, Theodore; Teperoglou, Eftichia; Teperoglou, Eftichia; Enyedi, Zsolt; Enyedi, Zsolt; Marsh, Michael; Marsh, Michael; Sudulich, Maria Laura; Sudulich, Maria Laura; Andretta, Massimiliano; Andretta, Massimiliano; Bardi, Luciano; Bardi, Luciano; Ikstens, Janis; Ikstens, Janis; Krupavicius, Algis; Krupavicius, Algis; Dumont, Patrick; Dumont, Patrick; Spreitzer, Astrid; Spreitzer, Astrid; Fenech, Dominic; Fenech, Dominic; Rosema, Martin; Rosema, Martin; Czesnik, Mikolaj; Czesnik, Mikolaj; Freire, André; Freire, André; Popescu, Marina; Popescu, Marina; Gyarfasova, Olga; Gyarfasova, Olga; Toplak, Cirila; Toplak, Cirila; Molina, Ignacio; Molina, Ignacio; Sanz Cazorla, Alberto; Sanz Cazorla, Alberto; Haglund, Louise; Haglund, Louise; Holmberg, Sören; Holmberg, Sören; Saalfeld, Thomas; Saalfeld, Thomas"
10.4232/1.11416,Online-Erhebung zum Zensus 2011,"Rattinger, Hans"
10.4232/1.10204,"European Parliament Election Study 2009, Euromanifesto Study","Braun, Daniela; Braun, Daniela; Mikhaylov, Slava; Mikhaylov, Slava; Schmitt, Hermann; Schmitt, Hermann"
10.4232/1.13335,German General Social Survey (ALLBUScompact) - Cumulation 1980-2016,Klaus Allerbeck; Klaus Allerbeck; Jutta Allmendinger; Jutta Allmendinger; Hans-Jürgen Andreß; Hans-Jürgen Andreß; Stefan Bauernschuster; Stefan Bauernschuster; Wilhelm Bürklin; Wilhelm Bürklin; Andreas Diekmann; Andreas Diekmann; Hubert Feger; Hubert Feger; Detlef Fetchenhauer; Detlef Fetchenhauer; Andreas Hadjar; Andreas Hadjar; Johannes Huinink; Johannes Huinink; Marie Luise Kiefer; Marie Luise Kiefer; Frauke Kreuter; Frauke Kreuter; Steffen Kühnel; Steffen Kühnel; Karin Kurz; Karin Kurz; M. Rainer Lepsius; M. Rainer Lepsius; Stefan Liebig; Stefan Liebig; Karl Ulrich Mayer; Karl Ulrich Mayer; Heiner Meulemann; Heiner Meulemann; Walter Müller; Walter Müller; Karl Dieter Opp; Karl Dieter Opp; Franz Urban Pappi; Franz Urban Pappi; Ulrich Rosar; Ulrich Rosar; Erwin K. Scheuch; Erwin K. Scheuch; Rüdiger Schmitt-Beck; Rüdiger Schmitt-Beck; Heike Solga; Heike Solga; Heike Trappe; Heike Trappe; Michael Wagner; Michael Wagner; Ulrich Wagner; Ulrich Wagner; Bettina Westle; Bettina Westle; Rolf Ziegler; Rolf Ziegler
10.4232/1.13291,German General Social Survey (ALLBUS) - Cumulation 1980-2016,Klaus Allerbeck; Klaus Allerbeck; Jutta Allmendinger; Jutta Allmendinger; Hans-Jürgen Andreß; Hans-Jürgen Andreß; Stefan Bauernschuster; Stefan Bauernschuster; Wilhelm Bürklin; Wilhelm Bürklin; Andreas Diekmann; Andreas Diekmann; Hubert Feger; Hubert Feger; Detlef Fetchenhauer; Detlef Fetchenhauer; Andreas Hadjar; Andreas Hadjar; Johannes Huinink; Johannes Huinink; Marie Luise Kiefer; Marie Luise Kiefer; Frauke Kreuter; Frauke Kreuter; Steffen Kühnel; Steffen Kühnel; Karin Kurz; Karin Kurz; M. Rainer Lepsius; M. Rainer Lepsius; Stefan Liebig; Stefan Liebig; Karl Ulrich Mayer; Karl Ulrich Mayer; Heiner Meulemann; Heiner Meulemann; Walter Müller; Walter Müller; Karl Dieter Opp; Karl Dieter Opp; Franz Urban Pappi; Franz Urban Pappi; Ulrich Rosar; Ulrich Rosar; Erwin K. Scheuch; Erwin K. Scheuch; Rüdiger Schmitt-Beck; Rüdiger Schmitt-Beck; Heike Solga; Heike Solga; Heike Trappe; Heike Trappe; Michael Wagner; Michael Wagner; Ulrich Wagner; Ulrich Wagner; Bettina Westle; Bettina Westle; Rolf Ziegler; Rolf Ziegler
10.4232/1.13048,ALLBUScompact/GGSScompact 1980-2016 (Kumulierte Allgemeine Bevölkerungsumfrage der Sozialwissenschaften/ Cumulated German General Social Survey 1980-2016),"Allerbeck, Klaus; Allerbeck, Klaus; Allmendinger, Jutta; Allmendinger, Jutta; Andreß, Hans-Jürgen; Andreß, Hans-Jürgen; Bauernschuster, Stefan; Bauernschuster, Stefan; Bürklin, Wilhelm; Bürklin, Wilhelm; Diekmann, Andreas; Diekmann, Andreas; Feger, Hubert; Feger, Hubert; Fetchenhauer, Detlef; Fetchenhauer, Detlef; Hadjar, Andreas; Hadjar, Andreas; Huinink, Johannes; Huinink, Johannes; Kiefer, Marie Luise; Kiefer, Marie Luise; Kreuter, Frauke; Kreuter, Frauke; Kühnel, Steffen; Kühnel, Steffen; Kurz, Karin; Kurz, Karin; Lepsius, M. Rainer; Lepsius, M. Rainer; Liebig, Stefan; Liebig, Stefan; Mayer, Karl Ulrich; Mayer, Karl Ulrich; Meulemann, Heiner; Meulemann, Heiner; Müller, Walter; Müller, Walter; Opp, Karl Dieter; Opp, Karl Dieter; Pappi, Franz Urban; Pappi, Franz Urban; Rosar, Ulrich; Rosar, Ulrich; Scheuch, Erwin K.; Scheuch, Erwin K.; Schmitt-Beck, Rüdiger; Schmitt-Beck, Rüdiger; Solga, Heike; Solga, Heike; Trappe, Heike; Trappe, Heike; Wagner, Michael; Wagner, Michael; Wagner, Ulrich; Wagner, Ulrich; Westle, Bettina; Westle, Bettina; Ziegler, Rolf; Ziegler, Rolf"
10.4232/1.13029,ALLBUS/GGSS 1980-2016 (Kumulierte Allgemeine Bevölkerungsumfrage der Sozialwissenschaften / Cumulated German General Social Survey 1980-2016),"Allerbeck, Klaus; Allerbeck, Klaus; Allmendinger, Jutta; Allmendinger, Jutta; Andreß, Hans-Jürgen; Andreß, Hans-Jürgen; Bauernschuster, Stefan; Bauernschuster, Stefan; Bürklin, Wilhelm; Bürklin, Wilhelm; Diekmann, Andreas; Diekmann, Andreas; Feger, Hubert; Feger, Hubert; Fetchenhauer, Detlef; Fetchenhauer, Detlef; Hadjar, Andreas; Hadjar, Andreas; Huinink, Johannes; Huinink, Johannes; Kiefer, Marie Luise; Kiefer, Marie Luise; Kreuter, Frauke; Kreuter, Frauke; Kühnel, Steffen; Kühnel, Steffen; Kurz, Karin; Kurz, Karin; Lepsius, M. Rainer; Lepsius, M. Rainer; Liebig, Stefan; Liebig, Stefan; Mayer, Karl Ulrich; Mayer, Karl Ulrich; Meulemann, Heiner; Meulemann, Heiner; Müller, Walter; Müller, Walter; Opp, Karl Dieter; Opp, Karl Dieter; Pappi, Franz Urban; Pappi, Franz Urban; Rosar, Ulrich; Rosar, Ulrich; Scheuch, Erwin K.; Scheuch, Erwin K.; Schmitt-Beck, Rüdiger; Schmitt-Beck, Rüdiger; Solga, Heike; Solga, Heike; Trappe, Heike; Trappe, Heike; Wagner, Michael; Wagner, Michael; Wagner, Ulrich; Wagner, Ulrich; Westle, Bettina; Westle, Bettina; Ziegler, Rolf; Ziegler, Rolf"
10.4232/1.12575,German General Social Survey - ALLBUScompact - Cumulation 1980-2014,Klaus Allerbeck; Klaus Allerbeck; Jutta Allmendinger; Jutta Allmendinger; Hans-Jürgen Andreß; Hans-Jürgen Andreß; Wilhelm Bürklin; Wilhelm Bürklin; Andreas Diekmann; Andreas Diekmann; Hubert Feger; Hubert Feger; Detlef Fetchenhauer; Detlef Fetchenhauer; Johannes Huinink; Johannes Huinink; Marie Luise Kiefer; Marie Luise Kiefer; Frauke Kreuter; Frauke Kreuter; Steffen Kühnel; Steffen Kühnel; Karin Kurz; Karin Kurz; M. Rainer Lepsius; M. Rainer Lepsius; Stefan Liebig; Stefan Liebig; Karl Ulrich Mayer; Karl Ulrich Mayer; Heiner Meulemann; Heiner Meulemann; Walter Müller; Walter Müller; Karl Dieter Opp; Karl Dieter Opp; Franz Urban Pappi; Franz Urban Pappi; Erwin K. Scheuch; Erwin K. Scheuch; Rüdiger Schmitt-Beck; Rüdiger Schmitt-Beck; Heike Solga; Heike Solga; Heike Trappe; Heike Trappe; Michael Wagner; Michael Wagner; Bettina Westle; Bettina Westle; Rolf Ziegler; Rolf Ziegler
10.4232/1.12574,German General Social Survey (ALLBUS) - Cumulation 1980-2014,Klaus Allerbeck; Klaus Allerbeck; Jutta Allmendinger; Jutta Allmendinger; Hans-Jürgen Andreß; Hans-Jürgen Andreß; Wilhelm Bürklin; Wilhelm Bürklin; Andreas Diekmann; Andreas Diekmann; Hubert Feger; Hubert Feger; Detlef Fetchenhauer; Detlef Fetchenhauer; Johannes Huinink; Johannes Huinink; Marie Luise Kiefer; Marie Luise Kiefer; Frauke Kreuter; Frauke Kreuter; Steffen Kühnel; Steffen Kühnel; Karin Kurz; Karin Kurz; M. Rainer Lepsius; M. Rainer Lepsius; Stefan Liebig; Stefan Liebig; Karl Ulrich Mayer; Karl Ulrich Mayer; Heiner Meulemann; Heiner Meulemann; Walter Müller; Walter Müller; Karl Dieter Opp; Karl Dieter Opp; Franz Urban Pappi; Franz Urban Pappi; Erwin K. Scheuch; Erwin K. Scheuch; Rüdiger Schmitt-Beck; Rüdiger Schmitt-Beck; Heike Solga; Heike Solga; Heike Trappe; Heike Trappe; Michael Wagner; Michael Wagner; Bettina Westle; Bettina Westle; Rolf Ziegler; Rolf Ziegler
10.4232/1.12440,ALLBUScompact/GGSScompact 1980-2014 (Kumulierte Allgemeine Bevölkerungsumfrage der Sozialwissenschaften/ Cumulated German General Social Survey 1980-2014),"Allerbeck, Klaus; Allerbeck, Klaus; Allmendinger, Jutta; Allmendinger, Jutta; Andreß, Hans-Jürgen; Andreß, Hans-Jürgen; Bürklin, Wilhelm; Bürklin, Wilhelm; Diekmann, Andreas; Diekmann, Andreas; Feger, Hubert; Feger, Hubert; Fetchenhauer, Detlef; Fetchenhauer, Detlef; Huinink, Johannes; Huinink, Johannes; Kiefer, Marie Luise; Kiefer, Marie Luise; Kreuter, Frauke; Kreuter, Frauke; Kühnel, Steffen; Kühnel, Steffen; Kurz, Karin; Kurz, Karin; Lepsius, M. Rainer; Lepsius, M. Rainer; Liebig, Stefan; Liebig, Stefan; Mayer, Karl Ulrich; Mayer, Karl Ulrich; Meulemann, Heiner; Meulemann, Heiner; Müller, Walter; Müller, Walter; Opp, Karl Dieter; Opp, Karl Dieter; Pappi, Franz Urban; Pappi, Franz Urban; Scheuch, Erwin K.; Scheuch, Erwin K.; Schmitt-Beck, Rüdiger; Schmitt-Beck, Rüdiger; Solga, Heike; Solga, Heike; Trappe, Heike; Trappe, Heike; Wagner, Michael; Wagner, Michael; Westle, Bettina; Westle, Bettina; Ziegler, Rolf; Ziegler, Rolf"
10.4232/1.1342,Rechtschreibekenntnisse bei Ausbildungsanfängern (Panel: 2. Welle 1980),"Huber, Wolfgang"
10.4232/1.1343,Rechtschreibekenntnisse bei Ausbildungsanfängern (Panel 1979-1980),"Huber, Wolfgang"
10.4232/1.12646,ALLBUS/GGSS 1980-2014 (Kumulierte Allgemeine Bevölkerungsumfrage der Sozialwissenschaften / Cumulated German General Social Survey 1980-2014),"Allerbeck, Klaus; Allerbeck, Klaus; Allmendinger, Jutta; Allmendinger, Jutta; Andreß, Hans-Jürgen; Andreß, Hans-Jürgen; Bürklin, Wilhelm; Bürklin, Wilhelm; Diekmann, Andreas; Diekmann, Andreas; Feger, Hubert; Feger, Hubert; Fetchenhauer, Detlef; Fetchenhauer, Detlef; Huinink, Johannes; Huinink, Johannes; Kiefer, Marie Luise; Kiefer, Marie Luise; Kreuter, Frauke; Kreuter, Frauke; Kühnel, Steffen; Kühnel, Steffen; Kurz, Karin; Kurz, Karin; Lepsius, M. Rainer; Lepsius, M. Rainer; Liebig, Stefan; Liebig, Stefan; Mayer, Karl Ulrich; Mayer, Karl Ulrich; Meulemann, Heiner; Meulemann, Heiner; Müller, Walter; Müller, Walter; Opp, Karl Dieter; Opp, Karl Dieter; Pappi, Franz Urban; Pappi, Franz Urban; Scheuch, Erwin K.; Scheuch, Erwin K.; Schmitt-Beck, Rüdiger; Schmitt-Beck, Rüdiger; Solga, Heike; Solga, Heike; Trappe, Heike; Trappe, Heike; Wagner, Michael; Wagner, Michael; Westle, Bettina; Westle, Bettina; Ziegler, Rolf; Ziegler, Rolf"
10.4232/1.11953,German General Social Survey - ALLBUScompact - Cumulation 1980-2012,"Allerbeck, Klaus; Allerbeck, Klaus; Allmendinger, Jutta; Allmendinger, Jutta; Andreß, Hans-Jürgen; Andreß, Hans-Jürgen; Bürklin, Wilhelm; Bürklin, Wilhelm; Diekmann, Andreas; Diekmann, Andreas; Feger, Hubert; Feger, Hubert; Fetchenhauer, Detlef; Fetchenhauer, Detlef; Huinink, Johannes; Huinink, Johannes; Kiefer, Marie Luise; Kiefer, Marie Luise; Kreuter, Frauke; Kreuter, Frauke; Kühnel, Steffen; Kühnel, Steffen; Kurz, Karin; Kurz, Karin; Lepsius, M. Rainer; Lepsius, M. Rainer; Liebig, Stefan; Liebig, Stefan; Mayer, Karl Ulrich; Mayer, Karl Ulrich; Meulemann, Heiner; Meulemann, Heiner; Müller, Walter; Müller, Walter; Opp, Karl-Dieter; Opp, Karl-Dieter; Pappi, Franz Urban; Pappi, Franz Urban; Scheuch, Erwin K.; Scheuch, Erwin K.; Schmitt-Beck, Rüdiger; Schmitt-Beck, Rüdiger; Solga, Heike; Solga, Heike; Trappe, Heike; Trappe, Heike; Wagner, Michael; Wagner, Michael; Westle, Bettina; Westle, Bettina; Ziegler, Rolf; Ziegler, Rolf"
10.4232/1.11952,German General Social Survey (ALLBUS) - Cumulation 1980-2012,"Allerbeck, Klaus; Allerbeck, Klaus; Allmendinger, Jutta; Allmendinger, Jutta; Andreß, Hans-Jürgen; Andreß, Hans-Jürgen; Bürklin, Wilhelm; Bürklin, Wilhelm; Diekmann, Andreas; Diekmann, Andreas; Feger, Hubert; Feger, Hubert; Fetchenhauer, Detlef; Fetchenhauer, Detlef; Huinink, Johannes; Huinink, Johannes; Kiefer, Marie Luise; Kiefer, Marie Luise; Kreuter, Frauke; Kreuter, Frauke; Kühnel, Steffen; Kühnel, Steffen; Kurz, Karin; Kurz, Karin; Lepsius, M. Rainer; Lepsius, M. Rainer; Liebig, Stefan; Liebig, Stefan; Mayer, Karl Ulrich; Mayer, Karl Ulrich; Meulemann, Heiner; Meulemann, Heiner; Müller, Walter; Müller, Walter; Opp, Karl-Dieter; Opp, Karl-Dieter; Pappi, Franz Urban; Pappi, Franz Urban; Scheuch, Erwin K.; Scheuch, Erwin K.; Schmitt-Beck, Rüdiger; Schmitt-Beck, Rüdiger; Solga, Heike; Solga, Heike; Trappe, Heike; Trappe, Heike; Wagner, Michael; Wagner, Michael; Westle, Bettina; Westle, Bettina; Ziegler, Rolf; Ziegler, Rolf"
10.4232/1.11899,ALLBUScompact/GGSScompact 1980-2012 (Kumulierte Allgemeine Bevölkerungsumfrage der Sozialwissenschaften/ Cumulated German General Social Survey 1980-2012),"Allerbeck, Klaus; Allerbeck, Klaus; Allmendinger, Jutta; Allmendinger, Jutta; Andreß, Hans-Jürgen; Andreß, Hans-Jürgen; Bürklin, Wilhelm; Bürklin, Wilhelm; Diekmann, Andreas; Diekmann, Andreas; Feger, Hubert; Feger, Hubert; Fetchenhauer, Detlef; Fetchenhauer, Detlef; Huinink, Johannes; Huinink, Johannes; Kiefer, Marie Luise; Kiefer, Marie Luise; Kreuter, Frauke; Kreuter, Frauke; Kühnel, Steffen; Kühnel, Steffen; Kurz, Karin; Kurz, Karin; Lepsius, M. Rainer; Lepsius, M. Rainer; Liebig, Stefan; Liebig, Stefan; Mayer, Karl Ulrich; Mayer, Karl Ulrich; Meulemann, Heiner; Meulemann, Heiner; Müller, Walter; Müller, Walter; Opp, Karl-Dieter; Opp, Karl-Dieter; Pappi, Franz Urban; Pappi, Franz Urban; Scheuch, Erwin K.; Scheuch, Erwin K.; Schmitt-Beck, Rüdiger; Schmitt-Beck, Rüdiger; Solga, Heike; Solga, Heike; Trappe, Heike; Trappe, Heike; Wagner, Michael; Wagner, Michael; Westle, Bettina; Westle, Bettina; Ziegler, Rolf; Ziegler, Rolf"
10.4232/1.11898,ALLBUS/GGSS 1980-2012 (Kumulierte Allgemeine Bevölkerungsumfrage der Sozialwissenschaften/ Cumulated German General Social Survey 1980-2012),"Allerbeck, Klaus; Allerbeck, Klaus; Allmendinger, Jutta; Allmendinger, Jutta; Andreß, Hans-Jürgen; Andreß, Hans-Jürgen; Bürklin, Wilhelm; Bürklin, Wilhelm; Diekmann, Andreas; Diekmann, Andreas; Feger, Hubert; Feger, Hubert; Fetchenhauer, Detlef; Fetchenhauer, Detlef; Huinink, Johannes; Huinink, Johannes; Kiefer, Marie Luise; Kiefer, Marie Luise; Kreuter, Frauke; Kreuter, Frauke; Kühnel, Steffen; Kühnel, Steffen; Kurz, Karin; Kurz, Karin; Lepsius, M. Rainer; Lepsius, M. Rainer; Liebig, Stefan; Liebig, Stefan; Mayer, Karl Ulrich; Mayer, Karl Ulrich; Meulemann, Heiner; Meulemann, Heiner; Müller, Walter; Müller, Walter; Opp, Karl-Dieter; Opp, Karl-Dieter; Pappi, Franz Urban; Pappi, Franz Urban; Scheuch, Erwin K.; Scheuch, Erwin K.; Schmitt-Beck, Rüdiger; Schmitt-Beck, Rüdiger; Solga, Heike; Solga, Heike; Trappe, Heike; Trappe, Heike; Wagner, Michael; Wagner, Michael; Westle, Bettina; Westle, Bettina; Ziegler, Rolf; Ziegler, Rolf"
10.4232/1.11489,German General Social Survey - ALLBUScompact - Cumulation 1980-2010,"Allerbeck, Klaus; Allerbeck, Klaus; Allmendinger, Jutta; Allmendinger, Jutta; Andreß, Hans-Jürgen; Andreß, Hans-Jürgen; Bürklin, Wilhelm; Bürklin, Wilhelm; Diekmann, Andreas; Diekmann, Andreas; Feger, Hubert; Feger, Hubert; Fetchenhauer, Detlef; Fetchenhauer, Detlef; Huinink, Johannes; Huinink, Johannes; Kiefer, Marie Luise; Kiefer, Marie Luise; Kühnel, Steffen; Kühnel, Steffen; Lepsius, M. Rainer; Lepsius, M. Rainer; Liebig, Stefan; Liebig, Stefan; Mayer, Karl Ulrich; Mayer, Karl Ulrich; Meulemann, Heiner; Meulemann, Heiner; Müller, Walter; Müller, Walter; Opp, Karl Dieter; Opp, Karl Dieter; Pappi, Franz Urban; Pappi, Franz Urban; Scheuch, Erwin K.; Scheuch, Erwin K.; Schmitt-Beck, Rüdiger; Schmitt-Beck, Rüdiger; Solga, Heike; Solga, Heike; Trappe, Heike; Trappe, Heike; Wagner, Michael; Wagner, Michael; Ziegler, Rolf; Ziegler, Rolf"
10.4232/1.11488,German General Social Survey (ALLBUS) - Cumulation 1980-2010,"Allerbeck, Klaus; Allerbeck, Klaus; Allmendinger, Jutta; Allmendinger, Jutta; Andreß, Hans-Jürgen; Andreß, Hans-Jürgen; Bürklin, Wilhelm; Bürklin, Wilhelm; Diekmann, Andreas; Diekmann, Andreas; Feger, Hubert; Feger, Hubert; Fetchenhauer, Detlef; Fetchenhauer, Detlef; Huinink, Johannes; Huinink, Johannes; Kiefer, Marie Luise; Kiefer, Marie Luise; Kühnel, Steffen; Kühnel, Steffen; Lepsius, M. Rainer; Lepsius, M. Rainer; Liebig, Stefan; Liebig, Stefan; Mayer, Karl Ulrich; Mayer, Karl Ulrich; Meulemann, Heiner; Meulemann, Heiner; Müller, Walter; Müller, Walter; Opp, Karl Dieter; Opp, Karl Dieter; Pappi, Franz Urban; Pappi, Franz Urban; Scheuch, Erwin K.; Scheuch, Erwin K.; Schmitt-Beck, Rüdiger; Schmitt-Beck, Rüdiger; Solga, Heike; Solga, Heike; Trappe, Heike; Trappe, Heike; Wagner, Michael; Wagner, Michael; Ziegler, Rolf; Ziegler, Rolf"
10.4232/1.11487,ALLBUScompact/GGSScompact 1980-2010 (Kumulierte Allgemeine Bevölkerungsumfrage der Sozialwissenschaften/ Cumulated German General Social Survey 1980-2010),"Allerbeck, Klaus; Allerbeck, Klaus; Allmendinger, Jutta; Allmendinger, Jutta; Andreß, Hans-Jürgen; Andreß, Hans-Jürgen; Bürklin, Wilhelm; Bürklin, Wilhelm; Diekmann, Andreas; Diekmann, Andreas; Feger, Hubert; Feger, Hubert; Fetchenhauer, Detlef; Fetchenhauer, Detlef; Huinink, Johannes; Huinink, Johannes; Kiefer, Marie Luise; Kiefer, Marie Luise; Kühnel, Steffen; Kühnel, Steffen; Lepsius, M. Rainer; Lepsius, M. Rainer; Liebig, Stefan; Liebig, Stefan; Mayer, Karl Ulrich; Mayer, Karl Ulrich; Meulemann, Heiner; Meulemann, Heiner; Müller, Walter; Müller, Walter; Opp, Karl Dieter; Opp, Karl Dieter; Pappi, Franz Urban; Pappi, Franz Urban; Scheuch, Erwin K.; Scheuch, Erwin K.; Schmitt-Beck, Rüdiger; Schmitt-Beck, Rüdiger; Solga, Heike; Solga, Heike; Trappe, Heike; Trappe, Heike; Wagner, Michael; Wagner, Michael; Ziegler, Rolf; Ziegler, Rolf"
10.4232/1.1730,Kommunikationskanäle und Freizeitverhalten im lokalen Raum: Einflüsse des Kabelfernsehens,"Kaase, Max"
10.4232/1.11486,ALLBUS/GGSS 1980-2010 (Kumulierte Allgemeine Bevölkerungsumfrage der Sozialwissenschaften/ Cumulated German General Social Survey 1980-2010),"Allerbeck, Klaus; Allerbeck, Klaus; Allmendinger, Jutta; Allmendinger, Jutta; Andreß, Hans-Jürgen; Andreß, Hans-Jürgen; Bürklin, Wilhelm; Bürklin, Wilhelm; Diekmann, Andreas; Diekmann, Andreas; Feger, Hubert; Feger, Hubert; Fetchenhauer, Detlef; Fetchenhauer, Detlef; Huinink, Johannes; Huinink, Johannes; Kiefer, Marie Luise; Kiefer, Marie Luise; Kühnel, Steffen; Kühnel, Steffen; Lepsius, M. Rainer; Lepsius, M. Rainer; Liebig, Stefan; Liebig, Stefan; Mayer, Karl Ulrich; Mayer, Karl Ulrich; Meulemann, Heiner; Meulemann, Heiner; Müller, Walter; Müller, Walter; Opp, Karl Dieter; Opp, Karl Dieter; Pappi, Franz Urban; Pappi, Franz Urban; Scheuch, Erwin K.; Scheuch, Erwin K.; Schmitt-Beck, Rüdiger; Schmitt-Beck, Rüdiger; Solga, Heike; Solga, Heike; Trappe, Heike; Trappe, Heike; Wagner, Michael; Wagner, Michael; Ziegler, Rolf; Ziegler, Rolf"
10.4232/1.11001,German General Social Survey - ALLBUScompact - Cumulation 1980-2008,"Allerbeck, Klaus R.; Allerbeck, Klaus R.; Allmendinger, Jutta; Allmendinger, Jutta; Andreß, Hans-Jürgen; Andreß, Hans-Jürgen; Bürklin, Wilhelm; Bürklin, Wilhelm; Diekmann, Andreas; Diekmann, Andreas; Feger, Hubert; Feger, Hubert; Huinink, Johannes; Huinink, Johannes; Kiefer, Marie-Luise; Kiefer, Marie-Luise; Lepsius, M. Rainer; Lepsius, M. Rainer; Liebig, Stefan; Liebig, Stefan; Mayer, Karl U.; Mayer, Karl U.; Meulemann, Heiner; Meulemann, Heiner; Müller, Walter; Müller, Walter; Opp, Karl-Dieter; Opp, Karl-Dieter; Pappi, Franz U.; Pappi, Franz U.; Scheuch, Erwin K.; Scheuch, Erwin K.; Schmitt-Beck, Rüdiger; Schmitt-Beck, Rüdiger; Solga, Heike; Solga, Heike; Trappe, Heike; Trappe, Heike; Ziegler, Rolf; Ziegler, Rolf"
10.4232/1.2975,Determinanten der Ehescheidung (Pilotstudie),"Esser, Hartmut; Von Gotomski, Christian B.; Diefenbach, Heike; Hartmann, Jürgen; Kopp, Johannes"
10.4232/1.11198,Landtagswahl in Bayern 1966 (Voruntersuchung),"Wildenmann, Rudolf; Kaase, Max"
10.4232/1.4978,Mitgliederbefragung der Deutschen Vereinigung für Politische Wissenschaft (DVPW),"Schmitt-Beck, Rüdiger; Faas, Thorsten"
10.4232/1.11000,German General Social Survey - ALLBUS - Cumulation 1980-2008,"Allerbeck, Klaus R.; Allerbeck, Klaus R.; Allmendinger, Jutta; Allmendinger, Jutta; Andreß, Hans-Jürgen; Andreß, Hans-Jürgen; Bürklin, Wilhelm; Bürklin, Wilhelm; Diekmann, Andreas; Diekmann, Andreas; Feger, Hubert; Feger, Hubert; Huinink, Johannes; Huinink, Johannes; Kiefer, Marie Luise; Kiefer, Marie Luise; Lepsius, M. Rainer; Lepsius, M. Rainer; Liebig, Stefan; Liebig, Stefan; Mayer, Karl U.; Mayer, Karl U.; Meulemann, Heiner; Meulemann, Heiner; Müller, Walter; Müller, Walter; Opp, Karl-Dieter; Opp, Karl-Dieter; Pappi, Franz U.; Pappi, Franz U.; Scheuch, Erwin K.; Scheuch, Erwin K.; Schmitt-Beck, Rüdiger; Schmitt-Beck, Rüdiger; Solga, Heike; Solga, Heike; Trappe, Heike; Trappe, Heike; Ziegler, Rolf; Ziegler, Rolf"
10.4232/1.1202,Selbstverständnis und politisches Bewußtsein der Juristen,"Riegel, Manfred; Werle, Raymund; Wildenmann, Rudolf"
10.4232/1.1839,Wohlfahrtssurvey 1988,"Glatzer, Wolfgang; Noll, Heinz-Herbert; Zapf, Wolfgang"
10.4232/1.10086,European Election Study 2004 (2nd edition),"Schmitt, Hermann; Schmitt, Hermann; Bartolini, Stefano; Bartolini, Stefano; Brug, Wouter van der; Brug, Wouter van der; Eijk, Cees van der; Eijk, Cees van der; Franklin, Mark; Franklin, Mark; Fuchs, Dieter; Fuchs, Dieter; Toka, Gabor; Toka, Gabor; Marsh, Michael; Marsh, Michael; Thomassen, Jacques; Thomassen, Jacques"
10.4232/1.4970,Sparen und Altersvorsorge in Deutschland (SAVE) 2008,"Börsch-Supan, Axel; Coppola, Michela; Ziegelmeyer, Michael"
10.4232/1.1191,Politische Ideologie II (Repräsentativumfrage 1980),"Allerbeck, Klaus R.; Kaase, Max; Klingemann, Hans-Dieter"
10.4232/1.1190,"Politische Ideologie II (Panel-Studie 1980, 2.Welle)","Allerbeck, Klaus R.; Kaase, Max; Klingemann, Hans-Dieter"
10.4232/1.4924,Ethnische Grenzziehung und soziale Kontexte,"Esser, Hartmut; Ganter, Stephan; Jäger, Angela"
10.4232/1.1189,The Political Action Panel Study,"Allerbeck, Klaus R.; Allerbeck, Klaus R.; Barnes, Samuel H.; Barnes, Samuel H.; Deth, Jan W. van; Deth, Jan W. van; Farah, Barbara G.; Farah, Barbara G.; Heunks, Felix J.; Heunks, Felix J.; Inglehart, Ronald; Inglehart, Ronald; Jennings, M. Kent; Jennings, M. Kent; Kaase, Max; Kaase, Max; Klingemann, Hans-Dieter; Klingemann, Hans-Dieter; Stouthard, Philip C.; Stouthard, Philip C.; Thomassen, Jacques J. A.; Thomassen, Jacques J. A."
10.4232/1.4923,Deutsche Kandidatenumfrage zur Bundestagswahl 2005 (Deutsche Kandidatenstudie 2005),"Gschwend, Thomas; Schmitt, Hermann; Wüst, Andreas; Zittel, Thomas"
10.4232/1.1188,Political Action II,"Allerbeck, Klaus R.; Allerbeck, Klaus R.; Barnes, Samuel H.; Barnes, Samuel H.; Deth, Jan W. van; Deth, Jan W. van; Farah, Barbara G.; Farah, Barbara G.; Heunks, Felix J.; Heunks, Felix J.; Inglehart, Ronald; Inglehart, Ronald; Jennings, M. Kent; Jennings, M. Kent; Kaase, Max; Kaase, Max; Klingemann, Hans-Dieter; Klingemann, Hans-Dieter; Thomassen, Jacques J. A.; Thomassen, Jacques J. A.; Stouthard, Philip C.; Stouthard, Philip C."
10.4232/1.0326,"Politik und Demokratie in der Bundesrepublik (Studenten, Januar 1968)","Kaase, Max; Wildenmann, Rudolf"
10.4232/1.3712,ALLBUScompact/GGSScompact 1988 (Allgemeine Bevölkerungsumfrage der Sozialwissenschaften/German General Social Survey 1988),"Mayer, Karl Ulrich; Mayer, Karl Ulrich; Müller, Walter; Müller, Walter; Pappi, Franz Urban; Pappi, Franz Urban; Scheuch, Erwin K.; Scheuch, Erwin K.; Ziegler, Rolf; Ziegler, Rolf"
10.4232/1.13228,Pre-election Cross Section (GLES 2009),"Rattinger, Hans; Rattinger, Hans; Roßteutscher, Sigrid; Roßteutscher, Sigrid; Schmitt-Beck, Rüdiger; Schmitt-Beck, Rüdiger; Weßels, Bernhard; Weßels, Bernhard"
10.4232/1.13229,Post-election Cross Section (GLES 2009),"Rattinger, Hans; Rattinger, Hans; Roßteutscher, Sigrid; Roßteutscher, Sigrid; Schmitt-Beck, Rüdiger; Schmitt-Beck, Rüdiger; Weßels, Bernhard; Weßels, Bernhard"
10.4232/1.13215,Rolling Cross-Section Campaign Survey with Post-election Panel Wave (GLES 2009),"Rattinger, Hans; Rattinger, Hans; Roßteutscher, Sigrid; Roßteutscher, Sigrid; Schmitt-Beck, Rüdiger; Schmitt-Beck, Rüdiger; Weßels, Bernhard; Weßels, Bernhard"
10.4232/1.13230,Pre- and Post-election Cross Section (Cumulation) (GLES 2009),"Rattinger, Hans; Rattinger, Hans; Roßteutscher, Sigrid; Roßteutscher, Sigrid; Schmitt-Beck, Rüdiger; Schmitt-Beck, Rüdiger; Weßels, Bernhard; Weßels, Bernhard"
10.4232/1.10363,Multi-Level-Panel (GLES 2009),"Rattinger, Hans; Rattinger, Hans; Roßteutscher, Sigrid; Roßteutscher, Sigrid; Schmitt-Beck, Rüdiger; Schmitt-Beck, Rüdiger; Weßels, Bernhard; Weßels, Bernhard"
10.4232/1.11387,"Campaign Media Content Analysis, Print Media (GLES 2009)","Rattinger, Hans; Rattinger, Hans; Roßteutscher, Sigrid; Roßteutscher, Sigrid; Schmitt-Beck, Rüdiger; Schmitt-Beck, Rüdiger; Weßels, Bernhard; Weßels, Bernhard"
10.4232/1.12198,Short-term Campaign Panel (GLES 2009),"Rattinger, Hans; Rattinger, Hans; Roßteutscher, Sigrid; Roßteutscher, Sigrid; Schmitt-Beck, Rüdiger; Schmitt-Beck, Rüdiger; Weßels, Bernhard; Weßels, Bernhard"
10.4232/1.12211,"Campaign Media Content Analysis, TV (GLES 2009)","Rattinger, Hans; Rattinger, Hans; Roßteutscher, Sigrid; Roßteutscher, Sigrid; Schmitt-Beck, Rüdiger; Schmitt-Beck, Rüdiger; Weßels, Bernhard; Weßels, Bernhard"
10.4232/1.10368,"TV-Duell-Analyse, Befragung (GLES 2009)","Rattinger, Hans; Roßteutscher, Sigrid; Schmitt-Beck, Rüdiger; Weßels, Bernhard"
10.4232/1.10370,"TV Debate Analysis, Real-Time-Response Data (GLES 2009)","Rattinger, Hans; Rattinger, Hans; Roßteutscher, Sigrid; Roßteutscher, Sigrid; Schmitt-Beck, Rüdiger; Schmitt-Beck, Rüdiger; Weßels, Bernhard; Weßels, Bernhard"
10.4232/1.10371,"TV Debate Analysis, Content Analysis TV Debate (GLES 2009)","Rattinger, Hans; Rattinger, Hans; Roßteutscher, Sigrid; Roßteutscher, Sigrid; Schmitt-Beck, Rüdiger; Schmitt-Beck, Rüdiger; Weßels, Bernhard; Weßels, Bernhard"
10.4232/1.10372,"TV Debate Analysis, Content Analyses Regional Newspapers (Articles) (GLES 2009)","Rattinger, Hans; Rattinger, Hans; Roßteutscher, Sigrid; Roßteutscher, Sigrid; Schmitt-Beck, Rüdiger; Schmitt-Beck, Rüdiger; Weßels, Bernhard; Weßels, Bernhard"
10.4232/1.10373,"TV Debate Analysis, Content Analyses Regional Newspapers (Statements Chancellor Candidates) (GLES 2009)","Rattinger, Hans; Rattinger, Hans; Roßteutscher, Sigrid; Roßteutscher, Sigrid; Schmitt-Beck, Rüdiger; Schmitt-Beck, Rüdiger; Weßels, Bernhard; Weßels, Bernhard"
10.4232/1.10374,"TV Debate Analysis, Content Analyses Regional Newspapers (Statements TV Debate) (GLES 2009)","Rattinger, Hans; Rattinger, Hans; Roßteutscher, Sigrid; Roßteutscher, Sigrid; Schmitt-Beck, Rüdiger; Schmitt-Beck, Rüdiger; Weßels, Bernhard; Weßels, Bernhard"
10.4232/1.10375,"TV-Duell-Analyse, Inhaltsanalyse Sondersendungen (Aussagen Kanzlerkandidaten) (GLES 2009)","Rattinger, Hans; Roßteutscher, Sigrid; Schmitt-Beck, Rüdiger; Weßels, Bernhard"
10.4232/1.10376,"TV Debate Analysis, Content Analyses Special Broadcast (Statements TV Debate) (GLES 2009)","Rattinger, Hans; Rattinger, Hans; Roßteutscher, Sigrid; Roßteutscher, Sigrid; Schmitt-Beck, Rüdiger; Schmitt-Beck, Rüdiger; Weßels, Bernhard; Weßels, Bernhard"
10.4232/1.11443,"Candidate Campaign Survey, Survey and Structural Data (GLES 2009)","Rattinger, Hans; Rattinger, Hans; Roßteutscher, Sigrid; Roßteutscher, Sigrid; Schmitt-Beck, Rüdiger; Schmitt-Beck, Rüdiger; Weßels, Bernhard; Weßels, Bernhard"
10.4232/1.11350,Long-term Panel 2002-2005-2009 (GLES 2009),"Rattinger, Hans; Rattinger, Hans; Roßteutscher, Sigrid; Roßteutscher, Sigrid; Schmitt-Beck, Rüdiger; Schmitt-Beck, Rüdiger; Weßels, Bernhard; Weßels, Bernhard; Falter, Jürgen; Falter, Jürgen; Gabriel, Oscar W.; Gabriel, Oscar W."
10.4232/1.11444,"Candidate Campaign Survey, Survey (GLES 2009)","Rattinger, Hans; Rattinger, Hans; Roßteutscher, Sigrid; Roßteutscher, Sigrid; Schmitt-Beck, Rüdiger; Schmitt-Beck, Rüdiger; Weßels, Bernhard; Weßels, Bernhard"
10.4232/1.12626,Long-term Panel 2005-2009-2013 (GLES),"Rattinger, Hans; Rattinger, Hans; Roßteutscher, Sigrid; Roßteutscher, Sigrid; Schmitt-Beck, Rüdiger; Schmitt-Beck, Rüdiger; Weßels, Bernhard; Weßels, Bernhard; Kühnel, Steffen; Kühnel, Steffen; Niedermayer, Oskar; Niedermayer, Oskar; Westle, Bettina; Westle, Bettina"
10.4232/1.11866,Long-Term Media Agenda Analysis (GLES),"Rattinger, Hans; Rattinger, Hans; Roßteutscher, Sigrid; Roßteutscher, Sigrid; Schmitt-Beck, Rüdiger; Schmitt-Beck, Rüdiger; Weßels, Bernhard; Weßels, Bernhard"
10.4232/1.11504,Long-term-Online-Tracking of State Election North Rhine-Westphalia 2010 (GLES 2009),"Rattinger, Hans; Rattinger, Hans; Roßteutscher, Sigrid; Roßteutscher, Sigrid; Schmitt-Beck, Rüdiger; Schmitt-Beck, Rüdiger; Weßels, Bernhard; Weßels, Bernhard"
10.4232/1.10769,Long-term-Online-Tracking of State Election Bremen 2011 (GLES 2009),"Rattinger, Hans; Rattinger, Hans; Roßteutscher, Sigrid; Roßteutscher, Sigrid; Schmitt-Beck, Rüdiger; Schmitt-Beck, Rüdiger; Weßels, Bernhard; Weßels, Bernhard"
10.4232/1.12390,Langfrist-Online-Tracking zur Landtagswahl Sachsen-Anhalt 2011 (GLES 2009),"Rattinger, Hans; Roßteutscher, Sigrid; Schmitt-Beck, Rüdiger; Weßels, Bernhard"
10.4232/1.12392,Long-term-Online-Tracking of State Election Baden-Wuerttemberg 2011 (GLES 2009),"Rattinger, Hans; Rattinger, Hans; Roßteutscher, Sigrid; Roßteutscher, Sigrid; Schmitt-Beck, Rüdiger; Schmitt-Beck, Rüdiger; Weßels, Bernhard; Weßels, Bernhard"
10.4232/1.12391,Long-term-Online-Tracking of State Election Rhineland-Palatinate 2011 (GLES 2009),"Rattinger, Hans; Rattinger, Hans; Roßteutscher, Sigrid; Roßteutscher, Sigrid; Schmitt-Beck, Rüdiger; Schmitt-Beck, Rüdiger; Weßels, Bernhard; Weßels, Bernhard"
10.4232/1.11054,Long-term-Online-Tracking of State Election Berlin 2011 (GLES 2009),"Rattinger, Hans; Rattinger, Hans; Roßteutscher, Sigrid; Roßteutscher, Sigrid; Schmitt-Beck, Rüdiger; Schmitt-Beck, Rüdiger; Weßels, Bernhard; Weßels, Bernhard"
10.4232/1.11053,Long-term-Online-Tracking of State Election Mecklenburg-Western Pomerania 2011 (GLES 2009),"Rattinger, Hans; Rattinger, Hans; Roßteutscher, Sigrid; Roßteutscher, Sigrid; Schmitt-Beck, Rüdiger; Schmitt-Beck, Rüdiger; Weßels, Bernhard; Weßels, Bernhard"
10.4232/1.12393,Long-term-Online-Tracking of State Election Hamburg 2011 (GLES 2009),"Rattinger, Hans; Rattinger, Hans; Roßteutscher, Sigrid; Roßteutscher, Sigrid; Schmitt-Beck, Rüdiger; Schmitt-Beck, Rüdiger; Weßels, Bernhard; Weßels, Bernhard"
10.4232/1.11757,Langfrist-Online-Tracking zur Landtagswahl Schleswig-Holstein 2012 (GLES),"Rattinger, Hans; Roßteutscher, Sigrid; Schmitt-Beck, Rüdiger; Weßels, Bernhard; Wolf, Christof"
10.4232/1.12343,Long-term-Online-Tracking of State Election North Rhine-Westphalia 2012 (GLES 2009),"Rattinger, Hans; Rattinger, Hans; Roßteutscher, Sigrid; Roßteutscher, Sigrid; Schmitt-Beck, Rüdiger; Schmitt-Beck, Rüdiger; Weßels, Bernhard; Weßels, Bernhard; Wolf, Christof; Wolf, Christof"
10.4232/1.10390,"Long-term Online Tracking, T3 (GLES 2009)","Rattinger, Hans; Rattinger, Hans; Roßteutscher, Sigrid; Roßteutscher, Sigrid; Schmitt-Beck, Rüdiger; Schmitt-Beck, Rüdiger; Weßels, Bernhard; Weßels, Bernhard"
10.4232/1.10393,"Long-term Online Tracking, T4 (GLES 2009)","Rattinger, Hans; Rattinger, Hans; Roßteutscher, Sigrid; Roßteutscher, Sigrid; Schmitt-Beck, Rüdiger; Schmitt-Beck, Rüdiger; Weßels, Bernhard; Weßels, Bernhard"
10.4232/1.10757,"Long-term Online Tracking, T1 (GLES 2009)","Rattinger, Hans; Rattinger, Hans; Roßteutscher, Sigrid; Roßteutscher, Sigrid; Schmitt-Beck, Rüdiger; Schmitt-Beck, Rüdiger; Weßels, Bernhard; Weßels, Bernhard"
10.4232/1.10830,"Long-term Online Tracking, T2 (GLES 2009)","Rattinger, Hans; Rattinger, Hans; Roßteutscher, Sigrid; Roßteutscher, Sigrid; Schmitt-Beck, Rüdiger; Schmitt-Beck, Rüdiger; Weßels, Bernhard; Weßels, Bernhard"
10.4232/1.12271,"Long-term Online Tracking, T5 (GLES 2009)","Rattinger, Hans; Rattinger, Hans; Roßteutscher, Sigrid; Roßteutscher, Sigrid; Schmitt-Beck, Rüdiger; Schmitt-Beck, Rüdiger; Weßels, Bernhard; Weßels, Bernhard"
10.4232/1.11699,"Long-term Online Tracking, T7 (GLES 2009)","Rattinger, Hans; Rattinger, Hans; Roßteutscher, Sigrid; Roßteutscher, Sigrid; Schmitt-Beck, Rüdiger; Schmitt-Beck, Rüdiger; Weßels, Bernhard; Weßels, Bernhard"
10.4232/1.12220,"Long-term Online Tracking, T6 (GLES 2009)","Rattinger, Hans; Rattinger, Hans; Roßteutscher, Sigrid; Roßteutscher, Sigrid; Schmitt-Beck, Rüdiger; Schmitt-Beck, Rüdiger; Weßels, Bernhard; Weßels, Bernhard"
10.4232/1.12221,"Long-term Online Tracking, T8 (GLES 2009)","Rattinger, Hans; Rattinger, Hans; Roßteutscher, Sigrid; Roßteutscher, Sigrid; Schmitt-Beck, Rüdiger; Schmitt-Beck, Rüdiger; Weßels, Bernhard; Weßels, Bernhard"
10.4232/1.12222,"Long-term Online Tracking, T9 (GLES 2009)","Rattinger, Hans; Rattinger, Hans; Roßteutscher, Sigrid; Roßteutscher, Sigrid; Schmitt-Beck, Rüdiger; Schmitt-Beck, Rüdiger; Weßels, Bernhard; Weßels, Bernhard"
10.4232/1.12224,"Long-term Online Tracking, T11 (GLES 2009)","Rattinger, Hans; Rattinger, Hans; Roßteutscher, Sigrid; Roßteutscher, Sigrid; Schmitt-Beck, Rüdiger; Schmitt-Beck, Rüdiger; Weßels, Bernhard; Weßels, Bernhard"
10.4232/1.12223,"Long-term Online Tracking, T10 (GLES 2009)","Rattinger, Hans; Rattinger, Hans; Roßteutscher, Sigrid; Roßteutscher, Sigrid; Schmitt-Beck, Rüdiger; Schmitt-Beck, Rüdiger; Weßels, Bernhard; Weßels, Bernhard"
10.4232/1.12225,"Long-term Online Tracking, T12 (GLES 2009)","Rattinger, Hans; Rattinger, Hans; Roßteutscher, Sigrid; Roßteutscher, Sigrid; Schmitt-Beck, Rüdiger; Schmitt-Beck, Rüdiger; Weßels, Bernhard; Weßels, Bernhard"
10.4232/1.12277,"Long-term Online Tracking, T13 (GLES 2009)","Rattinger, Hans; Rattinger, Hans; Roßteutscher, Sigrid; Roßteutscher, Sigrid; Schmitt-Beck, Rüdiger; Schmitt-Beck, Rüdiger; Weßels, Bernhard; Weßels, Bernhard"
10.4232/1.12227,"Long-term Online Tracking, T14 (GLES 2009)","Rattinger, Hans; Rattinger, Hans; Roßteutscher, Sigrid; Roßteutscher, Sigrid; Schmitt-Beck, Rüdiger; Schmitt-Beck, Rüdiger; Weßels, Bernhard; Weßels, Bernhard"
10.4232/1.12228,"Long-term Online Tracking, T15 (GLES 2009)","Rattinger, Hans; Rattinger, Hans; Roßteutscher, Sigrid; Roßteutscher, Sigrid; Schmitt-Beck, Rüdiger; Schmitt-Beck, Rüdiger; Weßels, Bernhard; Weßels, Bernhard"
10.4232/1.12229,"Long-term Online Tracking, T16 (GLES 2009)","Rattinger, Hans; Rattinger, Hans; Roßteutscher, Sigrid; Roßteutscher, Sigrid; Schmitt-Beck, Rüdiger; Schmitt-Beck, Rüdiger; Weßels, Bernhard; Weßels, Bernhard; Bieber, Ina; Bieber, Ina; Scherer, Philipp; Scherer, Philipp"
10.4232/1.12033,"Long-term Online Tracking, T18 (GLES)","Rattinger, Hans; Rattinger, Hans; Roßteutscher, Sigrid; Roßteutscher, Sigrid; Schmitt-Beck, Rüdiger; Schmitt-Beck, Rüdiger; Weßels, Bernhard; Weßels, Bernhard; Wolf, Christof; Wolf, Christof"
10.4232/1.12230,"Long-term Online Tracking, T17 (GLES)","Rattinger, Hans; Rattinger, Hans; Roßteutscher, Sigrid; Roßteutscher, Sigrid; Schmitt-Beck, Rüdiger; Schmitt-Beck, Rüdiger; Weßels, Bernhard; Weßels, Bernhard; Wolf, Christof; Wolf, Christof"
10.4232/cils4eu.5353.3.3.0,Children of Immigrants Longitudinal Survey in Four European Countries (CILS4EU) - Full version. Data file for on-site use,"Kalter, Frank; Kalter, Frank; Heath, Anthony F.; Heath, Anthony F.; Hewstone, Miles; Hewstone, Miles; Jonsson, Jan O.; Jonsson, Jan O.; Kalmijn, Matthijs; Kalmijn, Matthijs; Kogan, Irena; Kogan, Irena; Tubergen, Frank van; Tubergen, Frank van; Kroneberg, Clemens; Kroneberg, Clemens; Andersson Rydell, Linus; Andersson Rydell, Linus; Brolin Låftman, Sara; Brolin Låftman, Sara; Dollmann, Jörg; Dollmann, Jörg; Engzell, Per; Engzell, Per; Geven, Sara; Geven, Sara; Horr, Andreas; Horr, Andreas; Huuva, Lou; Huuva, Lou; Jacob, Konstanze; Jacob, Konstanze; Jaspers, Eva; Jaspers, Eva; Kruse, Hanno; Kruse, Hanno; Parameshwaran, Meenakshi; Parameshwaran, Meenakshi; Rudolphi, Frida; Rudolphi, Frida; Salikutluk, Zerrin; Salikutluk, Zerrin; Smith, Sanne; Smith, Sanne; Zantvliet, Pascale van; Zantvliet, Pascale van"
10.4232/1.11389,"Long-term Online Tracking, Cumulation 2009-2011 (GLES)","Rattinger, Hans; Rattinger, Hans; Roßteutscher, Sigrid; Roßteutscher, Sigrid; Schmitt-Beck, Rüdiger; Schmitt-Beck, Rüdiger; Weßels, Bernhard; Weßels, Bernhard"
10.4232/1.12008,Europa im Kontext - Reduzierte Version,"Deth, Jan W. Van; Tausendpfund, Markus"
10.4232/cils4eu.5656.3.3.0,Children of Immigrants Longitudinal Survey in Four European Countries (CILS4EU) - Reduced version. Reduced data file for download and off-site use,"Kalter, Frank; Kalter, Frank; Heath, Anthony F.; Heath, Anthony F.; Hewstone, Miles; Hewstone, Miles; Jonsson, Jan O.; Jonsson, Jan O.; Kalmijn, Matthijs; Kalmijn, Matthijs; Kogan, Irena; Kogan, Irena; Tubergen, Frank van; Tubergen, Frank van; Kroneberg, Clemens; Kroneberg, Clemens; Andersson Rydell, Linus; Andersson Rydell, Linus; Brolin Låftman, Sara; Brolin Låftman, Sara; Dollmann, Jörg; Dollmann, Jörg; Engzell, Per; Engzell, Per; Geven, Sara; Geven, Sara; Horr, Andreas; Horr, Andreas; Jacob, Konstanze; Jacob, Konstanze; Huuva, Lou; Huuva, Lou; Kruse, Hanno; Kruse, Hanno; Jaspers, Eva; Jaspers, Eva; Parameshwaran, Meenakshi; Parameshwaran, Meenakshi; Rudolphi, Frida; Rudolphi, Frida; Salikutluk, Zerrin; Salikutluk, Zerrin; Smith, Sanne; Smith, Sanne; Zantvliet, Pascale van; Zantvliet, Pascale van"
10.4232/1.12009,Europa im Kontext - Vollversion,"Deth, Jan W. Van; Tausendpfund, Markus"
10.4232/1.12311,Auswirkungen des demographischen Wandels auf politische Einstellungen und politisches Verhalten in Deutschland,"Rattinger, Hans; Konzelmann, Laura"
10.4232/1.13231,Pre-election Cross Section (GLES 2013),"Rattinger, Hans; Rattinger, Hans; Roßteutscher, Sigrid; Roßteutscher, Sigrid; Schmitt-Beck, Rüdiger; Schmitt-Beck, Rüdiger; Weßels, Bernhard; Weßels, Bernhard; Wolf, Christof; Wolf, Christof"
10.4232/1.13232,Post-election Cross Section (GLES 2013),"Rattinger, Hans; Rattinger, Hans; Roßteutscher, Sigrid; Roßteutscher, Sigrid; Schmitt-Beck, Rüdiger; Schmitt-Beck, Rüdiger; Weßels, Bernhard; Weßels, Bernhard; Wolf, Christof; Wolf, Christof"
10.4232/1.13233,Pre- and Post-election Cross Section (Cumulation) (GLES 2013),"Rattinger, Hans; Rattinger, Hans; Roßteutscher, Sigrid; Roßteutscher, Sigrid; Schmitt-Beck, Rüdiger; Schmitt-Beck, Rüdiger; Weßels, Bernhard; Weßels, Bernhard; Wolf, Christof; Wolf, Christof"
10.4232/1.12173,Campaign Media Content Analysis: TV (GLES 2013),"Rattinger, Hans; Rattinger, Hans; Roßteutscher, Sigrid; Roßteutscher, Sigrid; Schmitt-Beck, Rüdiger; Schmitt-Beck, Rüdiger; Weßels, Bernhard; Weßels, Bernhard; Wolf, Christof; Wolf, Christof"
10.4232/1.13214,Rolling Cross-Section Campaign Survey with Post-election Panel Wave (GLES 2013),"Rattinger, Hans; Rattinger, Hans; Roßteutscher, Sigrid; Roßteutscher, Sigrid; Schmitt-Beck, Rüdiger; Schmitt-Beck, Rüdiger; Weßels, Bernhard; Weßels, Bernhard; Wolf, Christof; Wolf, Christof"
10.4232/1.12561,Short-term Campaign Panel 2013 (GLES),"Rattinger, Hans; Rattinger, Hans; Roßteutscher, Sigrid; Roßteutscher, Sigrid; Schmitt-Beck, Rüdiger; Schmitt-Beck, Rüdiger; Weßels, Bernhard; Weßels, Bernhard; Wolf, Christof; Wolf, Christof"
10.4232/1.12287,"TV Debate Analysis, Survey (GLES 2013)","Rattinger, Hans; Rattinger, Hans; Roßteutscher, Sigrid; Roßteutscher, Sigrid; Schmitt-Beck, Rüdiger; Schmitt-Beck, Rüdiger; Weßels, Bernhard; Weßels, Bernhard; Wolf, Christof; Wolf, Christof"
10.4232/1.12043,"Candidate Campaign Survey 2013, Survey and Electoral/Structural Data (GLES)","Rattinger, Hans; Rattinger, Hans; Roßteutscher, Sigrid; Roßteutscher, Sigrid; Schmitt-Beck, Rüdiger; Schmitt-Beck, Rüdiger; Weßels, Bernhard; Weßels, Bernhard; Wolf, Christof; Wolf, Christof"
10.4232/1.12722,European Candidate Study 2014 – Comparative Dataset (GLES),"Rattinger, Hans; Rattinger, Hans; Roßteutscher, Sigrid; Roßteutscher, Sigrid; Schmitt-Beck, Rüdiger; Schmitt-Beck, Rüdiger; Weßels, Bernhard; Weßels, Bernhard; Wolf, Christof; Wolf, Christof"
10.4232/1.12443,"European Parliament Election Study 2014, Candidate Survey (GLES)","Roßteutscher, Sigrid; Roßteutscher, Sigrid; Schmitt-Beck, Rüdiger; Schmitt-Beck, Rüdiger; Schoen, Harald; Schoen, Harald; Weßels, Bernhard; Weßels, Bernhard; Wolf, Christof; Wolf, Christof"
10.4232/1.12034,"Long-term Online Tracking, T19 (GLES)","Rattinger, Hans; Rattinger, Hans; Roßteutscher, Sigrid; Roßteutscher, Sigrid; Schmitt-Beck, Rüdiger; Schmitt-Beck, Rüdiger; Weßels, Bernhard; Weßels, Bernhard; Wolf, Christof; Wolf, Christof"
10.4232/1.12231,"Long-term Online Tracking, T21 (GLES)","Rattinger, Hans; Rattinger, Hans; Roßteutscher, Sigrid; Roßteutscher, Sigrid; Schmitt-Beck, Rüdiger; Schmitt-Beck, Rüdiger; Weßels, Bernhard; Weßels, Bernhard; Wolf, Christof; Wolf, Christof"
10.4232/1.13016,"Long-term Online Tracking, T20 (GLES)","Rattinger, Hans; Rattinger, Hans; Roßteutscher, Sigrid; Roßteutscher, Sigrid; Schmitt-Beck, Rüdiger; Schmitt-Beck, Rüdiger; Weßels, Bernhard; Weßels, Bernhard; Wolf, Christof; Wolf, Christof"
10.4232/1.12421,"Long-term Online Tracking, T23 (GLES)","Rattinger, Hans; Rattinger, Hans; Roßteutscher, Sigrid; Roßteutscher, Sigrid; Schmitt-Beck, Rüdiger; Schmitt-Beck, Rüdiger; Weßels, Bernhard; Weßels, Bernhard; Wolf, Christof; Wolf, Christof"
10.4232/1.12232,"Long-term Online Tracking, T22 (GLES)","Rattinger, Hans; Rattinger, Hans; Roßteutscher, Sigrid; Roßteutscher, Sigrid; Schmitt-Beck, Rüdiger; Schmitt-Beck, Rüdiger; Weßels, Bernhard; Weßels, Bernhard; Wolf, Christof; Wolf, Christof"
10.4232/1.12279,"Long-term Online Tracking, T24 (GLES)","Rattinger, Hans; Rattinger, Hans; Roßteutscher, Sigrid; Roßteutscher, Sigrid; Schmitt-Beck, Rüdiger; Schmitt-Beck, Rüdiger; Weßels, Bernhard; Weßels, Bernhard; Wolf, Christof; Wolf, Christof"
10.4232/1.12281,"Long-term Online Tracking, T26 (GLES)","Rattinger, Hans; Rattinger, Hans; Roßteutscher, Sigrid; Roßteutscher, Sigrid; Schmitt-Beck, Rüdiger; Schmitt-Beck, Rüdiger; Weßels, Bernhard; Weßels, Bernhard; Wolf, Christof; Wolf, Christof"
10.4232/1.12280,"Long-term Online Tracking, T25 (GLES)","Rattinger, Hans; Rattinger, Hans; Roßteutscher, Sigrid; Roßteutscher, Sigrid; Schmitt-Beck, Rüdiger; Schmitt-Beck, Rüdiger; Weßels, Bernhard; Weßels, Bernhard; Wolf, Christof; Wolf, Christof"
10.4232/1.12282,"Long-term Online Tracking, T27 (GLES)","Roßteutscher, Sigrid; Roßteutscher, Sigrid; Schmitt-Beck, Rüdiger; Schmitt-Beck, Rüdiger; Schoen, Harald; Schoen, Harald; Weßels, Bernhard; Weßels, Bernhard; Wolf, Christof; Wolf, Christof"
10.4232/1.12521,"Long-term Online Tracking, T28 (GLES)","Roßteutscher, Sigrid; Roßteutscher, Sigrid; Schmitt-Beck, Rüdiger; Schmitt-Beck, Rüdiger; Schoen, Harald; Schoen, Harald; Weßels, Bernhard; Weßels, Bernhard; Wolf, Christof; Wolf, Christof"
10.4232/1.12522,"Long-term Online Tracking, T29 (GLES)","Roßteutscher, Sigrid; Roßteutscher, Sigrid; Schmitt-Beck, Rüdiger; Schmitt-Beck, Rüdiger; Schoen, Harald; Schoen, Harald; Weßels, Bernhard; Weßels, Bernhard; Wolf, Christof; Wolf, Christof"
10.4232/1.12655,"Long-term Online Tracking, T31 (GLES)","Roßteutscher, Sigrid; Roßteutscher, Sigrid; Schmitt-Beck, Rüdiger; Schmitt-Beck, Rüdiger; Schoen, Harald; Schoen, Harald; Weßels, Bernhard; Weßels, Bernhard; Wolf, Christof; Wolf, Christof"
10.4232/1.12540,"Long-term Online Tracking, T30 (GLES)","Roßteutscher, Sigrid; Roßteutscher, Sigrid; Schmitt-Beck, Rüdiger; Schmitt-Beck, Rüdiger; Schoen, Harald; Schoen, Harald; Weßels, Bernhard; Weßels, Bernhard; Wolf, Christof; Wolf, Christof"
10.4232/1.12625,"Long-term Online Tracking, T32 (GLES)","Roßteutscher, Sigrid; Roßteutscher, Sigrid; Schmitt-Beck, Rüdiger; Schmitt-Beck, Rüdiger; Schoen, Harald; Schoen, Harald; Weßels, Bernhard; Weßels, Bernhard; Wolf, Christof; Wolf, Christof"
10.4232/1.12675,"Long-term Online Tracking, T33 (GLES)","Roßteutscher, Sigrid; Roßteutscher, Sigrid; Schmitt-Beck, Rüdiger; Schmitt-Beck, Rüdiger; Schoen, Harald; Schoen, Harald; Weßels, Bernhard; Weßels, Bernhard; Wolf, Christof; Wolf, Christof"
10.4232/1.12731,"Long-term Online Tracking, T34 (GLES)","Roßteutscher, Sigrid; Roßteutscher, Sigrid; Schmitt-Beck, Rüdiger; Schmitt-Beck, Rüdiger; Schoen, Harald; Schoen, Harald; Weßels, Bernhard; Weßels, Bernhard; Wolf, Christof; Wolf, Christof"
10.4232/1.12038,Long-term-Online-Tracking of State Election Lower Saxony 2013 (GLES),"Rattinger, Hans; Rattinger, Hans; Roßteutscher, Sigrid; Roßteutscher, Sigrid; Schmitt-Beck, Rüdiger; Schmitt-Beck, Rüdiger; Weßels, Bernhard; Weßels, Bernhard; Wolf, Christof; Wolf, Christof"
10.4232/1.12039,Long-term-Online-Tracking of State Election Bavaria 2013 (GLES),"Rattinger, Hans; Rattinger, Hans; Roßteutscher, Sigrid; Roßteutscher, Sigrid; Schmitt-Beck, Rüdiger; Schmitt-Beck, Rüdiger; Weßels, Bernhard; Weßels, Bernhard; Wolf, Christof; Wolf, Christof"
10.4232/1.12422,Long-term-Online-Tracking of State Election Hesse 2013 (GLES),"Rattinger, Hans; Rattinger, Hans; Roßteutscher, Sigrid; Roßteutscher, Sigrid; Schmitt-Beck, Rüdiger; Schmitt-Beck, Rüdiger; Weßels, Bernhard; Weßels, Bernhard; Wolf, Christof; Wolf, Christof"
10.4232/1.12283,Long-term-Online-Tracking of State Election Saxony 2014 (GLES),"Rattinger, Hans; Rattinger, Hans; Roßteutscher, Sigrid; Roßteutscher, Sigrid; Schmitt-Beck, Rüdiger; Schmitt-Beck, Rüdiger; Weßels, Bernhard; Weßels, Bernhard; Wolf, Christof; Wolf, Christof"
10.4232/1.12284,Long-term-Online-Tracking of State Election Brandenburg 2014 (GLES),"Rattinger, Hans; Rattinger, Hans; Roßteutscher, Sigrid; Roßteutscher, Sigrid; Schmitt-Beck, Rüdiger; Schmitt-Beck, Rüdiger; Weßels, Bernhard; Weßels, Bernhard; Wolf, Christof; Wolf, Christof"
10.4232/1.12532,Longterm Online Tracking at State Election Saxony-Anhalt 2016 (GLES),"Roßteutscher, Sigrid; Roßteutscher, Sigrid; Schmitt-Beck, Rüdiger; Schmitt-Beck, Rüdiger; Schoen, Harald; Schoen, Harald; Weßels, Bernhard; Weßels, Bernhard; Wolf, Christof; Wolf, Christof"
10.4232/1.12531,Longterm Online Tracking at State Election Baden-Württemberg 2016 (GLES),"Roßteutscher, Sigrid; Roßteutscher, Sigrid; Schmitt-Beck, Rüdiger; Schmitt-Beck, Rüdiger; Schoen, Harald; Schoen, Harald; Weßels, Bernhard; Weßels, Bernhard; Wolf, Christof; Wolf, Christof"
10.4232/1.12285,Long-term-Online-Tracking of State Election Thuringia 2014 (GLES),"Rattinger, Hans; Rattinger, Hans; Roßteutscher, Sigrid; Roßteutscher, Sigrid; Schmitt-Beck, Rüdiger; Schmitt-Beck, Rüdiger; Weßels, Bernhard; Weßels, Bernhard; Wolf, Christof; Wolf, Christof"
10.4232/1.12533,Longterm Online Tracking at State Election Rhineland-Palatinate 2016 (GLES),"Roßteutscher, Sigrid; Roßteutscher, Sigrid; Schmitt-Beck, Rüdiger; Schmitt-Beck, Rüdiger; Schoen, Harald; Schoen, Harald; Weßels, Bernhard; Weßels, Bernhard; Wolf, Christof; Wolf, Christof"
10.4232/1.12674,Longterm Online Tracking at State Election Mecklenburg-Western Pomerania 2016 (GLES),"Roßteutscher, Sigrid; Roßteutscher, Sigrid; Schmitt-Beck, Rüdiger; Schmitt-Beck, Rüdiger; Schoen, Harald; Schoen, Harald; Weßels, Bernhard; Weßels, Bernhard; Wolf, Christof; Wolf, Christof"
10.4232/1.12630,"Long-term Online-Tracking, Cumulation 2009-2014, Module questions (GLES)","Rattinger, Hans; Rattinger, Hans; Roßteutscher, Sigrid; Roßteutscher, Sigrid; Schmitt-Beck, Rüdiger; Schmitt-Beck, Rüdiger; Weßels, Bernhard; Weßels, Bernhard; Wolf, Christof; Wolf, Christof"
10.4232/1.12629,"Long-term Online-Tracking, Cumulation 2009-2014, Core questions (GLES)","Rattinger, Hans; Rattinger, Hans; Roßteutscher, Sigrid; Roßteutscher, Sigrid; Schmitt-Beck, Rüdiger; Schmitt-Beck, Rüdiger; Weßels, Bernhard; Weßels, Bernhard; Wolf, Christof; Wolf, Christof"
10.4232/1.12165,Short-term Campaign Panel 2013 – Control Group II (to Panel Wave 5) (GLES),"Rattinger, Hans; Rattinger, Hans; Roßteutscher, Sigrid; Roßteutscher, Sigrid; Schmitt-Beck, Rüdiger; Schmitt-Beck, Rüdiger; Weßels, Bernhard; Weßels, Bernhard; Wolf, Christof; Wolf, Christof"
10.4232/1.12164,Short-term Campaign Panel 2013 – Control Group I (to Panel Wave 3) (GLES),"Rattinger, Hans; Rattinger, Hans; Roßteutscher, Sigrid; Roßteutscher, Sigrid; Schmitt-Beck, Rüdiger; Schmitt-Beck, Rüdiger; Weßels, Bernhard; Weßels, Bernhard; Wolf, Christof; Wolf, Christof"
10.4232/1.12535,Short-term Campaign Panel 2013 – Control Group III (to Panel Wave 7) (GLES),"Rattinger, Hans; Rattinger, Hans; Roßteutscher, Sigrid; Roßteutscher, Sigrid; Schmitt-Beck, Rüdiger; Schmitt-Beck, Rüdiger; Weßels, Bernhard; Weßels, Bernhard; Wolf, Christof; Wolf, Christof"
10.4232/1.12536,Repeatedly questioned respondents of the Short-term Campaign Panel 2009 and 2013 (GLES),"Rattinger, Hans; Rattinger, Hans; Roßteutscher, Sigrid; Roßteutscher, Sigrid; Schmitt-Beck, Rüdiger; Schmitt-Beck, Rüdiger; Weßels, Bernhard; Weßels, Bernhard; Wolf, Christof; Wolf, Christof"
10.4232/1.12490,"Intermediate inquiry 2014 of Long-term Panel started in 2005,2009 and 2013 and of Short-term Campaign Panel 2013 (GLES)","Rattinger, Hans; Rattinger, Hans; Roßteutscher, Sigrid; Roßteutscher, Sigrid; Schmitt-Beck, Rüdiger; Schmitt-Beck, Rüdiger; Weßels, Bernhard; Weßels, Bernhard; Wolf, Christof; Wolf, Christof"
10.4232/1.12491,"Intermediate inquiry 2015 of Long-term Panel started in 2005,2009 and 2013 and of Short-term Campaign Panel 2013 (GLES)","Roßteutscher, Sigrid; Roßteutscher, Sigrid; Schmitt-Beck, Rüdiger; Schmitt-Beck, Rüdiger; Schoen, Harald; Schoen, Harald; Weßels, Bernhard; Weßels, Bernhard; Wolf, Christof; Wolf, Christof"
10.4232/1.12750,"Intermediate inquiry 2016 of Long-term Panel started in 2005,2009 and 2013 (GLES)","Roßteutscher, Sigrid; Roßteutscher, Sigrid; Schmitt-Beck, Rüdiger; Schmitt-Beck, Rüdiger; Schoen, Harald; Schoen, Harald; Weßels, Bernhard; Weßels, Bernhard; Wolf, Christof; Wolf, Christof"
10.4232/1.13018,Long-term Panel 2013-2017 (GLES),"Roßteutscher, Sigrid; Roßteutscher, Sigrid; Schmitt-Beck, Rüdiger; Schmitt-Beck, Rüdiger; Schoen, Harald; Schoen, Harald; Weßels, Bernhard; Weßels, Bernhard; Wolf, Christof; Wolf, Christof"
10.4232/1.12141,Sprachliche Kompetenzen Pädagogischer Fachkräfte (SprachKoPF),"Thoma, Dieter; Tracy, Rosemarie"
10.4232/1.12610,"German Internet Panel, Welle 4 (März 2013)","Blom, Annelies G.; Bossert, Dayana; Funke, Frederik; Gebhard, Franziska; Holthausen, Annette; Krieger, Ulrich; SFB 884 \\""Political Economy Of Reforms\\"" Universität Mannheim"
10.4232/1.12611,"German Internet Panel, Wave 5 (May 2013)","Blom, Annelies G.; Blom, Annelies G.; Bossert, Dayana; Bossert, Dayana; Funke, Frederik; Funke, Frederik; Gebhard, Franziska; Gebhard, Franziska; Holthausen, Annette; Holthausen, Annette; Krieger, Ulrich; Krieger, Ulrich; SFB 884 \\""Political Economy of Reforms\\"" Universität Mannheim; SFB 884 \\""Political Economy of Reforms\\"" Universität Mannheim"
10.4232/1.12612,"German Internet Panel, Welle 6 (Juli 2013)","Blom, Annelies G.; Bossert, Dayana; Gebhard, Franziska; Funke, Frederik; Holthausen, Annette; Krieger, Ulrich; SFB 884 \\""Political Economy Of Reforms\\"" Universität Mannheim"
10.4232/1.12614,"German Internet Panel, Welle 8 (November 2013)","Blom, Annelies G.; Blom, Annelies G.; Bossert, Dayana; Bossert, Dayana; Funke, Frederik; Funke, Frederik; Gebhard, Franziska; Gebhard, Franziska; Holthausen, Annette; Holthausen, Annette; Krieger, Ulrich; Krieger, Ulrich; SFB 884 \\""Political Economy of Reforms\\"" Universität Mannheim; SFB 884 \\""Political Economy of Reforms\\"" Universität Mannheim"
10.4232/1.12616,"German Internet Panel, Wave 10 (March 2014)","Blom, Annelies G.; Blom, Annelies G.; Bossert, Dayana; Bossert, Dayana; Gebhard, Franziska; Gebhard, Franziska; Holthausen, Annette; Holthausen, Annette; Krieger, Ulrich; Krieger, Ulrich; SFB 884 ´Political Economy of Reforms´; SFB 884 ´Political Economy of Reforms´"
10.4232/1.12617,"German Internet Panel, Welle 11 (Mai 2014)","Blom, Annelies G.; Bossert, Dayana; Gebhard, Franziska; Holthausen, Annette; Krieger, Ulrich; SFB 884 ´Political Economy Of Reforms´"
10.4232/1.12618,"German Internet Panel, Wave 12 (July 2014)","Blom, Annelies G.; Blom, Annelies G.; Bossert, Dayana; Bossert, Dayana; Gebhard, Franziska; Gebhard, Franziska; Holthausen, Annette; Holthausen, Annette; Krieger, Ulrich; Krieger, Ulrich; SFB 884 ´Political Economy of Reforms´; SFB 884 ´Political Economy of Reforms´"
10.4232/1.12619,"German Internet Panel, Welle 13 - Core Study (September 2014)","Blom, Annelies G.; Blom, Annelies G.; Bossert, Dayana; Bossert, Dayana; Gebhard, Franziska; Gebhard, Franziska; Funke, Frederik; Funke, Frederik; Holthausen, Annette; Holthausen, Annette; Krieger, Ulrich; Krieger, Ulrich; SFB 884 ´Political Economy of Reforms´; SFB 884 ´Political Economy of Reforms´"
10.4232/1.12621,"German Internet Panel, Welle 15 (Januar 2015)","Blom, Annelies G.; Blom, Annelies G.; Bossert, Dayana; Bossert, Dayana; Gebhard, Franziska; Gebhard, Franziska; Herzing, Jessica; Herzing, Jessica; Krieger, Ulrich; Krieger, Ulrich; SFB 884 ´Political Economy of Reforms´; SFB 884 ´Political Economy of Reforms´"
10.4232/1.12205,Demokratie Audit Mannheim (DAMA),"Deth, Jan W. Van; Schmitt-Beck, Rüdiger; Perry, Sarah; Faas, Thorsten"
10.4232/1.12623,"German Internet Panel, Wave 17 (May 2015)","Blom, Annelies G.; Blom, Annelies G.; Bossert, Dayana; Bossert, Dayana; Felderer, Barbara; Felderer, Barbara; Gebhard, Franziska; Gebhard, Franziska; Herzing, Jessica; Herzing, Jessica; Krieger, Ulrich; Krieger, Ulrich; SFB 884 ´Political Economy of Reforms´; SFB 884 ´Political Economy of Reforms´"
10.4232/1.12624,"German Internet Panel, Wave 18 (July 2015)","Blom, Annelies G.; Blom, Annelies G.; Bossert, Dayana; Bossert, Dayana; Felderer, Barbara; Felderer, Barbara; Gebhard, Franziska; Gebhard, Franziska; Herzing, Jessica; Herzing, Jessica; Krieger, Ulrich; Krieger, Ulrich; SFB 884 ´Political Economy of Reforms´; SFB 884 ´Political Economy of Reforms´"
10.4232/1.12622,"German Internet Panel, Wave 16 (March 2015)","Blom, Annelies G.; Blom, Annelies G.; Bossert, Dayana; Bossert, Dayana; Gebhard, Franziska; Gebhard, Franziska; Jessica Herzing; Jessica Herzing; Krieger, Ulrich; Krieger, Ulrich; SFB 884 ´Political Economy of Reforms´; SFB 884 ´Political Economy of Reforms´"
10.4232/1.12840,"German Internet Panel, Welle 20 (November 2015)","Blom, Annelies G.; Blom, Annelies G.; Bruch, Christian; Bruch, Christian; Felderer, Barbara; Felderer, Barbara; Gebhard, Franziska; Gebhard, Franziska; Herzing, Jessica; Herzing, Jessica; Krieger, Ulrich; Krieger, Ulrich; SFB 884 ´Political Economy of Reforms´, Universität Mannheim; SFB 884 ´Political Economy of Reforms´, Universität Mannheim"
10.4232/cils4eu.5994.2.0.0,CILS4EU Campus Use File,"Kalter, Frank; Kalter, Frank; Kogan, Irena; Kogan, Irena; Dollmann, Jörg; Dollmann, Jörg; Horr, Andreas; Horr, Andreas; Jacob, Konstanze; Jacob, Konstanze; Kruse, Hanno; Kruse, Hanno; Salikutluk, Zerrin; Salikutluk, Zerrin; Kroneberg, Clemens; Kroneberg, Clemens; Heath, Anthony F.; Heath, Anthony F.; Hewstone, Miles; Hewstone, Miles; Parameshwaran, Meenakshi; Parameshwaran, Meenakshi; Kalmijn, Matthijs; Kalmijn, Matthijs; Tubergen, Frank van; Tubergen, Frank van; Geven, Sara; Geven, Sara; Jaspers, Eva; Jaspers, Eva; Smith, Sanne; Smith, Sanne; Zantvliet, Pascale van; Zantvliet, Pascale van; Jonsson, Jan O.; Jonsson, Jan O.; Andersson Rydell, Linus; Andersson Rydell, Linus"
10.7804/cses.trendfile.2016-05-31,CSES Module 1-3 Harmonized Trend File,"McAllister, Ian; McAllister, Ian; Rotman, David; Rotman, David; Veremeeva, Natalia; Veremeeva, Natalia; Levitskaya, Irina; Levitskaya, Irina; Frognier, André-Paul; Frognier, André-Paul; Billiet, Jaak; Billiet, Jaak; Blais, André; Blais, André; Gidengil, Elisabeth; Gidengil, Elisabeth; Nadeau, Richard; Nadeau, Richard; Nevitte, Neil; Nevitte, Neil; Lagos, Marta; Lagos, Marta; Tóka, Gábor; Tóka, Gábor; Andersen, Jørgen G.; Andersen, Jørgen G.; Schmitt, Hermann; Schmitt, Hermann; Weßels, Bernhard; Weßels, Bernhard; Curtice, John; Curtice, John; Heath, Anthony; Heath, Anthony; Jowell, Roger; Jowell, Roger; Norris, Pippa; Norris, Pippa; Pang-kwong, Li; Pang-kwong, Li; Hardarson, Ólafur T.; Hardarson, Ólafur T.; Arian, Asher; Arian, Asher; Shamir, Michal; Shamir, Michal; Nishizawa, Yoshitaka; Nishizawa, Yoshitaka; Lee, Nam-Young; Lee, Nam-Young; Alisauskiene, Rasa; Alisauskiene, Rasa; Liubsiene, Elena; Liubsiene, Elena; Beltrán, Ulises; Beltrán, Ulises; Nacif Hernández, Benito; Nacif Hernández, Benito; Aarts, Kees; Aarts, Kees; Aimer, Peter; Aimer, Peter; Vowles, Jack; Vowles, Jack; Banducci, Susan; Banducci, Susan; Karp, Jeffrey A.; Karp, Jeffrey A.; Aardal, Bernt; Aardal, Bernt; Valen, Henry; Valen, Henry; Romero, Catalina; Romero, Catalina; Jasiewicz, Krzysztof; Jasiewicz, Krzysztof; Markowski, Radoslaw; Markowski, Radoslaw; Barreto, Antonio; Barreto, Antonio; Freire, Andre; Freire, Andre; Badescu, Gabriel; Badescu, Gabriel; Sum, Paul; Sum, Paul; Colton, Timothy; Colton, Timothy; Kozyreva, Polina; Kozyreva, Polina; Stebe, Janez; Stebe, Janez; Tos, Niko; Tos, Niko; Díez Nicolás, Juan; Díez Nicolás, Juan; Holmberg, Sören; Holmberg, Sören; Hardmeier, Sibylle; Hardmeier, Sibylle; Selb, Peter; Selb, Peter; Chu, Yun-Han; Chu, Yun-Han; Albritton, Robert B.; Albritton, Robert B.; Bureekul, Thawilwadee; Bureekul, Thawilwadee; American National Election Studies (ANES), Center for Political Studies, Institute for Social Research, University of Michigan, Ann Arbor, United States; American National Election Studies (ANES), Center for Political Studies, Institute for Social Research, University of Michigan, Ann Arbor, United States; Center for Political Studies, Institute for Social Research, University of Michigan, United States; Center for Political Studies, Institute for Social Research, University of Michigan, United States; Balakireva, Olga; Balakireva, Olga; Sapiro, Virginia; Sapiro, Virginia; Shively, W. Phillips; Shively, W. Phillips; Ilirjani, Altin; Ilirjani, Altin; Bean, Clive; Bean, Clive; Gibson, Rachel K.; Gibson, Rachel K.; De Winter, Lieven; De Winter, Lieven; Swyngedouw, Marc; Swyngedouw, Marc; de Almeida, Alberto C.; de Almeida, Alberto C.; Meneguello, Rachel; Meneguello, Rachel; Popova, Radosveta; Popova, Radosveta; Everitt, Joanna; Everitt, Joanna; Fournier, Patrick; Fournier, Patrick; Linek, Lukas; Linek, Lukas; Mansfeldova, Zdenka; Mansfeldova, Zdenka; Seidlova, Adela; Seidlova, Adela; Rathlev, Jakob; Rathlev, Jakob; Paloheimo, Heikki; Paloheimo, Heikki; Pehkonen, Juhani; Pehkonen, Juhani; Gschwend, Thomas; Gschwend, Thomas; Rattinger, Hans; Rattinger, Hans; Gabriel, Oscar; Gabriel, Oscar; Fisher, Steve; Fisher, Steve; Thomson, Katarina; Thomson, Katarina; Schadee, Hans; Schadee, Hans; Marsh, Michael; Marsh, Michael; Segatti, Paolo; Segatti, Paolo; Hirano, Hiroshi; Hirano, Hiroshi; Ikeda, Ken´ichi; Ikeda, Ken´ichi; Kobayashi, Yoshiaki; Kobayashi, Yoshiaki; Kim, Hyung J.; Kim, Hyung J.; Kim, Wook; Kim, Wook; Isaev, Kusein; Isaev, Kusein; Ocampo Alcantar, Rolando; Ocampo Alcantar, Rolando; Pérez, Olivia; Pérez, Olivia; Irwin, Galen A.; Irwin, Galen A.; van Holsteyn, Joop J.M.; van Holsteyn, Joop J.M.; Sulmont, David; Sulmont, David; Guerrero, Linda Luz B.; Guerrero, Linda Luz B.; Licudine, Vladymir J.; Licudine, Vladymir J.; Sandoval, Gerardo; Sandoval, Gerardo; Costa Lobo, Marina; Costa Lobo, Marina; Magalhães, Pedro; Magalhães, Pedro; Gheorghita, Andrei; Gheorghita, Andrei"
10.4232/1.12488,Demokratie-Monitoring Baden-Württemberg 2013/2014: Bürger und Demokratie in Baden-Württemberg,"Deth, Jan W. Van; Schmitt-Beck, Rüdiger; Perry, Sarah; Faas, Thorsten"
10.4232/cils4eu-de.6655.7.0.0,Children of Immigrants Longitudinal Survey in Four European Countries - Germany (CILS4EU-DE) - Full version. Data file for on-site use,"Kalter, Frank; Kalter, Frank; Kogan, Irena; Kogan, Irena; Dollmann, Jörg; Dollmann, Jörg"
10.4232/cils4eu-de.6656.7.0.0,Children of Immigrants Longitudinal Survey in Four European Countries - Germany (CILS4EU-DE) - Reduced version. Reduced data file for download and off-site use,"Kalter, Frank; Kalter, Frank; Kogan, Irena; Kogan, Irena; Dollmann, Jörg; Dollmann, Jörg"
10.4232/1.12841,"German Internet Panel, Welle 21 (Januar 2016)","Blom, Annelies G.; Blom, Annelies G.; Bruch, Christian; Bruch, Christian; Felderer, Barbara; Felderer, Barbara; Gebhard, Franziska; Gebhard, Franziska; Herzing, Jessica; Herzing, Jessica; Krieger, Ulrich; Krieger, Ulrich; SFB 884 ´Political Economy of Reforms´, Universität Mannheim; SFB 884 ´Political Economy of Reforms´, Universität Mannheim"
10.4232/1.12842,"German Internet Panel, Wave 22 (March 2016)","Blom, Annelies G.; Blom, Annelies G.; Bruch, Christian; Bruch, Christian; Felderer, Barbara; Felderer, Barbara; Gebhard, Franziska; Gebhard, Franziska; Herzing, Jessica; Herzing, Jessica; Krieger, Ulrich; Krieger, Ulrich; SFB 884 ´Political Economy of Reforms´, Universität Mannheim; SFB 884 ´Political Economy of Reforms´, Universität Mannheim"
10.4232/1.12755,"German Internet Panel, Welle 25 - Core Study (September 2016)","Blom, Annelies G.; Blom, Annelies G.; Bruch, Christian; Bruch, Christian; Felderer, Barbara; Felderer, Barbara; Gebhard, Franziska; Gebhard, Franziska; Herzing, Jessica; Herzing, Jessica; Krieger, Ulrich; Krieger, Ulrich; SFB 884 ´Political Economy of Reforms´, Universität Mannheim; SFB 884 ´Political Economy of Reforms´, Universität Mannheim"
10.4232/1.12843,"German Internet Panel, Welle 23 (Mai 2016)","Blom, Annelies G.; Bruch, Christian; Felderer, Barbara; Gebhard, Franziska; Herzing, Jessica; Krieger, Ulrich; SFB 884 ´Political Economy Of Reforms´, Universität Mannheim"
10.4232/1.12784,"German Internet Panel, Welle 26 (November 2016)","Blom, Annelies G.; Blom, Annelies G.; Bruch, Christian; Bruch, Christian; Felderer, Barbara; Felderer, Barbara; Gebhard, Franziska; Gebhard, Franziska; Herzing, Jessica; Herzing, Jessica; Krieger, Ulrich; Krieger, Ulrich; SFB 884 ´Political Economy of Reforms´, Universität Mannheim; SFB 884 ´Political Economy of Reforms´, Universität Mannheim"
10.4232/1.12844,"German Internet Panel, Welle 24 (Juli 2016)","Blom, Annelies G.; Bruch, Christian; Felderer, Barbara; Gebhard, Franziska; Herzing, Jessica; Krieger, Ulrich; SFB 884 ´Political Economy Of Reforms´, Universität Mannheim"
10.4232/1.12740,Nachhaltige Medienevents? Produktion und diskursive Wirkung globaler inszenierter politischer Medienevents am Beispiel des Klimawandels,"Wessler, Hartmut"
10.4232/1.14290,Pre-election Cross Section (GLES 2017),"Roßteutscher, Sigrid; Roßteutscher, Sigrid; Schmitt-Beck, Rüdiger; Schmitt-Beck, Rüdiger; Schoen, Harald; Schoen, Harald; Weßels, Bernhard; Weßels, Bernhard; Wolf, Christof; Wolf, Christof"
10.4232/1.13235,Post-election Cross Section (GLES 2017),"Roßteutscher, Sigrid; Roßteutscher, Sigrid; Schmitt-Beck, Rüdiger; Schmitt-Beck, Rüdiger; Schoen, Harald; Schoen, Harald; Weßels, Bernhard; Weßels, Bernhard; Wolf, Christof; Wolf, Christof"
10.4232/1.13236,Pre- and Post-election Cross Section (Cumulation) (GLES 2017),"Roßteutscher, Sigrid; Roßteutscher, Sigrid; Schmitt-Beck, Rüdiger; Schmitt-Beck, Rüdiger; Schoen, Harald; Schoen, Harald; Weßels, Bernhard; Weßels, Bernhard; Wolf, Christof; Wolf, Christof"
10.4232/1.13948,Rolling Cross-Section Campaign Survey with Post-election Panel Wave (GLES 2017),"Roßteutscher, Sigrid; Roßteutscher, Sigrid; Schmitt-Beck, Rüdiger; Schmitt-Beck, Rüdiger; Schoen, Harald; Schoen, Harald; Weßels, Bernhard; Weßels, Bernhard; Wolf, Christof; Wolf, Christof"
10.4232/1.13421,Short-term Campaign Panel 2017 – Control Group I (to Panel Wave 4) (GLES),"Roßteutscher, Sigrid; Roßteutscher, Sigrid; Schmitt-Beck, Rüdiger; Schmitt-Beck, Rüdiger; Schoen, Harald; Schoen, Harald; Weßels, Bernhard; Weßels, Bernhard; Wolf, Christof; Wolf, Christof"
10.4232/1.13323,Short-term Campaign Panel (GLES 2017),"Roßteutscher, Sigrid; Roßteutscher, Sigrid; Schmitt-Beck, Rüdiger; Schmitt-Beck, Rüdiger; Schoen, Harald; Schoen, Harald; Weßels, Bernhard; Weßels, Bernhard; Wolf, Christof; Wolf, Christof"
10.4232/1.13422,Short-term Campaign Panel 2017 – Control Group II (to Panel Wave 6) (GLES),"Roßteutscher, Sigrid; Roßteutscher, Sigrid; Schmitt-Beck, Rüdiger; Schmitt-Beck, Rüdiger; Schoen, Harald; Schoen, Harald; Weßels, Bernhard; Weßels, Bernhard; Wolf, Christof; Wolf, Christof"
10.4232/1.13423,Short-term Campaign Panel 2017 – Control Group III (to Panel Wave 8) (GLES),"Roßteutscher, Sigrid; Roßteutscher, Sigrid; Schmitt-Beck, Rüdiger; Schmitt-Beck, Rüdiger; Schoen, Harald; Schoen, Harald; Weßels, Bernhard; Weßels, Bernhard; Wolf, Christof; Wolf, Christof"
10.4232/1.13130,"Campaign Media Content Analysis, Print Media (GLES 2017)","Roßteutscher, Sigrid; Roßteutscher, Sigrid; Schmitt-Beck, Rüdiger; Schmitt-Beck, Rüdiger; Schoen, Harald; Schoen, Harald; Weßels, Bernhard; Weßels, Bernhard; Wolf, Christof; Wolf, Christof"
10.4232/1.12795,"Longterm-Online-Tracking, T35 (GLES)","Roßteutscher, Sigrid; Roßteutscher, Sigrid; Schmitt-Beck, Rüdiger; Schmitt-Beck, Rüdiger; Schoen, Harald; Schoen, Harald; Weßels, Bernhard; Weßels, Bernhard; Wolf, Christof; Wolf, Christof"
10.4232/1.12872,"Longterm-Online-Tracking, T36 (GLES)","Roßteutscher, Sigrid; Roßteutscher, Sigrid; Schmitt-Beck, Rüdiger; Schmitt-Beck, Rüdiger; Schoen, Harald; Schoen, Harald; Weßels, Bernhard; Weßels, Bernhard; Wolf, Christof; Wolf, Christof"
10.4232/1.13009,Longterm-Online-Tracking T38 (GLES),"Roßteutscher, Sigrid; Roßteutscher, Sigrid; Schmitt-Beck, Rüdiger; Schmitt-Beck, Rüdiger; Schoen, Harald; Schoen, Harald; Weßels, Bernhard; Weßels, Bernhard; Wolf, Christof; Wolf, Christof"
10.4232/1.13295,Longterm-Online-Tracking T37 (GLES),"Roßteutscher, Sigrid; Roßteutscher, Sigrid; Schmitt-Beck, Rüdiger; Schmitt-Beck, Rüdiger; Schoen, Harald; Schoen, Harald; Weßels, Bernhard; Weßels, Bernhard; Wolf, Christof; Wolf, Christof"
10.4232/1.12851,Long-term-Online-Tracking of State Election Schleswig-Holstein 2017 (GLES),"Roßteutscher, Sigrid; Roßteutscher, Sigrid; Schmitt-Beck, Rüdiger; Schmitt-Beck, Rüdiger; Schoen, Harald; Schoen, Harald; Weßels, Bernhard; Weßels, Bernhard; Wolf, Christof; Wolf, Christof"
10.4232/1.12852,Long-term-Online-Tracking of State Election North Rhine-Westphalia 2017 (GLES),"Roßteutscher, Sigrid; Roßteutscher, Sigrid; Schmitt-Beck, Rüdiger; Schmitt-Beck, Rüdiger; Schoen, Harald; Schoen, Harald; Weßels, Bernhard; Weßels, Bernhard; Wolf, Christof; Wolf, Christof"
10.4232/1.13057,Pretest 2017 (GLES),"Roßteutscher, Sigrid; Roßteutscher, Sigrid; Schmitt-Beck, Rüdiger; Schmitt-Beck, Rüdiger; Schoen, Harald; Schoen, Harald; Weßels, Bernhard; Weßels, Bernhard; Wolf, Christof; Wolf, Christof"
10.4232/1.13151,Short-term Campaign Panel - Lower Saxony election wave (GLES 2017),"Roßteutscher, Sigrid; Roßteutscher, Sigrid; Schmitt-Beck, Rüdiger; Schmitt-Beck, Rüdiger; Schoen, Harald; Schoen, Harald; Weßels, Bernhard; Weßels, Bernhard; Wolf, Christof; Wolf, Christof"
10.4232/1.14031,"GLES Cross-Section 2013-2021, Sensitive Regional Data","Debus, Marc; Debus, Marc; Faas, Thorsten; Faas, Thorsten; Rattinger, Hans; Rattinger, Hans; Roßteutscher, Sigrid; Roßteutscher, Sigrid; Schmitt-Beck, Rüdiger; Schmitt-Beck, Rüdiger; Schoen, Harald; Schoen, Harald; Weßels, Bernhard; Weßels, Bernhard; Wolf, Christof; Wolf, Christof"
10.4232/1.13262,"TV-Duell-Analyse, Real-Time-Response-Daten Fünfkampf (pushbutton) (GLES 2017)","Roßteutscher, Sigrid; Schmitt-Beck, Rüdiger; Schoen, Harald; Weßels, Bernhard; Wolf, Christof"
10.4232/1.12889,"German Internet Panel, Welle 27 (Januar 2017)","Blom, Annelies G.; Blom, Annelies G.; Bruch, Christian; Bruch, Christian; Felderer, Barbara; Felderer, Barbara; Gebhard, Franziska; Gebhard, Franziska; Herzing, Jessica; Herzing, Jessica; Krieger, Ulrich; Krieger, Ulrich; SFB 884 ´Political Economy of Reforms´, Universität Mannheim; SFB 884 ´Political Economy of Reforms´, Universität Mannheim"
10.4232/1.12890,"German Internet Panel, Welle 28 (März 2017)","Blom, Annelies G.; Bruch, Christian; Felderer, Barbara; Gebhard, Franziska; Herzing, Jessica; Krieger, Ulrich; SFB 884 ´Political Economy Of Reforms´, Universität Mannheim"
10.4232/1.12976,"German Internet Panel, Welle 29 (Mai 2017)","Blom, Annelies G.; Felderer, Barbara; Gebhard, Franziska; Herzing, Jessica; Krieger, Ulrich; SFB 884 ´Political Economy Of Reforms´, Universität Mannheim"
10.4232/1.13153,"German Internet Panel, Wave 30 (July 2017)","Blom, Annelies G.; Blom, Annelies G.; Felderer, Barbara; Felderer, Barbara; Herzing, Jessica; Herzing, Jessica; Krieger, Ulrich; Krieger, Ulrich; Rettig, Tobias; Rettig, Tobias; SFB 884 ´Political Economy of Reforms´, Universität Mannheim; SFB 884 ´Political Economy of Reforms´, Universität Mannheim"
10.4232/1.13011,"German Internet Panel, Welle 31 - Core Study (September 2017)","Blom, Annelies G.; Blom, Annelies G.; Felderer, Barbara; Felderer, Barbara; Höhne, Jan K.; Höhne, Jan K.; Krieger, Ulrich; Krieger, Ulrich; Rettig, Tobias; Rettig, Tobias; SFB 884 ´Political Economy of Reforms´, Universität Mannheim; SFB 884 ´Political Economy of Reforms´, Universität Mannheim"
10.4232/1.13043,"German Internet Panel, Welle 32 (November 2017)","Blom, Annelies G.; Blom, Annelies G.; Felderer, Barbara; Felderer, Barbara; Höhne, Jan Karem; Höhne, Jan Karem; Krieger, Ulrich; Krieger, Ulrich; Rettig, Tobias; Rettig, Tobias; SFB 884 ´Political Economy of Reforms´, Universität Mannheim; SFB 884 ´Political Economy of Reforms´, Universität Mannheim"
10.4232/1.13155,"German Internet Panel, Welle 33 (Januar 2018)","Blom, Annelies G.; Blom, Annelies G.; Felderer, Barbara; Felderer, Barbara; Höhne, Jan Karem; Höhne, Jan Karem; Krieger, Ulrich; Krieger, Ulrich; Rettig, Tobias; Rettig, Tobias; SFB 884 ´Political Economy of Reforms´, Universität Mannheim; SFB 884 ´Political Economy of Reforms´, Universität Mannheim"
10.4232/1.13156,"German Internet Panel, Welle 34 (März 2018)","Blom, Annelies G.; Felderer, Barbara; Höhne, Jan Karem; Krieger, Ulrich; Rettig, Tobias; SFB 884 ´Political Economy Of Reforms´, Universität Mannheim"
10.4232/1.13388,"German Internet Panel, Welle 35 (Mai 2018)","Blom, Annelies G.; Fikel, Marina; Friedel, Sabine; Höhne, Jan Karem; Krieger, Ulrich; Rettig, Tobias; Wenz, Alexander; SFB 884 ´Political Economy Of Reforms´, Universität Mannheim"
10.4232/1.13389,"German Internet Panel, Welle 36 (Juli 2018)","Blom, Annelies G.; Fikel, Marina; Friedel, Sabine; Höhne, Jan Karem; Krieger, Ulrich; Rettig, Tobias; Wenz, Alexander; SFB 884 ´Political Economy Of Reforms´, Universität Mannheim"
10.4232/1.13391,"German Internet Panel, Welle 38 (November 2018)","Blom, Annelies G.; Blom, Annelies G.; Fikel, Marina; Fikel, Marina; Friedel, Sabine; Friedel, Sabine; Höhne, Jan Karem; Höhne, Jan Karem; Krieger, Ulrich; Krieger, Ulrich; Rettig, Tobias; Rettig, Tobias; Wenz, Alexander; Wenz, Alexander; SFB 884 ´Political Economy of Reforms´, Universität Mannheim; SFB 884 ´Political Economy of Reforms´, Universität Mannheim"
10.4232/1.13084,"German Internet Panel, MOCK 2014","Blom, Annelies G.; Blom, Annelies G.; Felderer, Barbara; Felderer, Barbara; Höhne, Jan Karem; Höhne, Jan Karem; Krieger, Ulrich; Krieger, Ulrich; Rettig, Tobias; Rettig, Tobias; SFB 884 ´Political Economy of Reforms´, Universität Mannheim; SFB 884 ´Political Economy of Reforms´, Universität Mannheim"
10.4232/1.13083,"German Internet Panel, MOCK 2012","Blom, Annelies G.; Blom, Annelies G.; Felderer, Barbara; Felderer, Barbara; Höhne, Jan Karem; Höhne, Jan Karem; Krieger, Ulrich; Krieger, Ulrich; Rettig, Tobias; Rettig, Tobias; SFB 884 ´Political Economy of Reforms´, Universität Mannheim; SFB 884 ´Political Economy of Reforms´, Universität Mannheim"
10.4232/1.13246,Willingness to Participate in Passive Mobile Data Collection,"Keusch, Florian; Keusch, Florian"
10.4232/1.13247,Mobile Data Collection - Incentive Experiment,"Keusch, Florian; Keusch, Florian"
10.4232/1.13248,"Trust, Privacy &amp; Data Sharing","Keusch, Florian; Keusch, Florian"
10.4232/1.12395,Außen- und Sicherheitspolitische Orientierungen in Deutschland 2010,"Rattinger, Hans; Schoen, Harald"
10.7804/cses.module5.2023-07-25,CSES Module 5 Full Release,"Ceka, Blendi; Ceka, Blendi; McAllister, Ian; McAllister, Ian; Sheppard, Jill; Sheppard, Jill; Mueller, Wolfgang C.; Mueller, Wolfgang C.; Kritzinger, Sylvia; Kritzinger, Sylvia; Boomgaarden, Hajo; Boomgaarden, Hajo; Hooghe, Marc; Hooghe, Marc; Dassonneville, Ruth; Dassonneville, Ruth; Okolikj, Martin; Okolikj, Martin; Stiers, Dieter; Stiers, Dieter; Meneguello, Rachel; Meneguello, Rachel; Stephenson, Laura; Stephenson, Laura; Harell, Allison; Harell, Allison; Rubenson, Daniel; Rubenson, Daniel; Loewen, Peter John; Loewen, Peter John; Segovia, Caroline; Segovia, Caroline; Gamboa, Ricardo; Gamboa, Ricardo; Alfaro-Redondo, Ronald; Alfaro-Redondo, Ronald; Alpizar, Felipe; Alpizar, Felipe; Guzman-Castillo, Jesus; Guzman-Castillo, Jesus; Linek, Lukas; Linek, Lukas; Hansen, Kasper M.; Hansen, Kasper M.; Stubager, Rune; Stubager, Rune; Cordova, Ricardo; Cordova, Ricardo; Argueta, Carlos; Argueta, Carlos; Gronlund, Kimmo; Gronlund, Kimmo; Sauger, Nicolas; Sauger, Nicolas; Valentin, Brunel; Valentin, Brunel; Wessels, Bernhard; Wessels, Bernhard; Schoen, Harald; Schoen, Harald; Rossteutscher, Sigrid; Rossteutscher, Sigrid; Schmitt-Beck, Ruediger; Schmitt-Beck, Ruediger; Wolf, Christof; Wolf, Christof; Faas, Thorsten; Faas, Thorsten; Debus, Marc; Debus, Marc; Pollak, Reinhard; Pollak, Reinhard; Fieldhouse, Edward; Fieldhouse, Edward; Green, Jane; Green, Jane; Evans, Geoffrey; Evans, Geoffrey; Mellon, Jonathan; Mellon, Jonathan; Prosser, Chris; Prosser, Chris; Bailey, Jack; Bailey, Jack; Andreadis, Ioannis; Andreadis, Ioannis; Chadjipadelis, Theodore; Chadjipadelis, Theodore; Teperoglou, Eftichia; Teperoglou, Eftichia; Pang-Kwong, Li; Pang-Kwong, Li; Enyedi, Zsolt; Enyedi, Zsolt; Todosijevic, Bojan; Todosijevic, Bojan; Littvay, Levente; Littvay, Levente; Onnudottir, Eva H.; Onnudottir, Eva H.; Hardarson, Olafur O.; Hardarson, Olafur O.; Porisdottir, Hulda; Porisdottir, Hulda; Helgason, Agnar Freyr; Helgason, Agnar Freyr; Asgeirsdottir, Tinna Laufey; Asgeirsdottir, Tinna Laufey; Bowler, Shaun; Bowler, Shaun; Kristinsson, Gunnar Helgi; Kristinsson, Gunnar Helgi; Eyborsson, Gretar Por; Eyborsson, Gretar Por; Indridoason, Indridi H.; Indridoason, Indridi H.; Bernburg, Jon Gunnar; Bernburg, Jon Gunnar; Olafsdottir, Sigrun; Olafsdottir, Sigrun; Nooruddin, Irfan; Nooruddin, Irfan; Joshi, Dhananjai; Joshi, Dhananjai; Marsh, Michael; Marsh, Michael; Shamir, Michal; Shamir, Michal; Shomer, Yael; Shomer, Yael; Sheffer, Lior; Sheffer, Lior; Yakter, Alon; Yakter, Alon; Segatti, Paolo; Segatti, Paolo; Vegetti, Federico; Vegetti, Federico; Yamada, Masahiro; Yamada, Masahiro; Maeda, Yukio; Maeda, Yukio; Hino, Airo; Hino, Airo; Matsubayashi, Tetsuya; Matsubayashi, Tetsuya; Ikstens, Janis; Ikstens, Janis; Ramonaite, Aine; Ramonaite, Aine; Beltran, Ulises; Beltran, Ulises; Castro Cornejo, Rodrigo; Castro Cornejo, Rodrigo; Komar, Olivera; Komar, Olivera; Zivkovic, Slaven; Zivkovic, Slaven; Malesevic, Iva; Malesevic, Iva; Kandic, Stevan; Kandic, Stevan; Batricevic, Nemanja; Batricevic, Nemanja; Stankov, Nemanja; Stankov, Nemanja; Rekker, Roderik; Rekker, Roderik; van der Brug, Wouter; van der Brug, Wouter; van der Meer, Tom; van der Meer, Tom; van der Kolk, Henk; van der Kolk, Henk; Lubbers, Marcel; Lubbers, Marcel; Spierings, Niels; Spierings, Niels; Jacobs, Kristof; Jacobs, Kristof; Sipma, Take; Sipma, Take; Vowles, Jack; Vowles, Jack; Greaves, Lara; Greaves, Lara; Bergh, Johannes; Bergh, Johannes; Aardal, Bernt; Aardal, Bernt; Maldonado, Arturo; Maldonado, Arturo; Sulmont, David; Sulmont, David; Aragon, Jorge; Aragon, Jorge; Markowski, Radoslaw; Markowski, Radoslaw; Czesnik, Mikolaj; Czesnik, Mikolaj"
10.4232/1.13463,"German Internet Panel, Welle 40 (März 2019)","Blom, Annelies G.; Fikel, Marina; Friedel, Sabine; Höhne, Jan Karem; Krieger, Ulrich; Rettig, Tobias; Wenz, Alexander; SFB 884 ´Political Economy Of Reforms´, Universität Mannheim"
10.4232/1.13465,"German Internet Panel, Welle 42 (Juli 2019)","Blom, Annelies G.; Fikel, Marina; Friedel, Sabine; Höhne, Jan Karem; Krieger, Ulrich; Rettig, Tobias; Wenz, Alexander; SFB 884 ´Political Economy Of Reforms´, Universität Mannheim"
10.4232/1.13464,"German Internet Panel, Welle 41 (Mai 2019)","Blom, Annelies G.; Fikel, Marina; Friedel, Sabine; Höhne, Jan Karem; Krieger, Ulrich; Rettig, Tobias; Wenz, Alexander; SFB 884 ´Political Economy Of Reforms´, Universität Mannheim"
10.4232/1.13772,"German Internet Panel, Welle 43 - Core Study (September 2019)","Blom, Annelies G.; Blom, Annelies G.; Fikel, Marina; Fikel, Marina; Friedel, Sabine; Friedel, Sabine; Höhne, Jan Karem; Höhne, Jan Karem; Krieger, Ulrich; Krieger, Ulrich; Rettig, Tobias; Rettig, Tobias; Wenz, Alexander; Wenz, Alexander; SFB 884 ´Political Economy of Reforms´, Universität Mannheim; SFB 884 ´Political Economy of Reforms´, Universität Mannheim"
10.4232/1.13614,"German Internet Panel, Welle 44 (November 2019)","Blom, Annelies G.; Blom, Annelies G.; Fikel, Marina; Fikel, Marina; Friedel, Sabine; Friedel, Sabine; Höhne, Jan Karem; Höhne, Jan Karem; Krieger, Ulrich; Krieger, Ulrich; Rettig, Tobias; Rettig, Tobias; Wenz, Alexander; Wenz, Alexander; SFB 884 ´Political Economy of Reforms´, Universität Mannheim; SFB 884 ´Political Economy of Reforms´, Universität Mannheim"
10.4232/1.13588,"German Internet Panel, Welle 45 (Januar 2020)","Blom, Annelies G.; Blom, Annelies G.; Fikel, Marina; Fikel, Marina; Friedel, Sabine; Friedel, Sabine; Höhne, Jan Karem; Höhne, Jan Karem; Krieger, Ulrich; Krieger, Ulrich; Rettig, Tobias; Rettig, Tobias; Wenz, Alexander; Wenz, Alexander; SFB 884 ´Political Economy of Reforms´, Universität Mannheim; SFB 884 ´Political Economy of Reforms´, Universität Mannheim"
10.4232/1.13680,"German Internet Panel, Welle 47 (Mai 2020)","Blom, Annelies G.; Gonzalez Ocanto, Marisabel; Fikel, Marina; Krieger, Ulrich; Rettig, Tobias; SFB 884 ´Political Economy Of Reforms´, Universität Mannheim"
10.4232/1.13679,"German Internet Panel, Welle 46 (März 2020)","Blom, Annelies G.; Fikel, Marina; Friedel, Sabine; Krieger, Ulrich; Rettig, Tobias; SFB 884 ´Political Economy Of Reforms´, Universität Mannheim"
10.4232/1.13681,"German Internet Panel, Welle 48 (Juli 2020)","Blom, Annelies G.; Fikel, Marina; Friedel, Sabine; Krieger, Ulrich; Rettig, Tobias; SFB 884 ´Political Economy Of Reforms´, Universität Mannheim"
10.4232/1.14322,"German Internet Panel, Welle 49 - Core Study (September 2020)","Blom, Annelies G.; Blom, Annelies G.; Fikel, Marina; Fikel, Marina; Friedel, Sabine; Friedel, Sabine; Krieger, Ulrich; Krieger, Ulrich; Rettig, Tobias; Rettig, Tobias; SFB 884 ´Political Economy of Reforms´, Universität Mannheim; SFB 884 ´Political Economy of Reforms´, Universität Mannheim"
10.4232/1.14323,"German Internet Panel, Welle 50 (November 2020)","Blom, Annelies G.; Blom, Annelies G.; Gonzalez Ocanto, Marisabel; Gonzalez Ocanto, Marisabel; Fikel, Marina; Fikel, Marina; Krieger, Ulrich; Krieger, Ulrich; Rettig, Tobias; Rettig, Tobias; SFB 884 ´Political Economy of Reforms´, Universität Mannheim; SFB 884 ´Political Economy of Reforms´, Universität Mannheim"
10.4232/1.14205,"GLES Tracking August 2023, T55","Debus, Marc; Debus, Marc; Faas, Thorsten; Faas, Thorsten; Roßteutscher, Sigrid; Roßteutscher, Sigrid; Schoen, Harald; Schoen, Harald"
10.4232/1.14145,"GLES Tracking April 2023, T54","Debus, Marc; Debus, Marc; Faas, Thorsten; Faas, Thorsten; Roßteutscher, Sigrid; Roßteutscher, Sigrid; Schoen, Harald; Schoen, Harald"
10.4232/1.14243,"GLES Tracking November 2023, T56","Debus, Marc; Debus, Marc; Faas, Thorsten; Faas, Thorsten; Roßteutscher, Sigrid; Roßteutscher, Sigrid; Schoen, Harald; Schoen, Harald"
10.4232/1.14564,"GLES Tracking Juni 2024, T58","Debus, Marc; Debus, Marc; Faas, Thorsten; Faas, Thorsten; Roßteutscher, Sigrid; Roßteutscher, Sigrid; Schoen, Harald; Schoen, Harald"
10.4232/1.14315,"GLES Tracking März 2024, T57","Debus, Marc; Debus, Marc; Faas, Thorsten; Faas, Thorsten; Roßteutscher, Sigrid; Roßteutscher, Sigrid; Schoen, Harald; Schoen, Harald"
10.4232/1.14174,"GLES Panel 2021, Control Group II (to Panel Wave 19, Sample A)","Roßteutscher, Sigrid; Roßteutscher, Sigrid; Debus, Marc; Debus, Marc; Faas, Thorsten; Faas, Thorsten; Schoen, Harald; Schoen, Harald"
10.4232/1.13857,"GLES Panel 2021, Wave 16","Roßteutscher, Sigrid; Roßteutscher, Sigrid; Debus, Marc; Debus, Marc; Faas, Thorsten; Faas, Thorsten; Schoen, Harald; Schoen, Harald"
10.4232/1.13935,"GLES Panel 2021, Wave 17","Roßteutscher, Sigrid; Roßteutscher, Sigrid; Debus, Marc; Debus, Marc; Faas, Thorsten; Faas, Thorsten; Schoen, Harald; Schoen, Harald"
10.4232/1.13936,"GLES Panel 2021, Wave 18","Roßteutscher, Sigrid; Roßteutscher, Sigrid; Debus, Marc; Debus, Marc; Faas, Thorsten; Faas, Thorsten; Schoen, Harald; Schoen, Harald"
10.4232/1.13920,"GLES Panel 2021, Wave 19","Roßteutscher, Sigrid; Roßteutscher, Sigrid; Debus, Marc; Debus, Marc; Faas, Thorsten; Faas, Thorsten; Schoen, Harald; Schoen, Harald"
10.4232/1.13940,"GLES Panel 2021, Wave 20","Roßteutscher, Sigrid; Roßteutscher, Sigrid; Debus, Marc; Debus, Marc; Faas, Thorsten; Faas, Thorsten; Schoen, Harald; Schoen, Harald"
10.4232/1.13939,"GLES Panel 2021, Wave 21","Roßteutscher, Sigrid; Roßteutscher, Sigrid; Debus, Marc; Debus, Marc; Faas, Thorsten; Faas, Thorsten; Schoen, Harald; Schoen, Harald"
10.4232/1.14141,"GLES Panel 2023, Welle 24","Roßteutscher, Sigrid; Debus, Marc; Faas, Thorsten; Schoen, Harald"
10.4232/1.14349,"GLES Panel 2024, Welle 26","Roßteutscher, Sigrid; Debus, Marc; Faas, Thorsten; Schoen, Harald"
10.4232/1.14309,GLES Pretest 2021,"Debus, Marc; Debus, Marc; Faas, Thorsten; Faas, Thorsten; Roßteutscher, Sigrid; Roßteutscher, Sigrid; Schoen, Harald; Schoen, Harald"
10.4232/1.13700,Mannheimer Corona-Studie,"Blom, Annelies G.; Cornesse, Carina; Friedel, Sabine; Krieger, Ulrich; Fikel, Marina; Rettig, Tobias; Wenz, Alexander; Juhl, Sebastian; Lehrer, Roni; Möhring, Katja; Naumann, Elias; Reifenscheid, Maximiliane; SFB 884 ´Political Economy Of Reforms´, Universität Mannheim"
10.4232/1.13731,"German Business Panel, Covid-19 Survey (2020/2021). Datenbestand zur on-site Nutzung","Bischof, Jannis; Doerrenberg, Philipp; Rostam-Afschar, Davud; Simons, Dirk; Voget, Johannes"
10.4232/1.13833,"German Internet Panel, Welle 51 (Januar 2021)","Blom, Annelies G.; Blom, Annelies G.; Gonzalez Ocanto, Marisabel; Gonzalez Ocanto, Marisabel; Fikel, Marina; Fikel, Marina; Krieger, Ulrich; Krieger, Ulrich; Rettig, Tobias; Rettig, Tobias; SFB 884 ´Political Economy of Reforms´, Universität Mannheim; SFB 884 ´Political Economy of Reforms´, Universität Mannheim"
10.4232/1.13794,"German Internet Panel, Welle 52 (März 2021)","Blom, Annelies G.; Gonzalez Ocanto, Marisabel; Fikel, Marina; Krieger, Ulrich; Rettig, Tobias; SFB 884 ´Political Economy Of Reforms´, Universität Mannheim"
10.4232/1.13834,"German Internet Panel, Welle 53 (Mai 2021)","Blom, Annelies G.; Fikel, Marina; Gonzalez Ocanto, Marisabel; Krieger, Ulrich; Rettig, Tobias; SFB 884 ´Political Economy Of Reforms´, Universität Mannheim"
10.4232/1.13835,"German Internet Panel, Welle 54 (Juli 2021)","Blom, Annelies G.; Fikel, Marina; Gonzalez Ocanto, Marisabel; Krieger, Ulrich; Rettig, Tobias; SFB 884 ´Political Economy Of Reforms´, Universität Mannheim"
10.4232/1.13945,"German Internet Panel, Welle 56 (November 2021)","Blom, Annelies G.; Blom, Annelies G.; Gonzalez Ocanto, Marisabel; Gonzalez Ocanto, Marisabel; Krieger, Ulrich; Krieger, Ulrich; Rettig, Tobias; Rettig, Tobias; Ungefucht, Marina; Ungefucht, Marina; SFB 884 ´Political Economy of Reforms´, Universität Mannheim; SFB 884 ´Political Economy of Reforms´, Universität Mannheim"
10.4232/1.13946,"German Internet Panel, Welle 57 (Januar 2022)","Blom, Annelies G.; Blom, Annelies G.; Gonzalez Ocanto, Marisabel; Gonzalez Ocanto, Marisabel; Krieger, Ulrich; Krieger, Ulrich; Rettig, Tobias; Rettig, Tobias; Ungefucht, Marina; Ungefucht, Marina; SFB 884 ´Political Economy of Reforms´, Universität Mannheim; SFB 884 ´Political Economy of Reforms´, Universität Mannheim"
10.4232/1.14054,"German Internet Panel, Welle 58 (März 2022)","Blom, Annelies G.; Gonzalez Ocanto, Marisabel; Krieger, Ulrich; Rettig, Tobias; Ungefucht, Marina; SFB 884 ´Political Economy Of Reforms´, Universität Mannheim"
10.4232/1.13967,2019 European Election Studies (EES) Stacked Data Matrix,"Carteny, Giuseppe; Carteny, Giuseppe; Schmitt, Hermann; Schmitt, Hermann; Häußling, Wilhelmine; Häußling, Wilhelmine; Leiser, Julian; Leiser, Julian; Körnig, Matthias; Körnig, Matthias"
10.4232/1.14052,"German Internet Panel, Rekrutierung 2018","Blom, Annelies G.; Gonzalez Ocanto, Marisabel; Krieger, Ulrich; Rettig, Tobias; Ungefucht, Marina; SFB 884 ´Political Economy Of Reforms´, Universität Mannheim"
10.4232/1.14067,Demokratie-Monitoring Baden-Württemberg 2016/2017: Bürger und Demokratie in Baden-Württemberg,"Deth, Jan W. Van; Schmitt-Beck, Rüdiger; Perry, Sarah"
10.7802/1318,Eurosceptic Cues and Citizen Attitudes,"Zapryanova, Galina; Zapryanova, Galina"
10.7802/1436,Code/Syntax: Geschlechterungleichheit in Führungspositionen: Der Einfluss von Arbeitsmarktsegregation und beruflichen Opportunitätsstrukturen,"Granato, Nadia; Granato, Nadia"
10.7802/1533,"Longitudinal party member survey, CDU Berlin","Wuttke, Alexander; Wuttke, Alexander; Jungherr, Andreas; Jungherr, Andreas; Schoen, Harald; Schoen, Harald"
10.7802/1947,Code/Syntax: (K)eine Frage der Religion?,"Leszczensky, Lars; Leszczensky, Lars"
10.7802/2072,"Code/Syntax: Kognitive Homogenisierung, schulische Leistungen und soziale Bildungsungleichheit","Esser, Hartmut; Esser, Hartmut; Seuring, Julian; Seuring, Julian"
10.7802/2295,Stigma of COVID-19,"Cohausz, Lea; Cohausz, Lea; Hensgen, Sophie; Hensgen, Sophie; Keusch, Florian; Keusch, Florian"
10.7802/2331,Smartphone usage behavior,"Keusch, Florian; Keusch, Florian"
10.7802/2390,digilog@bw—Dynamics of Participation in the Era of Digitalisation,"Navarrete, Rosa M.; Navarrete, Rosa M.; Eder, Christina; Eder, Christina; Debus, Marc; Debus, Marc; Schoen, Harald; Schoen, Harald; Chan, Chung-hong; Chan, Chung-hong; Wolf, Christof; Wolf, Christof"
10.7802/2436,Code/Syntax: Do Mothers and Fathers in Germany Really Prefer a Traditional Division of Labor? The Impact of Working Hours on Life Satisfaction Reconsidered,"Heyne, Stefanie; Heyne, Stefanie; Wolbring, Tobias; Wolbring, Tobias"
10.7802/2459,digilog@bw—Dynamics of Participation in the Era of Digitalisation. Cross-section May-June 2022,"Navarrete, Rosa M.; Navarrete, Rosa M.; Eder, Christina; Eder, Christina; Debus, Marc; Debus, Marc; Schoen, Harald; Schoen, Harald; Chan, Chung-hong; Chan, Chung-hong"
10.7802/2518,Mobilität in Baden-Württemberg,"Keusch, Florian; Keusch, Florian; Wenz, Alexander; Wenz, Alexander; Bauer, Marlene; Bauer, Marlene"
10.7802/2527,Replication code: Gummer et al. (2023): How to detect and influence looking up answers to political knowledge questions in web surveys.,"Gummer, Tobias; Gummer, Tobias; Kunz, Tanja; Kunz, Tanja; Rettig, Tobias; Rettig, Tobias; Höhne, Jan Karem; Höhne, Jan Karem"
10.7802/2584,"digilog@bw—Dynamics of Participation in the Era of Digitalisation. Use of digital media, political preferences and attitudes. Experiment","Navarrete, Rosa M.; Navarrete, Rosa M.; Eder, Christina; Eder, Christina; Debus, Marc; Debus, Marc; Schoen, Harald; Schoen, Harald"
10.7802/2585,Political Identities and News Consumption in Election Times (PINCET),"Bach, Ruben; Bach, Ruben; Keusch, Florian; Keusch, Florian; Areal, João; Areal, João; Pankowska, Paulina; Pankowska, Paulina; Cernat, Alexandru; Cernat, Alexandru"
10.7802/2594,Code/Syntax: Gender inequality in leadership positions,"Bohr, Jeanette; Bohr, Jeanette; Granato, Nadia; Granato, Nadia"
10.7802/2721,Replication data for: Between Urgency and Data Quality: Assessing the FAIRness of Data in Social Science Research on the COVID-19 Pandemic,"Batzdorfer, Veronika; Batzdorfer, Veronika; Zenk-Möltgen, Wolfgang; Zenk-Möltgen, Wolfgang; Young, Laura; Young, Laura; Katsanidou, Alexia; Katsanidou, Alexia; Breuer, Johannes; Breuer, Johannes; Bishop, Libby; Bishop, Libby"
10.7802/2753,Code/Syntax: Gendered Wage Returns to Changes in Non-routine Job Tasks: Evidence from Germany,"Wicht, Alexandra; Wicht, Alexandra; Müller, Nora; Müller, Nora; Pollak, Reinhard; Pollak, Reinhard"
10.7802/2786,IMPIC Database,"Helbling, Marc; Helbling, Marc; Abou-Chadi, Tarik; Abou-Chadi, Tarik; Berger, Valentin; Berger, Valentin; Bjerre, Liv; Bjerre, Liv; Breyer, Magdalena; Breyer, Magdalena; Römer, Friederike; Römer, Friederike; Zobel, Malisa; Zobel, Malisa"
10.7802/2836,Replication data and code: Invitation Messages for Business Surveys: A Multi-Armed Bandit Experiment,"Gaul, Johannes J.; Gaul, Johannes J.; Keusch, Florian; Keusch, Florian; Rostam-Afschar, Davud; Rostam-Afschar, Davud; Simon, Thomas; Simon, Thomas"
10.7802/2915,Digitale Ungleichheiten in Deutschland,"Hölzl, Johanna; Hölzl, Johanna; Szafran, Daria; Szafran, Daria; Keusch, Florian; Keusch, Florian"
10.5281/zenodo.3946462,TaxGraph - A Knowledge Graph of Multi-National Companies and their Relationships,"Lüdemann, Niklas; Shiba, Ageda; Thymianis, Nikolaos; Heist, Nicolas; Ludwig, Christopher; Paulheim, Heiko"
10.5281/zenodo.1320042,Rdf2Vec Dbpedia Page Rank Split Embeddings,"Cochez, Michael; Ristoski, Petar; Ponzetto, Simone Paulo; Paulheim, Heiko"
10.5281/zenodo.1318146,Rdf2Vec Dbpedia Uniform Embeddings,"Cochez, Michael; Ristoski, Petar; Ponzetto, Simone Paulo; Paulheim, Heiko"
10.5281/zenodo.1320159,Kglove Dbpedia Inverse Predicate Object Frequency Embeddings,"Cochez, Michael; Ristoski, Petar; Ponzetto, Simone Paulo; Paulheim, Heiko"
10.5281/zenodo.1320165,Kglove Dbpedia Object Frequency Embeddings,"Cochez, Michael; Ristoski, Petar; Ponzetto, Simone Paulo; Paulheim, Heiko"
10.5281/zenodo.1320032,Kglove Dbpedia Inverse Page Rank Split Embeddings,"Cochez, Michael; Ristoski, Petar; Ponzetto, Simone Paulo; Paulheim, Heiko"
10.5281/zenodo.1320810,Rdf2Vec Dbpedia Inverse Page Rank Frequency Embeddings,"Cochez, Michael; Ristoski, Petar; Ponzetto, Simone Paulo; Paulheim, Heiko"
10.5281/zenodo.1320211,Rdf2Vec Dbpedia Predicate Object Frequency Embeddings,"Cochez, Michael; Ristoski, Petar; Ponzetto, Simone Paulo; Paulheim, Heiko"
10.5281/zenodo.1320154,Kglove Dbpedia Predicate Object Frequency Embeddings,"Cochez, Michael; Ristoski, Petar; Ponzetto, Simone Paulo; Paulheim, Heiko"
10.5281/zenodo.1320169,Kglove Dbpedia Page Rank Split Frequency Embeddings,"Cochez, Michael; Ristoski, Petar; Ponzetto, Simone Paulo; Paulheim, Heiko"
10.5281/zenodo.1320038,Rdf2Vec Dbpedia Page Rank Embeddings,"Cochez, Michael; Ristoski, Petar; Ponzetto, Simone Paulo; Paulheim, Heiko"
10.5281/zenodo.1320001,Rdf2Vec Dbpedia Inverse Object Frequency Embeddings,"Cochez, Michael; Ristoski, Petar; Ponzetto, Simone Paulo; Paulheim, Heiko"
10.5281/zenodo.6962676,Diversity-Driven Unit Test Generation (Data Set),"Kessel, Marcus; Atkinson, Colin"
10.5281/zenodo.7777506,"Dataset for Manually Coded Firm Founding Dates, CEO Duality, and CEO Photograph Prominence in Annual Reports","Appels, Moritz; Kowalzick, Marc"
10.5281/zenodo.7817022,Gollum: A Gold Standard for Large Scale\\Multi Source Knowledge Graph Matching,"Herting, Sven; Paulheim, Heiko"
10.5281/zenodo.6039372,GeNeG: German News Knowledge Graph,"Iana, Andreea; Grote, Alexander; Kaharina Ludwig; Mehwish Alam; Müller, Philipp; Weinhardt, Christof; Sack, Harald; Paulheim, Heiko"
10.5281/zenodo.485151,Unsupervised Does Not Mean Uninterpretable: The Case For Word Sense Induction And Disambiguation,"Panchenko, Alexander; Ruppert, Eugen; Faralli, Stefano; Ponzetto, Simone Paolo; Biemann, Chris"
10.5281/zenodo.7908392,NeMig - A Bilingual News Collection and Knowledge Graph about Migration,"Iana, Andreea; Alam, Mehwish; Grote, Alexander; Nikolajevic, Nevena; Ludwig, Katharina; Müller, Philipp; Weinhardt, Christof; Paulheim, Heiko"
10.5281/zenodo.16636186,Bio-KGvec2go: Serving up-to-date Dynamic Biomedical Knowledge Graph Embeddings,"Torres de Sousa, Rita Isabel"
10.5061/dryad.j3tx95x8x,Stratified Reward Structures and Competition in Markets for Creative Production,"Balietti, Stefano; Riedl, Christoph"
10.5281/zenodo.1067701,"Polidoc.Net Codebook: National And Regional Manifestos And Other Political Documents Collected For The Research Projects ""Representation In Europe: Congruence  Between Preferences Of Elites And Voters"" (Repcong) And ""The Impact Of Eu Cohesion Policy On European Identification"" (Cohesify)","Bräuninger, Thomas; Debus, Marc; Benoit, Kenneth; Bernauer, Julian; Polidoc.Net Team"
10.5281/zenodo.2583247,"DOI-to-DOI citations of articles '10.12685/027.7-4-2-155', '10.18452/9093' and '10.11588/PB.2012.1.9398'","Zumstein, Philipp"
10.5281/zenodo.7776093,The patccat classifier for patent claims - EPO edition,"Ganglmair, Bernhard; Robinson, W. Keith; Seeligson, Michael"
10.5281/zenodo.15398296,Beyond Edge Addition,"Hertling, Sven; Möller, Cedric; Mihindukulasooriya, Nandana; Usbeck, Ricardo"
10.5281/zenodo.7341310,Interactive Widget – Acceptance of autonomous vehicles dataset exploration,"Kacperski, Celina; Vogel, Tobias; Kutzner, Florian"
10.5281/zenodo.7506459,Replication package for: How the Other Half Died: Immigration and Mortality in US Cities,"Ager, Philipp; Feigenbaum, James; Hansen, Casper Worm; Tan, Hui Ren; Williamson, Danielle"
10.5281/zenodo.7675783,Sources of PM2.5-associated Health Risks in Europe and Corresponding Emission-induced Changes during 2005-2015,"Yixuan Gu; Daven K. Henze; M. Omar Nawaz; Hansen Cao; Wagner, Ulrich J."
10.5281/zenodo.5518208,"Replication package for: Killer Incentives: Rivalry, Performance and Risk-Taking among German Fighter Pilots, 1939-45","Ager, Philipp; Bursztyn, Leonardo; Leucht, Lukas; Voth, Hans-Joachim"
10.5281/zenodo.11180268,"Replication data for ""Learning When to Quit: An Empirical Model of Experimentation in Standards Development""","Ganglmair, Bernhard; Simcoe, Timothy; Tarantino, Emanuele"
10.5061/dryad.02v6wwq50,Stress induced TDP-43 mobility loss independent of stress granules,"Streit, Lisa; Kuhn, Timo; Vomhof, Thomas; Bopp, Verena; Ludolph, Albert C.; Weishaupt, Jochen H.; Gebhardt, J. Christof M.; Michaelis, Jens; Danzer, Karin M."
10.5281/zenodo.14960451,Measuring Rural and Urban Consciousness in Europe - Replication Materials,"Claassen, Christopher; Göbel, Sascha; Ackermann, Kathrin; Lang, Antonia; Bankov, Petar; Brookes, Kevin; Cappellina, Bartolomeo; Freitag, Markus; García Del Horno, Rubén; Hernández, Enríque; Rico, Guillem; Rossteutscher, Sigrid; Traunmueller, Richard; Webb, Michael; Zmerli, Sonja; Zumbrunn, Alina"
10.5281/zenodo.259352,Data For Item-Method Directed Forgetting And Working Memory Capacity Study,"Marevic, Ivan; Arnold, Nina R.; Rummel, Jan"
10.5281/zenodo.17091012,Benchmark Datasets for Ontology Alignment with General Relation Types,"Liu, Xianhao; Hertling, Sven; Hansen, Michael"
10.7801/61,Formulating Effective Coordination Strategies in Agile Global Software Development Teams - Interview transcripts,"Li, Ye"
10.7801/235,Seki-Williams Government and Ministers Data,"Seki, Katsunori; Williams, Laron"
10.7801/352,Product Datasets from the MWPD2020 Challenge at the ISWC2020 Conference (Task 1),"Peeters, Ralph; Primpeli, Anna; Bizer, Christian"
10.7801/462,Data from the paper: Power asymmetry and embarrassment in shared decision-making: predicting participation preference and decisional conflict.,"Scherer, Karin Antonia; Büdenbender, Björn; Köther, Anja; Grüne, Britta; Kriegmair, Maximilian; Michel, Maurice S.; Alpers, Georg W."
10.7910/dvn/a48jp7,Replication Data for: Conceptions of National Identity and Ambivalence towards Immigration,"Lindstam, Emmy; Mader, Matthias; Schoen, Harald"
10.7910/dvn/frek34,Replication data for: The strategic nature of compliance: An empirical evaluation of law implementation in the central monitoring system of the EU,"König, Thomas; Mäder, Lars"
10.7910/dvn/1dmaaj,"Pre-Analysis Plan for a Survey Experiment on Committees, Voting Rules and Voters' Beliefs","Marbach, Moritz; Swalve, Tilko"
10.7910/dvn/6jclfu,"Reproduction file for: On the Relationship Between Strategic Cultures and Support for European Defence: A Comment on Irondelle, Mérand and Foucault","Mader, Matthias"
10.7910/dvn/khimos,Replication Data for: The Wisdom of Crowds Design for Sensitive Survey Questions,"Lehrer, Roni; Juhl, Sebastian; Gschwend, Thomas"
10.7910/dvn/najikb,Replication Data for: The Sensitivity of Spatial Regression Models to Network Misspecification,"Juhl, Sebastian"
10.7910/dvn/jtksrw,Impacts of increasing community resilience through humanitarian aid in Pakistan,"Avdeenko, Alexandra; Frölich, Markus"
10.7910/dvn/ictg9z,Replication Data for: Measurement Uncertainty in Spatial Models: A Bayesian Dynamic Measurement Model,"Juhl, Sebastian"
10.7910/dvn/6vya0u,Replication Data for: Everyday Discrimination in Public Spaces: A Field Experiment in the Milan Metro,"Gereke, Johanna"
10.7910/dvn/vcsrmx,Replication Data for: Multidimensional spatial voting with non-separable preferences,"Stoetzer, Lukas; Zittlau, Steffen"
10.7910/dvn/pfqwrm,Replication Data for: The legislative consequences of internal conflict and inter-party divisions,"Haber, Matthias"
10.7910/dvn/0qxypf,"Reproduction files for ""Deliberative Qualities of Generic News Frames""","Rinke, Eike Mark"
10.7910/dvn/8otwjg,"Reproduction files for ""The Impact of Sound-Bite Journalism on Public Argument""","Rinke, Eike Mark"
10.7910/dvn/g0w9mh,Replication Data for Gendered discrimination against immigrants,"Gereke, Johanna"
10.7910/dvn/3lrafl,Replication Data for: Climate Change Literacy and Migration Potential: Micro-Level Evidence from Africa,"Helbling, Marc"
10.7910/dvn/w4xwvu,"Replication Data for: Die „Sonntagsfrage“, Soziale Erwünschtheit und die AfD: Wie alternative Messmethoden der Politikwissenschaft Weiterhelfen Können","Gschwend, Thomas; Juhl, Sebastian; Lehrer, Roni"
10.7910/dvn/4lgsoy,"Replication Data for Immigration, Integration and Cooperation: Experimental Evidence from a Public Goods Game in Italy","Gereke, Johanna"
10.7910/dvn/eclkvq,"Replication materials for: Schoen, Harald. 2022. Ein halber Regierungswechsel nach einer politischen Achterbahnfahrt. Eine Analyse der öffentlichen Meinung zur vierten Regierung Merkel und des Wahlverhaltens bei der Bundestagswahl 2021, in: R. Zohlnhöfer/F.Engler (eds.), Das Ende der Merkel-Jahre. Wiesbaden: Springer.","Schoen, Harald"
10.7910/dvn/3kby7y,"Replication Data for: Maxwell, Helbling, Munzert &amp; Traunmueller: The importance of citizenship for deserving COVID-19 treatment.","Traunmueller, Richard"
10.7910/dvn/2n8j92,"Reproduction files for: Determinanten der Bevölkerungseinstellungen zum Afghanistaneinsatz. Prädispositionen, Erfolgswahrnehmungen und die moderierende Wirkung individueller Mediennutzung","Mader, Matthias; Fiebig, Rüdiger"
10.7910/dvn/9ixmm1,Reproduction files for: Grundhaltungen zur Außen- und Sicherheitspolitik in Deutschland,"Mader, Matthias"
10.7910/dvn/v46qhm,"Replication Data for: Former Social Democratic Partisanship, Working-Class Background, and Support for Right-Wing Populist Parties: A Research Note","Debus, Marc"
10.7910/dvn/669z5l,Replication data for: Estimating Party Positions across Countries and Time - A Dynamic Latent Variable Model for Manifesto Data,"Konig, Thomas; Marbach, Moritz; Osnabrugge, Moritz"
10.7910/dvn/dgoqwh,Replication Data for: Spoilers of peace: Pro-government militias as risk factors for conflict recurrence,"Carey, Sabine; Steinert, Christoph; Steinert, Janina"
10.7910/dvn/qfriov,Reproduction files for: Alles eine Frage des Blickwinkels? Framing-Effekte und Bevölkerungsurteile über einen möglichen Bundeswehreinsatz in Libyen,"Mader, Matthias; Schoen, Harald"
10.7910/dvn/y9kmjw,Replication Data for: How Cross-Validation Can Go Wrong and What to Do About it.,"Neunhoeffer, Marcel; Sternberg, Sebastian"
10.7910/dvn/oayqa8,Replication Data for: Gender Disparities in Altmetric Attention Scores for Cardiovascular Research,"Schmallenbach, Leo"
10.7910/dvn/dzryb0,"Replication Data for: Negative campaign statements, coalition heterogeneity, and the support for government parties","Debus, Marc; Tuttnauer, Or"
10.7910/dvn/yfpcbp,Process or Candidate: The International Community and the Demand for Electoral Integrity,"Bubeck, Johannes; Marinov, Nikolay"
10.7910/dvn/bqpp7z,"Replication Data for: Preißinger, Maria and Schoen, Harald (2018): Entity and incremental theory of personality: Revisiting the validity of indicators. Personality and Individual Differences 130: 21-25.","Preißinger, Maria"
10.7910/dvn/rgamls,"Replication Data for: Preißinger, Maria and Schoen, Harald (2016): It's not always the campaign - Explaninig inter-election switching in Germany, 2009-2013. Electoral Studies 44: 109-119.","Preißinger, Maria"
10.7910/dvn/jloq6v,"Reproduction files for: Conceptions of national identity, turnout and party preference","Mader, Matthias; Pesthy, Maria; Schoen, Harald"
10.7910/dvn/dq1wfb,Replication Data for: Constructive and Destructive Legislative Review: The Government-Opposition Divide in Parliamentary Oversight,"Behrens, Lion"
10.7910/dvn/uuhrs4,PGMD country-year dataset version 1.1-2017,"Carey, Sabine"
10.7910/dvn/yfgxq3,Replication Data for: Precarious work and challenger parties: how precarity influenced vote choice in the 2018 Italian election,"Girardi, Elisabetta"
10.7910/dvn/azfhyn,"Replication Data for: Sometimes Less Is More: Censorship, News Falsification, and Disapproval in 1989 East Germany","Gläßel, Christian; Paula, Katrin"
10.7910/dvn/n4rske,"Replication Data for: Preißinger, Maria and Meyer, Marco (2015): Einstellungszugänglichkeit im Laufe von Wahlkämpfen: Aktivierungseffekte im Kontext der Bundestagswahlen 2005, 2009 und 2013. Politische Viertelsjahresschrift. Sonderheft ""Politische Psychologie"": 439-464.","Preißinger, Maria"
10.7910/dvn/cgxpf5,"Replication Data for: ""Bilateral or Multilateral? International Financial Flows and the Dirty-Work Hypothesis""","Lang, Valentin; Dreher, Axel; Rosendorff, B. Peter; Vreeland, James Raymond"
10.7910/dvn/346y30,Replication Data for: The potential of online sampling for studying political activists around the world and across time,"Jäger, Kai"
10.7910/dvn/jqlnct,Replication Data for: 'Bringing the World to the Classroom: Teaching Statistics and Programming in a Project-Based Setting',"Meyer, Cosima"
10.7910/dvn/uq4sfe,"Replication Data for: Preißinger, Maria. 2017. Always late? Stability and Change in Individuals' Time of Vote Decision. In: Harald Schoen, Sigrid Roßteutscher, Rüdiger Schmitt-Beck, Bernhard Weßels &amp; Christof Wolf. Voters &amp; Voting in Context. Multiple Contexts &amp; the Heterogeneous German Electorate. Oxford: Oxford University Press. 230-248.","Preißinger, Maria"
10.7910/dvn/fflnyr,"Replication Data for: ""Advocates of Climate Action? The Age of Members of Parliament and their Activity in Legislative Debates on Climate Change""","Debus, Marc; Himmelrath, Noam"
10.7910/dvn/2ly2wb,Age Structure and Political Violence: A Re-Assessment of the ‘Youth Bulge’ Hypothesis,"Weber, Hannes"
10.7910/dvn/yy7xbx,Trial fairness before impact: Tracing the link between post-conflict trials and peace stability,"Steinert, Christoph"
10.7910/dvn/lk52ql,PGMD summary information version 1.0,"Carey, Sabine"
10.7910/dvn/arkbat,"Reproduction files for: Chancellor Merkel, the European Debt Crisis and the AfD: An Analysis of Voting Behaviour in the 2013 Federal Election","Mader, Matthias; Schoen, Harald"
10.7910/dvn/upoclt,Reproduction files for: Ideological voting in context: The case of Germany during the Merkel era,"Mader, Matthias; Schoen, Harald"
10.7910/dvn/zfas3y,Reproduction files for: Citizens’ Perceptions of Policy Objectives and Support for Military Action: Looking for Prudence in Germany,"Mader, Matthias"
10.7910/dvn/qv7ajh,Replication Data for: Resist to Commit: Concrete Campaign Statements and the Need to Clarify a Partisan Reputation,"Eichorst, Jason; Lin, Nick C.N."
10.7910/dvn/0k34r2,"Replication Data for ""Borders and Bullies: How Borders shape Perceptions of Security and Foreign Policy Preference""","Carey, Sabine"
10.7910/dvn/6zyxml,"Replication Data for: A Replication of ""Representative Bureaucracy and the Willingness to Coproduce""","Sievert, Martin"
10.7910/dvn/tat2yf,Replication Data for: Conspiracy beliefs and perceptions of electoral integrity: Cross-national evidence from 29 countries,"Schnaudt, Christian"
10.7910/dvn/dtbwgp,Replication Data for `Divergent Perceptions of Peace in Post-Conflict Societies: Insights from Sri Lanka',"Carey, Sabine"
10.7910/dvn/vmslwf,Replication Data for: Political ambition and opposition legislative review: Bill scrutiny as an intra-party signalling device,"Behrens, Lion"
10.7910/dvn/ffuwsf,Replication Data for: Terrorism and Immigration Policy Preferences,"Helbling, Marc"
10.7910/dvn/jluvyu,Replication Data for: The State and the Emergence of the First American Party System: Roll Call Voting in the New York State Assembly during the Early Republic,"Rohr, Benjamin"
10.7910/dvn/nvkq5v,"Reproduction files for: The European refugee crisis, party competition, and voters’ responses in Germany","Mader, Matthias"
10.7910/dvn/5jj6oe,"Replication Data for: Monetary Policy, Markup Dispersion, and Aggregate TFP","Meier, Matthias; Reinelt, Timo"
10.7910/dvn/lmdueq,Replication Data for: How Gendered is the Peer Review Process? A Mixed-Design Analysis of Reviewer Feedback,"König, Thomas; Ropers, Guido"
10.7910/dvn/kps1ky,Replication Data for: 'When the Whole is Greater Than the Sum of its Parts: On the Concept and Measurement of Populist Attitudes and Other Multi-dimensional Constructs',"Wuttke, Alexander; Schimpf, Christian; Schoen, Harald"
10.7910/dvn/y5y6vd,Replication Data for: 'Have Europeans Grown Tired of Democracy?',"Wuttke, Alexander; , Gavras; Schoen, Harald"
10.7910/dvn/1wzcea,Replication Data for: Discrete Choice Data with Unobserved Heterogeneity: A Conditional Binary Quantile Model,"Lu, Xiao"
10.7910/dvn/lrzmb7,Reproduction files for: Stabilität und Wandel der nationalen Identität in der deutschen Bevölkerung,"Mader, Matthias"
10.7910/dvn/pyohga,Replication Data for: Challenging the Challengers? Quasi-Experimental Evidence on the Impact of the Bündnis Sahra Wagenknecht on German Party Competition,"Eschenwecker, Stefan; König, Thomas"
10.7910/dvn/yzpgsv,Replication For: (How) Do Information Campaigns Influence Migration Decisions?,"Morgenstern, Sandra"
10.7910/dvn/cy7ywe,Replication Data for: The Wald Test of Common Factors in Spatial Model Specification Search Strategies,"Juhl, Sebastian"
10.7910/dvn/tmwjyl,Replication data for: Apples and Oranges? The Problem of Equivalence in Comparative Research,"Stegmueller, Daniel"
10.7910/dvn/ylbhax,Replication Data for: The Role of Topic Expertise for Interruption Behavior in Parliament - A Dyadic Approach,"Diener, Julius"
10.7910/dvn/4mtmxw,Empty Promises and Nonincorporation in Mercosur,"Arnold, Christian"
10.7910/dvn/weseby,Replication Data for: Age and Representation Styles: Are Young Candidates more likely to Prioritize their Voters over their Own Opinion or their Party?,"Diener, Julius"
10.7910/dvn/iqzygc,Replication Data for: The European Court of Justice and Legal European Integration,"König, Thomas; Eschenwecker, Stefan"
10.7910/dvn/unfgrs,Replication Data for: 'LinkedOut? A Field Experiment on Discrimination in Job Network Formation',"Evsyukova, Yulia; Rusche, Felix; Mill, Wladislaw"
10.7910/dvn/27333,"Replication data for: Governments, Parliaments, and Legislative Activity","Bräuninger, Thomas; Debus, Marc; Wüst, Fabian"
10.7910/dvn/v294kt,Replication Data for: Assessing the relative influence of party unity on vote choice: Evidence from a conjoint experiment,"Lehrer, Roni"
10.7910/dvn/gapiqo,Replication Data for: Wheeling and Dealing Behind Closed Doors: Estimating the Causal Effect of Transparency on Policy Evaluations Using a Survey Experiment,"Juhl, Sebastian; Hilpert, David"
10.7910/dvn/csx1vl,Replication Data for: Comparative Politics and Causal Evaluation of Structural Reforms: The Case of the UK National Minimum Wage Introduction,"König, Thomas; Ropers, Guido; Buchmann, Anika"
10.7910/dvn/nhsjmj,Replication Data for: Backlash to Policy Decisions. How Citizens React to Immigrants’ Rights to Demonstrate,"Traunmueller, Richard"
10.7910/dvn/26792,Replication data and supplementary materials for Using Twitter to mobilise protest action.,"Lowe, Will"
10.7910/dvn/rcva0x,"Replication Data for: Numbers, Selectivity and Rights: The Conditional Nature of Immigration Policy Preferences","Helbling, Marc; Maxwell, Rahsaan; Traunmueller, Richard"
10.7910/dvn/vjqkpq,Replication data for: Understanding Wordscores,"Lowe, Will"
10.7910/dvn/mycjsh,Replication Data for: 'Them' Without 'Us': Negative Identities and Affective Polarisation in Brazil,"Areal, João"
10.7910/dvn/fjxh5g,"Replication Data for ""How valid are trust survey measures? New insights from open-ended probing data and supervised machine learning""","Landesvatter, Camille; Bauer, Paul C."
10.7910/dvn/24640,Replication data for: Fiscal Governance in the Eurozone: How effectively does the Stability and Growth Pact limit governmental debt in the Euro countries?,"Koehler, Sebastian; Koenig, Thomas"
10.7910/dvn/23113,Replication data for: A Common Left-Right Scale for Voters and Parties in Europe,"Lo, James; Proksch, Sven-Oliver; Gschwend, Thomas"
10.7910/dvn/qwrvhb,Replication Data for: The Political Consequences of Wartime Sexual Violence. Evidence from a List Experiment,"Gonzalez, Belen; Traunmueller, Richard"
10.7910/dvn/jsxoey,Replication Data for: Modeling preferences using roll call votes in parliamentary systems,"Bräuninger, Thomas; Müller, Jochen; Stecker, Christian"
10.7910/dvn/29231,Does Electoral Proximity Affect Security Policy?,"Marinov, Nikolay; Nomikos, William G.; Robbins, Josh"
10.7910/dvn/rb9ch9,Government Agenda-Setting and Bicameral Conflict Resolution,"Fortunato, David; König, Thomas; Proksch, Sven-Oliver"
10.7910/dvn/crouhh,Rules and Allies: Foreign Election Interventions,"Bubeck, Johannes; Marinov, Nikolay"
10.7910/dvn/rkvwnc,Replication Data for: Forecasting Migration Movements using Prediction Markets,"Strijbis, Oliver; Morgenstern, Sandra"
10.7910/dvn/xee99u,Replication Data for: Making Comprehensible Speeches When Your Constituents Need It,"Lin, Nick; Osnabrügge, Moritz"
10.7910/dvn/22bgvu,Replication Data for: Die programmatischen Positionen der deutschen Parteien zur Bundestagswahl 2017: Ergebnisse einer Expertenbefragung,"Bräuninger, Thomas; Debus, Marc; Müller, Jochen; Stecker, Christian"
10.7910/dvn/soewuz,Replication Data for: How to place non-majoritarian institutions and political actors in a common policy space: Spatial modeling of court--executive interactions,"Engst, Benjamin G.; Grundmanns, David M.; Gschwend, Thomas"
10.7910/dvn/sworps,"Replication Data for ""Cue-taking, satisficing, or both? Quasi-experimental evidence for ballot position effects""","Däubler, Thomas; Rudolph, Lukas"
10.7910/dvn/ootxiw,Replication Data for: Longitudinal Analyses of Gender Differences in First Authorship Publications Related to COVID-19,"Lerchenmueller, Marc"
10.7910/dvn/t9p4wg,Replication Data for: Assessing the Validity of the Manifesto Common Space Scores,"Flentje, Jan-Erik; König, Thomas; Marbach, Moritz"
10.7910/dvn/q2wlfs,Unpacking the effects of burdensome state actions on citizens’ policy perceptions,"Sievert, Martin; Bruder, Jonas"
10.7910/dvn/spltli,Replication Data for: How a history of migration affects individuals' political attitudes,"Himmelrath, Noam; Debus, Marc; Stecker, Christian"
10.7910/dvn/43dqvr,Replication Data for: Zero-sum thinking and the cultural threat of Muslim immigrants’ religious rights,"Helbling, Marc; Ivarsflaten, Elisabeth; Traunmueller, Richard"
10.7910/dvn/cli4ol,Reproduction files for: Crumbling in the face of cost? How cost considerations affect public support for European security and defence cooperation.,"Mader, Matthias; Münchow, Felix"
10.7910/dvn/qxwx4q,Evolutionary Simulations (No Analysis),"Lehrer, Roni; Schumacher, Gijs J.S.; Challenges to Democratic Representation (AISSR, FMG); AISSR Other Research (FMG)"
10.7910/dvn/fdsxmr,Replication Data for: Context-Driven Attitude Formation: The Difference Between Supporting Free Trade in the Abstract and Supporting Specific Trade Agreements,"Jungherr, Andreas; Mader, Matthias; Schoen, Harald; Wuttke, Alexander"
10.7910/dvn/cx6bkt,Analyses Evolutionary Models,"Lehrer, Roni; Schumacher, Gijs J.S.; Challenges to Democratic Representation (AISSR, FMG)"
10.7910/dvn/by4obr,Replication Data for: Understanding Journalist Killings,"Carey, Sabine C.; Gohdes, Anita R."
10.7910/dvn/gwuyuz,Reproduction files for: Intra-Party Heterogeneity in Policy Preferences and Its Effect on Issue Salience: Developing and Applying a Measure Based on Elite Survey Data,"Steiner, Nils D.; Mader, Matthias"
10.7910/dvn/qnasjj,Reproduction files for: Party institutionalization and intra-party preference homogeneity,"Mader, Matthias; Steiner, Nils D."
10.7910/dvn/yg9cmf,Reproduction files for: The globalisation divide in the public mind: Belief systems on globalisation and their electoral consequences,"Mader, Matthias; Steiner, Nils D.; Schoen, Harald"
10.7910/dvn/tiumnc,Reproduction files for: Why is the AfD so successful in East Germany? An analysis of the ideational foundations of the AfD vote at the 2017 federal election,"Mader, Matthias; Pesthy, Maria; Schoen, Harald"
10.7910/dvn/1xgqf2,"Replication Data for: ""Using party press releases and Wikipedia page view data to analyse developments and determinants of parties’ issue prevalence: Evidence for the right-wing populist ‘Alternative for Germany’","Debus, Marc; Florczak, Christopher"
10.7910/dvn/zy3rv7,ParlEE plenary speeches data set: Annotated full-text of 21.6 million sentence-level plenary speeches of eight EU states,"Sylvester, Christine; Greene, Zachary; Ebing, Benedikt"
10.7910/dvn/o80skq,Replication Data for: Military Service and Immigrants' Integration: Evidence from the Vietnam Draft Lotteries,"Zhang, Nan; Lee, Melissa"
10.7910/dvn/khut6x,Replication Data for: Environmental Pollution and Authoritarian Politics,"Horz, Carlo M.; Marbach, Moritz; Steinert, Christoph Valentin"
10.7910/dvn/qzmpsn,Replication Data for: Learning at Home and Abroad: How Competition Conditions the Diffusion of Party Strategies,"Juhl, Sebastian; Williams, Laron K."
10.7910/dvn/m5qyvv,Evolutionary Single Rule Models (No Analysis),"Lehrer, Roni; Schumacher, Gijs J.S.; Challenges to Democratic Representation (AISSR, FMG)"
10.7910/dvn/lmrrzb,Replication Data for: Social group appeals in party rhetoric: Effects on policy support and polarization,"Huber, Lena Maria; Meyer, Thomas M.; Wagner, Markus"
10.7910/dvn/ycdjnt,Replication Data for: Divided We Unite: The Nature of Partyism and the Role of Coalition Partnership in Europe,"Hahm, Hyeonho; Hilpert, David; König, Thomas"
10.7910/dvn/mgm5qy,Replication Data for: The Gendered Costs of Stigma: How Experiences of Conflict-Related Sexual Violence Encourage Civic Engagement for Women and Men,"Koos, Carlo; Traunmueller, Richard"
10.7910/dvn/x9kkqw,Analyses Single Rule Models,"Schumacher, Gijs J.S.; Lehrer, Roni; Challenges to Democratic Representation (AISSR, FMG)"
10.7910/dvn/u2591t,Replication Data for: The Gendered Costs of Stigma: How Experiences of Wartime Sexual Violence Encourage Civic Engagement for Women and Men,"Koos, Carlo; Traunmüller, Richard"
10.7910/dvn/yhjucj,Replication Data for: Gender Differences In How Scientists Present The Importance Of Their Research,"Lerchenmueller, Marc"
10.7910/dvn/rioeay,Replication Data for: The Externalities of Inequality: Fear of Crime and Preferences for Redistribution in Western Europe,"Rueda, David; Stegmueller, Daniel"
10.7910/dvn/gk9vch,Replication Data for: Strategic ambiguity of party positions in multiparty competition,"Bräuninger, Thomas; Giger, Nathalie"
10.7910/dvn/kyqbht,"Replication Data for: Mode of candidacy, electoral prospects, and the ideological deviation of candidacy-seeking politicians from their party leadership","Debus, Marc; Lattmann, Johannes; Wagner, Sarah"
10.7910/dvn/tm694o,Replication Data for: What do Germans of Russian and Turkish migration background think about sanctions against Russia?,"Debus, Marc; Diener, Julius; Himmelrath, Noam; Stecker, Christian"
10.7910/dvn/eb0bga,Replication Data for: Let’s Just Agree to Disagree: Dispute Resolution Mechanisms in Coalition Agreements,"Indridason, Indridi; Bowler, Shaun; Bräuninger, Thomas; Debus, Marc"
10.7910/dvn/ucrhwn,Replication Data for: Keeping One’s Seat: The Competitiveness of MP Renomination in Mixed-Member Electoral Systems,"Baumann, Markus; Debus, Marc; Klingelhöfer, Tristan"
10.7910/dvn/kqjl5k,"Replication Data for: Value Conflicts Revisited: Muslims, Gender Equality and Gestures of Respect","Ivarsflaten, Elisabeth; Helbling, Marc; Sniderman, Paul M.; Traunmüller, Richard"
10.7910/dvn/8rogi1,Replication Data for: Instability in the Stability and Growth Pact: The Contribution of Member State Power and Euroskepticism to the Euro Crisis,"Baerg, Nicole Rae; Hallerberg, Mark"
10.7910/dvn/pls50o,"Replication material for ""Coalition Policy Perceptions""","Bowler, Shaun; Gschwend, Thomas; Indridason, Indridi H."
10.7910/dvn/hl64wc,Replication Data for: Coalition-directed Voting under Uncertainty,"Stoetzer, Lukas F.; Bahnsen, Oke; Gschwend, Thomas"
10.7910/dvn/yk8l4i,Pro-Government Militias Database 2.1,"Carey, Sabine C.; Mitchell, Neil J."
10.7910/dvn/oppc8v,Impacts of linking savings group to formal financial service providers and strengthening their internal group insurance mechanism in Zambia,"Frölich, Markus; Nguyen, Linh"
10.7910/dvn/98anea,"Replication Data for: ""Teacher Performance Pay and Student Learning: Evidence from a Nationwide Program in Peru”. Economic Development and Cultural Change","Lombardi, Maria; Bellés-Obrero, Cristina"
10.7910/dvn/gj0gai,Replication Data for: How Party Competition Shapes Ethnic Parties’ Positions on Migration and Immigration,"Debus, Marc; Schulte, Felix"
10.7910/dvn/t3g5md,"Replication Code for ""Social Connectedness in Bank Lending""","Rehbein, Oliver; Rother, Simon"
10.7910/dvn/5th3xy,Reproduction files for: National Identities and Mass Belief Systems on Foreign and Security Policy in Germany,"Mader, Matthias; Pötzschke, Jana"
10.7910/dvn/t2xfxg,Replication Data for: Candidate awareness in mixed-member electoral systems: A data-driven approach,"Rittmann, Oliver; Gschwend, Thomas; Sohnius, Marie-Lou"
10.7910/dvn/hvv0so,Replication Data for: Welche Auswirkungen haben größere Wahlkreise auf das politische Verhalten? Ein empirischer Beitrag zur Wahlrechtsreform,"Rittmann, Oliver; Souhnius, Marie-Lou; Gcshwend, Thomas"
10.7910/dvn/l3c3gf,"Supplemental materials for ""European public opinion: united in supporting Ukraine, divided on the future of NATO""","Münchow, Felix; Mader, Matthias; Thomson, Catarina"
10.7910/dvn/3wilxi,Replication Data for: Simulating party shares,"Hanretty, Chris; Cohen, Denis"
10.7910/dvn/mdhsxp,"Replication Data for: ""Scaling Court Decisions with Citation Networks""","Arnold, Christian; Engst, Benjamin; Gschwend, Thomas"
10.7910/dvn/df4dfh,Replication Data for: Left/Right or U? Estimating the Dimensionality of National Party Competition in Europe,"König, Thomas; Marbach, Moritz; Osnabrügge, Moritz"
10.7910/dvn/ipgctn,Replication Data for: Biased Bureaucrats and the Policies of International Organizations,"Lang, Valentin; Kentikelenis, Alexandros; Wellner, Lukas"
10.7910/dvn/al0v9k,Replication data for: Foreign Anti-Mainstream Propaganda and Democratic Publics,"Mader, Matthias; Marinov, Nikolay; Schoen, Harald"
10.7910/dvn/mb2uku,Replication Data for: When Do Campaign Effects Persist for Years? Evidence from a Natural Experiment,"Jäger, Kai"
10.7910/dvn/28639,Replication data for: Locus of Control and Job Search Strategies,"Caliendo, Marco; Uhlendorff, Arne; Cobb-Clark, Deobrah"
10.7910/dvn/uup8cx,The Crowdsourced Replication Initiative Participant Survey,"Breznau, Nate; Rinke, Eike Mark; Wuttke, Alexander"
10.7910/dvn/amdmmu,"Replication Data for ""Rebel Recruitment and Migration: Theory and Evidence From Southern Senegal""","Schaub, Max; Auer, Daniel"
10.7910/dvn/ony6wj,Replication Data for: Computing quantities of interest and their uncertainty using Bayesian simulation,"Murr, Andreas; Traunmueller, Richard; Gill, Jeff"
10.7910/dvn/qwpdqj,Replication data for: Validating estimates of latent traits from textual data using human judgement as a benchmark,"Lowe, Will; Benoit, Kenneth"
10.7910/dvn/hon8ft,Replication Data for: Protecting civilians in inter-communal conflict through remote sensing of climate impacts,"Sauter, Melanie; Dworschak, Christoph"
10.7910/dvn/cpyhug,"Reproduction files for: Predispositions, Mission-Specific Beliefs, and Public Support for Military Missions: The Case of the German ISAF Mission in Afghanistan","Mader, Matthias; Jedinger, Alexander"
10.7910/dvn/ldumny,Reproduction files for: Trust and cooperative behavior: Evidence from the realm of data-sharing,"Bauer, Paul Cornelius; Keusch, Florian; Kreuter, Frauke"
10.7910/dvn/mlynx0,Replication Data for: Forecasting Elections in Multi-Party Systems: A Bayesian Approach Combining Polls and Fundamentals,"Neunhoeffer, Marcel; Stoetzer, Lukas F.; Gschwend, Thomas; Munzert, Simon; Sternberg, Sebastian"
10.7910/dvn/vxp23s,Replication Data for: Party campaign statements and portfolio allocation in coalition governments,"Däubler, Thomas; Debus, Marc; Ecker, Alejandro"
10.7910/dvn/prxhpm,Replication Data for: How to Deal With Reverse Causality Using Panel Data? Recommendations for Researchers Based on a Simulation Study,"Leszczensky, Lars; Wolbring, Tobias"
10.7910/dvn/ydk1zi,Replication Data for: Asymmetric Labor-Supply Responses to Wage Changes – Experimental Evidence from an Online Labor Market,"Doerrenberg, Philipp; Duncan, Denvil; Löffler, Max"
10.7910/dvn/gec2ls,Replication Data for: Eliciting Beliefs as Distributions in Online Surveys,"Leemann, Lucas; Traunmueller, Richard; Stoetzer, Lukas F."
10.7910/dvn/kpfydd,Replication Data for: The Zweitstimme Forecast for the German Federal Election 2025: Coalition Majorities and Vacant Districts,"Erfort, Cornelius; Stoetzer, Lukas F.; Gschwend, Thomas; Koch, Elias; Munzert, Simon; Rajski, Hannah"
10.7910/dvn/9sax3k,Replication Data for: Weighting Parties and Coalitions: How Coalition Signals Influence Voting Behavior,Michael F. Meffert; Thomas Gschwend; Lukas F. Stoetzer
10.7910/dvn/e2hfkn,Replication Data for: Ein Umschwung in den letzten Wochen des Landtagswahlkampfes: Befunde einer mehrwelligen Wiederholungsbefragung zur niedersächsischen Landtagswahl 2017,"Wuttke, Alexander; Schoen, Harald; Kratz, Agatha; Preißinger, Maria"
10.7910/dvn/jbogc9,Replication Code for: The Power of Mandatory Quality Disclosure: Evidence from the German Housing Market,"Gerster, Andreas; Frondel, Manuel; Vance, Colin"
10.7910/dvn/tjtzt2,Replication Data for: How to increase turnout in low-salience elections. Quasi-experimental evidence on the effect of concurrent second-order elections on political participation,"Leininger, Arndt; Rudolph, Lukas; Zittlau, Steffen"
10.7910/dvn/v5aoxd,"Replication Data for: Between Strategy and Protest: How Policy Demand, Political Dissatisfaction and Strategic Incentives Matter for Far Right Voting","Cohen, Denis"
10.7910/dvn/28603,"Governments, Informal Links to Militias and Accountability","Carey, Sabine; Colaresi, Michael; Mitchell. Neil"
10.7910/dvn/n6m2oq,"Risk Mitigation, Regimes Security, and Militias: Beyond Coup-proofing","Carey, Sabine C.; Colaresi, Michael P.; Mitchell, Neil J."
10.7910/dvn/wihaov,Reproduction Material for: Subjective Losers of Globalization,"Steiner, Nils D.; Matthias, Mader; Schoen, Harald"
10.7910/dvn/pgfoxw,Replication Data for: Why Underachievers Dominate Secret Police Organizations: Evidence from Autocratic Argentina,"Scharpf, Adam; Gläßel, Christian"
10.7910/dvn/oesr62,"Replication Data for: “The Unequal Distribution of Speaking Time in Parliamentary Party Groups” by Hanna Bäck, Markus Baumann, Marc Debus and Jochen Müller.","Müller, Jochen; Bäck, Hanna; Baumann, Markus; Debus, Marc"
10.7910/dvn/kkreya,Replication Data for: Do Public Fund Windfalls Increase Corruption? Evidence From a Natural Disaster,"Marinov, Nikolay; Nikolova, Elena"
10.7910/dvn/law8um,Replication Data for: Pro-Government Militias and Conflict,"Carey, Sabine C.; Mitchell, Neil J.; Scharpf, Adam"
10.7910/dvn/s6h88q,"Project ""White Vote""","Dentler, Klara"
10.7910/dvn/wmvc4u,Replication Files for: The Long-Term Costs of Government Surveillance – Insights from Stasi Spying in East Germany,"Lichter, Andreas; Löffler, Max; Siegloch, Sebastian"
10.7910/dvn/zfw6tn,"Replication data for: The life, death and diversity of pro-government militias: The fully revised pro-government militias database version 2.0","Carey, Sabine; Mitchell, Neil J.; Paula, Katrin"
10.7910/dvn/kks1r0,"Replication Data for: Presidents, Policy Compromise and Legislative Success","Doyle, David; Arnold, Christian; Wiesehomeier, Nina"
10.7910/dvn/h6nxuh,"Replication Data for: 'Wealth of Two Nations: The U.S. Racial Wealth Gap, 1860-2020'","Derenoncourt, Ellora; Kim, Chi Hyun; Kuhn, Moritz; Schularick, Moritz"
10.7910/dvn/czljs6,Replication Data for Forecasting Bloc Support in German Federal Elections: A Political History Model,"Quinlan, Dr Stephen; Schnaudt, Dr Christian; Lewis-Beck, Prof Michael S."
10.7910/dvn/ofcaae,"Replication Data for: ""Agenda Control and Timing of Bill Initiation: A Temporal Perspective on Coalition Governance in Parliamentary Democracies""","König, Thomas; Lin, Nick; Lu, Xiao; N. Silva, Thiago; Yordanova, Nikoleta; Zudenkova, Galina"
10.7910/dvn/yny90h,Replication Data for: Who Settles Disputes? Treaty Design and Trade Attitudes Toward the Transatlantic Trade and Investment Partnership (TTIP),"Hahm, Hyeonho; König, Thomas; Osnabrügge, Moritz; Frech, Elena"
10.7910/dvn/t2fzk3,Replication Data for: Illiberal Communication and Election Intervention During the Refugee Crisis in Germany,"Elshehawy, Ashrakat; Gavras, Konstantin; Marinov, Nikolay; Nanni, Federico; Schoen, Harald"
10.7910/dvn/w9ygcb,"Reproduction files for: How political are national identities? A comparison of the United States, the United Kingdom, and Germany in the 2010s","Mader, Matthias; Scotto, Thomas J.; Reifler, Jason; Gries, Peter H.; Isernia, Pierangelo; Schoen, Harald"
10.7910/dvn/bte2bk,Replication Data for: Risk Aversion and the Gender Gap in the Vote for Populist Radical Right Parties,"Oshri, Odelia; Harsgor, Liran; Itzkovitch-Malka, Reut; Tuttnauer, Or"
10.7910/dvn/wg8vck,"Replication Data for It's Not Only What You Say, It's Also How You Say It: The Strategic Use of Campaign Sentiment","Indridason, Indridi; Crabtree, Charles; Golder, Matt; Gschwend, Thomas"
10.7910/dvn/7qne9o,Replication data for: The Manifesto Project data extended to include the logit scales and standard errors,"Lowe, Will; Benoit, Kenneth; Mikhaylov, Slava; Laver, Michael"
10.7910/dvn/wg9kvf,School Closures During the 1918 Pandemic,"Nencka, Peter; Karger, Ezra; Eriksson, Katherine; Ager, Phillipp; Melissia A. Thomasson"
10.7910/dvn/tyqnae,Replication Data for: Rental Market Risk and Radical Right Support,"Abou-Chadi, Tarik; Cohen, Denis; Kurer, Thomas"
10.7910/dvn/wutlh8,Replication Data for: How open lists undermine the electoral support of cohesive parties,"Bräuninger, Thomas; Däubler, Thomas; Huber, Robert; Rudolph, Lukas"
10.7910/dvn/feqsc7,Replication Data for: Coalition mood in European parliamentary democracies,"Imre, Michael; Ecker, Alejandro; Meyer, Thomas M.; Müller, Wolfgang C."
10.7910/dvn/dlj33w,Replication Data for: Mass Emigration and the Erosion of Liberal Democracy,"Auer, Daniel; Schaub, Max"
10.7910/dvn/khzqa2,Replication Data for: Temporal Strategies,"Garwe, Christoph; Engst, Benjamin G.; Stawicki, Yannick; Hönnige, Christoph"
10.7910/dvn/sm7lzk,Replication Data for: Das Potential offener Listen für die Wahl von Frauen zum Bundestag. Ergebnisse eines Survey-Experiments,"Rudolph, Lukas; Däubler, Thomas; Menzner, Jan"
10.7910/dvn/edtknw,Replication Data for: The Zweitstimme Model: A Dynamic Forecast of the 2021 German Federal Election,"Neunhoeffer, Marcel; Gschwend, Thomas; Müller, Klara; Munzert, Simon; Stoetzer, Lukas F."
10.7910/dvn/gbwb8i,Replication Data for: Does Accommodation Work? Mainstream Party Strategies and the Success of Radical Right Parties,"Krause, Werner; Cohen, Denis; Abou-Chadi, Tarik"
10.7910/dvn/t5lyws,Replication Data for: Temporary Disenfranchisement: Negative Side-Effects of Lowering the Voting Age,"Leininger, Arndt; Sohnius, Marie-Lou; Faas, Thorsten; Rossteutscher, Sigrid; Schäfer, Armin"
10.7910/dvn/pygbdo,Parliaments day-by-day,"Turner-Zwinkels, Tomas; Huywler, Oliver; Frech, Elena; Manow, Philip; Bailer, Stefanie; Goet, Niels; Hug, Simon"
10.7910/dvn/8qzzjx,Replication Data for Can role models influence female's decision to participate in the labor market? Evidence from a field experiment,"Martini, Christina A.; Uruena, Viviana"
10.7910/dvn/e2187a,"Replication Data for ""Holding Individual Representatives Accountable: The Role of Electoral Systems""","Rudolph, Lukas; Däubler, Thomas"
10.7910/dvn/27505,Replication data for: Evidence of Treatment Spillovers Within Markets,"Ferracci, Marc; Jolivet, Gregory; Van den Berg, Gerard J."
10.7910/dvn/46udei,Replication Data for: Comparative vote switching,"Cohen, Denis; Krause, Werner; Abou-Chadi, Tarik"
10.7910/dvn/lzhtbe,"Replication Data for ""Grist to the Mill of Subversion: Strikes and Coups in Counterinsurgencies""","Scharpf, Adam; Gläßel, Christian; González, Belén"
10.7910/dvn/cjuwrl,Replication Data for: A Large-Scale Field Experiment to Reduce Non-Payments for Water: From Diagnosis to Treatment,"Rockenbach, Bettina; Tonke, Sebastian; Weiss, Arne"
10.7910/dvn/lh8tgd,Replication Data for: Management Practices and Climate Policy in China,"Soo Keong, Yong; J. Wagner, Ulrich; Shen, Peiyao; Preux, Laure de; Muuls, Mirabelle; Martin, Ralf; Cao, Jing"
10.5683/sp3/tajmh0,Replication Data and Code for: Import Competition and Firm-Level CO2 Emissions: Evidence from the German Manufacturing Industry,"Lehr, Jakob"
10.11588/data/edvzxm,Water Consumption in Germany [Dataset],"Tosun, Jale; Debus, Marc; Schaub, Simon; Klein, Sina; Scherer, Ulrike; Goeschl, Timo; Horn, Harald"
10.5683/sp3/ttnjci,Replication Data and Code for: Multilateral Bargaining with Proposer Selection Contest,"Kim, Duk Gyoo; Kim, Sang-Hyun"
10.5683/sp3/nznqbr,Replication Data and Code for: Not just a work permit: EU citizenship and the consumption behaviour of documented and undocumented immigrants,"Adamopoulou, Effrosyni; Kaya, Ezgi"
10.17026/ss/sls0d4,"Replication Data for: Diverging Ethnic Hierarchies? Cultural Distance, Right-Wing Authoritarianism, and Social Distance Perceptions in the Netherlands.",H. Soiné; B. Lancee
10.5683/sp3/yocdkb,Replication Data and Code for: Foreign market conditions and export performance: does ‘crowdedness’ reduce exports?,"Breinlich, Holger; Tucci, Alessandra"
10.34894/tf6uqs,Italian Resistance Goes Digital: Event And Participant Extraction From Partisans’ Memoirs,"Rovera, Marco; Nanni, Federico; Ponzetto, Simone Paolo"
10.11588/data/qz6d8q,Hormonal synchrony in older couples' everyday life [Research data and script],"Hopf, Dora; Aguilar-Raab, Corina; Gödde, Johanna Ulrike; Schneider, Ekaterina; Ditzen, Beate; Eckstein, Monika"
