DOI,Title,Creators
10.1037/e722842011-018,Overconfidence of professionals and lay men: Individual differences within and between tasks?,Markus Glaser; Thomas Langer; Martin Weber
10.1037/e512592013-203,How specific is source memory for faces of cheaters? Evidence for categorical emotional tagging,R. Bell; A. Buchner; E. Erdfelder; T. Giang; C. Schain; N. Riether
10.5281/zenodo.5808870,RUEG Corpus,Heike Wiese; Άρτεμις Αλεξιάδου; Shanley Allen; Oliver Bunk; Natalia Gagarina; Kateryna Iefremenko; Esther Jahns; Martin Klotz; Thomas Krause; Annika Labrenz; Anke Lüdeling; Maria Martynova; Katrin Neuhaus; Tatiana Pashkova; Vicky Rizou; Rosemarie Tracy; Christoph Schroeder; Luka Szucsich; Wintai Tsehaye; Sabine Zerbian; Yulia Zuban
10.7910/dvn/xil6ow,Open Expert Survey 2021,Michael Jankowski; Christian Stecker; Andreas Blätte; Thomas Bräuninger; Marc Debus; Anna‐Sophie Kurella; Jochen Müller; Susanne Pickel
10.7910/dvn/crouhh,Rules and Allies: Foreign Election Interventions,Johannes Bubeck; Nikolay Marinov
10.5281/zenodo.3236069,RUEG Corpus,Heike Wiese; Άρτεμις Αλεξιάδου; Shanley Allen; Oliver Bunk; Natalia Gagarina; Kateryna Iefremenko; Esther Jahns; Martin Klotz; Thomas Krause; Annika Labrenz; Anke Lüdeling; Maria Martynova; Katrin Neuhaus; Tatiana Pashkova; Vicky Rizou; Rosemarie Tracy; Christoph Schroeder; Luka Szucsich; Wintai Tsehaye; Sabine Zerbian; Yulia Zuban
10.7910/dvn/zy3rv7,ParlEE plenary speeches data set: Annotated full-text of 21.6 million sentence-level plenary speeches of eight EU states,Christine Sylvester; Zachary Greene; Benedikt Ebing
10.5281/zenodo.3765218,RUEG Corpus,Heike Wiese; Άρτεμις Αλεξιάδου; Shanley Allen; Oliver Bunk; Natalia Gagarina; Kateryna Iefremenko; Esther Jahns; Martin Klotz; Thomas Krause; Annika Labrenz; Anke Lüdeling; Maria Martynova; Katrin Neuhaus; Tatiana Pashkova; Vicky Rizou; Rosemarie Tracy; Christoph Schroeder; Luka Szucsich; Wintai Tsehaye; Sabine Zerbian; Yulia Zuban
10.5281/zenodo.3236068,RUEG Corpus,Heike Wiese; Άρτεμις Αλεξιάδου; Shanley Allen; Oliver Bunk; Natalia Gagarina; Kateryna Iefremenko; Esther Jahns; Martin Klotz; Thomas Krause; Annika Labrenz; Anke Lüdeling; Maria Martynova; Katrin Neuhaus; Tatiana Pashkova; Vicky Rizou; Rosemarie Tracy; Christoph Schroeder; Luka Szucsich; Wintai Tsehaye; Sabine Zerbian; Yulia Zuban
10.7910/dvn/7qne9o,Replication data for: The Manifesto Project data extended to include the logit scales and standard errors,Will Lowe; Kenneth Benoit; Slava Mikhaylov; Michael Laver
10.1037/e633982013-719,Beyond procedure's content--Cognitive subjective experiences in procedural justice judgments,Rainer Greifeneder; Patrick A. Muller; Dagmar Stahlberg; Herbert Bless; Svenja K. Schattka
10.1257/rct.4577,Harnessing complementarities in the education production function,Jeffrey Livingston
10.1257/rct.6724-1.0,Information Campaigns for Residential Energy Conservation,Mark Andor; Andreas Gerster
10.7910/dvn/wmvc4u,Replication Files for: The Long-Term Costs of Government Surveillance – Insights from Stasi Spying in East Germany,Andreas Lichter; Max Löffler; Sebastian Siegloch
10.7910/dvn/uup8cx,The Crowdsourced Replication Initiative Participant Survey,Nate Breznau; Eike Mark Rinke; Alexander Wuttke
10.7910/dvn/sm7lzk,Replication Data for: Das Potential offener Listen für die Wahl von Frauen zum Bundestag. Ergebnisse eines Survey-Experiments,Lukas Rudolph; Thomas Däubler; Jan Menzner
10.7910/dvn/wg9kvf,School Closures During the 1918 Pandemic,Peter Nencka; Ezra Karger; Kimmo Eriksson; Phillipp Ager; Melissia A. Thomasson
10.5281/zenodo.1174041,Improving Hypernymy Extraction with Distributional Semantic Classes,Alexander Panchenko; Dmitry Ustalov; Stefano Faralli; Simone Paolo Ponzetto; Chris Biemann
10.5281/zenodo.1318146,Rdf2Vec Dbpedia Uniform Embeddings,Michael Cochez; Petar Ristoski; Simone Paulo Ponzetto; Heiko Paulheim
10.5281/zenodo.1320148,KGloVe DBpedia uniform embeddings,Michael Cochez; Petar Ristoski; Simone Paulo Ponzetto; Heiko Paulheim
10.1257/rct.6724,Information Campaigns for Residential Energy Conservation,Mark Andor; Andreas Gerster
10.5281/zenodo.7368634,Post-hypnotic suggestion improves confidence and speed of memory access with long-lasting effects,Barbara Schmidt; Justin Böhmer; Martin Schnürch; Sebastian Michelmann; Tobias Koch
10.5281/zenodo.6962676,Diversity-Driven Unit Test Generation (Data Set),Marcus Kessel; Colin Atkinson
10.5281/zenodo.4317959,Twenty-two Historical Encyclopedias Encoded in TEI: a New Resource for the Digital Humanities,Thora Hagen; Erik Ketzan; Fotis Jannidis; Andreas Witt
10.5281/zenodo.5913171,GeNeG: German News Knowledge Graph,Andreea Iana; Alexander Grote; Kaharina Ludwig; Mehwish Alam; Philipp Müller; Christof Weinhardt; Harald Sack; Heiko Paulheim
10.7910/dvn/cy7ywe,Replication Data for: The Wald Test of Common Factors in Spatial Model Specification Search Strategies,Sebastian Juhl
10.7910/dvn/ofcaae,"Replication Data for: ""Agenda Control and Timing of Bill Initiation: A Temporal Perspective on Coalition Governance in Parliamentary Democracies""",Thomas König; Nick Lin; Xiao Lu; Thiago Silva; Nikoleta Yordanova; Galina Zudenkova
10.7910/dvn/l3c3gf,"Supplemental materials for ""European public opinion: united in supporting Ukraine, divided on the future of NATO""",Felix Münchow; Matthias Mader; Catarina P. Thomson
10.7910/dvn/edtknw,Replication Data for: The Zweitstimme Model: A Dynamic Forecast of the 2021 German Federal Election,Marcel Neunhoeffer; Thomas Gschwend; Klara Müller; Simon Munzert; Lukas F. Stoetzer
10.7910/dvn/3wilxi,Replication Data for: Simulating party shares,Chris Hanretty; Denis Cohen
10.7910/dvn/najikb,Replication Data for: The Sensitivity of Spatial Regression Models to Network Misspecification,Sebastian Juhl
10.7910/dvn/kqjl5k,"Replication Data for: Value Conflicts Revisited: Muslims, Gender Equality and Gestures of Respect",Elisabeth Ivarsflaten; Marc Helbling; Paul M. Sniderman; Richard Traunmüller
10.7910/dvn/czljs6,Replication Data for Forecasting Bloc Support in German Federal Elections: A Political History Model,Stephen Quinlan; Dr Christian Schnaudt; Prof Michael S. Lewis-Beck
10.7910/dvn/6zyxml,"Replication Data for: A Replication of ""Representative Bureaucracy and the Willingness to Coproduce""",Martin Sievert
10.7910/dvn/gec2ls,Replication Data for: Eliciting Beliefs as Distributions in Online Surveys,Lucas Leemann; Richard Traunmueller; Lukas F. Stoetzer
10.7910/dvn/h6nxuh,"Replication Data for: 'Wealth of Two Nations: The U.S. Racial Wealth Gap, 1860-2020'",Ellora Derenoncourt; Chi Hyun Kim; Moritz Kuhn; Moritz Schularick
10.7910/dvn/prxhpm,Replication Data for: How to Deal With Reverse Causality Using Panel Data? Recommendations for Researchers Based on a Simulation Study,Lars Leszczensky; Tobias Wolbring
10.7910/dvn/jtksrw,Impacts of increasing community resilience through humanitarian aid in Pakistan,Alexandra Avdeenko; Markus Frölich
10.7910/dvn/rcva0x,"Replication Data for: Numbers, Selectivity and Rights: The Conditional Nature of Immigration Policy Preferences",Marc Helbling; Rahsaan Maxwell; Richard Traunmueller
10.7910/dvn/y5y6vd,Replication Data for: 'Have Europeans Grown Tired of Democracy?',Alexander Wuttke; Gavras; Harald Schoen
10.7910/dvn/t5lyws,Replication Data for: Temporary Disenfranchisement: Negative Side-Effects of Lowering the Voting Age,Arndt Leininger; Marie-Lou Sohnius; Thorsten Faas; Sigrid Roßteutscher; Armin Schäfer
10.7910/dvn/qzmpsn,Replication Data for: Learning at Home and Abroad: How Competition Conditions the Diffusion of Party Strategies,Sebastian Juhl; Laron Williams
10.7910/dvn/ycdjnt,Replication Data for: Divided We Unite: The Nature of Partyism and the Role of Coalition Partnership in Europe,Hyeonho Hahm; David Hilpert; Thomas König
10.1037/e633942013-636,When negative expectancies turn into negative performance: The role of ease of retrieval,Herbert Bless; Johannes Keller; Rainer Greifeneder
10.5281/zenodo.1174040,Improving Hypernymy Extraction With Distributional Semantic Classes,Alexander Panchenko; Dmitry Ustalov; Stefano Faralli; Simone Paolo Ponzetto; Chris Biemann
10.5281/zenodo.1067701,"Polidoc.net CODEBOOK: National and Regional Manifestos and other Political Documents Collected for the Research Projects ""Representation in Europe: Congruence between Preferences of Elites and Voters"" (REPCONG) and ""The Impact of EU Cohesion Policy on European Identification"" (COHESIFY)",Thomas Bräuninger; Marc Debus; Kenneth Benoit; Julian Bernauer; Polidoc.net Team
10.6084/m9.figshare.4742170,Evaluating the Quality of Survey and Administrative Data with Generalized Multitrait-Multimethod Models,Daniel L. Oberski; Antje Kirchner; Stephanie Eckman; Frauke Kreuter
10.5281/zenodo.2621578,Datasets for Watset: Local-Global Graph Clustering with Applications in Sense and Frame Induction,Dmitry Ustalov; Alexander Panchenko; Chris Biemann; Simone Paolo Ponzetto
10.5281/zenodo.4039570,Twenty-two Historical Encyclopedias Encoded in TEI: a New Resource for the Digital Humanities,Thora Hagen; Erik Ketzan; Fotis Jannidis; Andreas Witt
10.1257/rct.4406-1.0,The Effects of Decentralized and Video-based Extension on the Adoption of Integrated Soil Fertility Management – Experimental Evidence from Ethiopia,Denise Hörner
10.5281/zenodo.1320038,RDF2Vec DBpedia Page Rank embeddings,Michael Cochez; Petar Ristoski; Simone Paulo Ponzetto; Heiko Paulheim
10.5281/zenodo.1117228,RUSSE'2018: Human-Annotated Sense-Disambiguated Word Contexts for Russian,Dmitry Ustalov
10.5281/zenodo.1320042,Rdf2Vec Dbpedia Page Rank Split Embeddings,Michael Cochez; Petar Ristoski; Simone Paulo Ponzetto; Heiko Paulheim
10.5281/zenodo.1320032,KGloVe DBpedia inverse Page Rank split embeddings,Michael Cochez; Petar Ristoski; Simone Paulo Ponzetto; Heiko Paulheim
10.5281/zenodo.1320167,Kglove Dbpedia Page Rank Frequency Embeddings,Michael Cochez; Petar Ristoski; Simone Paulo Ponzetto; Heiko Paulheim
10.5281/zenodo.1320013,Rdf2Vec Dbpedia Inverse Predicate Object Frequency Embeddings,Michael Cochez; Petar Ristoski; Simone Paulo Ponzetto; Heiko Paulheim
10.5281/zenodo.1320810,Rdf2Vec Dbpedia Inverse Page Rank Frequency Embeddings,Michael Cochez; Petar Ristoski; Simone Paulo Ponzetto; Heiko Paulheim
10.5281/zenodo.1320211,RDF2Vec DBpedia predicate object frequency embeddings,Michael Cochez; Petar Ristoski; Simone Paulo Ponzetto; Heiko Paulheim
10.5281/zenodo.2017356,RDF2Vec DBpedia uniform embeddings in HDF5 file format,Michael Cochez; Petar Ristoski; Simone Paulo Ponzetto; Heiko Paulheim
10.5281/zenodo.1320081,Rdf2Vec Dbpedia Predicate Frequency Embeddings,Michael Cochez; Petar Ristoski; Simone Paulo Ponzetto; Heiko Paulheim
10.5281/zenodo.3482775,Uncovering the Semantics of Wikipedia Categories - Axioms and Assertions,Nicolas Heist; Heiko Paulheim
10.5281/zenodo.1320015,RDF2Vec DBpedia object frequency embeddings,Michael Cochez; Petar Ristoski; Simone Paulo Ponzetto; Heiko Paulheim
10.5281/zenodo.1320165,Kglove Dbpedia Object Frequency Embeddings,Michael Cochez; Petar Ristoski; Simone Paulo Ponzetto; Heiko Paulheim
10.5281/zenodo.4419708,CaLiGraph - A Large-Scale Semantic Knowledge Graph compiled from Wikipedia Categories and List Pages,Nicolas Heist; Heiko Paulheim
10.5281/zenodo.2672882,Picker-routing problem instances,Amir Foroughi; Nils Boysen; Simon Emde; Michael Schneider
10.5281/zenodo.1320018,KGloVe DBpedia inverse object frequency embeddings,Michael Cochez; Petar Ristoski; Simone Paolo Ponzetto; Heiko Paulheim
10.5281/zenodo.1320154,Kglove Dbpedia Predicate Object Frequency Embeddings,Michael Cochez; Petar Ristoski; Simone Paulo Ponzetto; Heiko Paulheim
10.5281/zenodo.1320152,KGloVe DBpedia inverse predicate frequency embeddings,Michael Cochez; Petar Ristoski; Simone Paulo Ponzetto; Heiko Paulheim
10.5281/zenodo.3946462,TaxGraph - A Knowledge Graph of Multi-National Companies and their Relationships,Niklas Lüdemann; Ageda Shiba; Nikolaos Thymianis; Nicolas Heist; Christopher Ludwig; Heiko Paulheim
10.1257/rct.4577-1.0,Harnessing complementarities in the education production function,Jeffrey Livingston
10.1037/e518332013-658,Expanding Crossover Research: The Crossover of Job-Related Self-Efficacy Within Couples,Angela Neff; Cornelia Niessen; Sabine Sonnentag; Dana Unger
10.1257/rct.4406-2.0,The Effects of Decentralized and Video-based Extension on the Adoption of Integrated Soil Fertility Management – Experimental Evidence from Ethiopia,Denise Hörner
10.1257/rct.4406,The Effects of Decentralized and Video-based Extension on the Adoption of Integrated Soil Fertility Management – Experimental Evidence from Ethiopia,Denise Hörner
10.5281/zenodo.259352,Data for item-method directed forgetting and working memory capacity study,Ivan Marevic; Nina R. Arnold; Jan Rummel
10.5281/zenodo.1320000,Rdf2Vec Dbpedia Inverse Object Frequency Embeddings,Michael Cochez; Petar Ristoski; Simone Paulo Ponzetto; Heiko Paulheim
10.5281/zenodo.3484512,CaLiGraph - A large-scale semantic knowledge graph compiled from Wikipedia Categories and Listpages,Nicolas Heist; Heiko Paulheim
10.5281/zenodo.3519922,CaLiGraph - A large-scale semantic knowledge graph compiled from Wikipedia Categories and Listpages,Nicolas Heist; Heiko Paulheim
10.5281/zenodo.1320007,RDF2Vec DBpedia inverse predicate frequency embeddings,Michael Cochez; Petar Ristoski; Simone Paulo Ponzetto; Heiko Paulheim
10.5281/zenodo.1320159,Kglove Dbpedia Inverse Predicate Object Frequency Embeddings,Michael Cochez; Petar Ristoski; Simone Paulo Ponzetto; Heiko Paulheim
10.5281/zenodo.1320164,Kglove Dbpedia Object Frequency Embeddings,Michael Cochez; Petar Ristoski; Simone Paulo Ponzetto; Heiko Paulheim
10.5281/zenodo.5913170,GeNeG: German News Knowledge Graph,Andreea Iana; Alexander Grote; Kaharina Ludwig; Mehwish Alam; Philipp Müller; Christof Weinhardt; Harald Sack; Heiko Paulheim
10.5281/zenodo.3553424,CaLiGraph - A large-scale semantic knowledge graph compiled from Wikipedia Categories and Listpages,Nicolas Heist; Heiko Paulheim
10.5281/zenodo.8208245,Data Set: Promoting Open Science in Test-Driven Software Experiments,Marcus Kessel; Colin Atkinson
10.5281/zenodo.1320027,Kglove Dbpedia Inverse Object Split Embeddings,Michael Cochez; Petar Ristoski; Simone Paulo Ponzetto; Heiko Paulheim
10.5281/zenodo.1320017,Kglove Dbpedia Inverse Object Frequency Embeddings,Michael Cochez; Petar Ristoski; Simone Paolo Ponzetto; Heiko Paulheim
10.5281/zenodo.3484511,CaLiGraph - A Large-Scale Semantic Knowledge Graph compiled from Wikipedia Categories and List Pages,Nicolas Heist; Heiko Paulheim
10.5281/zenodo.6842197,Replication package for: How the Other Half Died: Immigration and Mortality in US Cities,Philipp Ager; James Feigenbaum; Casper Worm Hansen; Hui Ren Tan
10.5281/zenodo.1320001,RDF2Vec DBpedia inverse object frequency embeddings,Michael Cochez; Petar Ristoski; Simone Paulo Ponzetto; Heiko Paulheim
10.5281/zenodo.7962777,CaLiGraph - A Large-Scale Semantic Knowledge Graph compiled from Wikipedia Categories and List Pages,Nicolas Heist; Heiko Paulheim
10.5281/zenodo.1320149,Kglove Dbpedia Predicate Frequency Embeddings,Michael Cochez; Petar Ristoski; Simone Paulo Ponzetto; Heiko Paulheim
10.5281/zenodo.3531971,CaLiGraph - A large-scale semantic knowledge graph compiled from Wikipedia Categories and Listpages,Nicolas Heist; Heiko Paulheim
10.5281/zenodo.8208246,Data Set: Promoting Open Science in Test-Driven Software Experiments,Marcus Kessel; Colin Atkinson
10.5281/zenodo.1320030,Kglove Dbpedia Inverse Page Rank Embeddings,Michael Cochez; Petar Ristoski; Simone Paulo Ponzetto; Heiko Paulheim
10.5281/zenodo.1320158,Kglove Dbpedia Inverse Predicate Object Frequency Embeddings,Michael Cochez; Petar Ristoski; Simone Paulo Ponzetto; Heiko Paulheim
10.5281/zenodo.6854189,Post-hypnotic suggestion improves confidence and speed of memory access with long-lasting effects,Barbara Schmidt; Justin Böhmer; Martin Schnürch; Sebastian Michelmann; Tobias Koch
10.5281/zenodo.6842196,Replication package for: How the Other Half Died: Immigration and Mortality in US Cities,Philipp Ager; James Feigenbaum; Casper Worm Hansen; Hui Ren Tan; Danielle T. Williamson
10.5281/zenodo.1320029,Kglove Dbpedia Inverse Page Rank Embeddings,Michael Cochez; Petar Ristoski; Simone Paulo Ponzetto; Heiko Paulheim
10.5281/zenodo.7776092,The patccat classifier for patent claims - EPO edition,Bernhard Ganglmair; W. Keith Robinson; Michael Seeligson
10.5281/zenodo.3482774,Uncovering the Semantics of Wikipedia Categories - Axioms and Assertions,Nicolas Heist; Heiko Paulheim
10.5281/zenodo.7442425,NeMig - A Bilingual News Collection and Knowledge Graph about Migration,Andreea Iana; Mehwish Alam; Alexander Grote; Katharina Ludwig; Philipp Müller; Christof Weinhardt; Heiko Paulheim
10.5281/zenodo.4518622,CaLiGraph - A Large-Scale Semantic Knowledge Graph compiled from Wikipedia Categories and List Pages,Nicolas Heist; Heiko Paulheim
10.5281/zenodo.485151,Unsupervised Does Not Mean Uninterpretable: The Case For Word Sense Induction And Disambiguation,Alexander Panchenko; Eugen Ruppert; Stefano Faralli; Simone Paolo Ponzetto; Chris Biemann
10.5281/zenodo.4627251,CaLiGraph - A Large-Scale Semantic Knowledge Graph compiled from Wikipedia Categories and List Pages,Nicolas Heist; Heiko Paulheim
10.5281/zenodo.6523399,Gollum: A Gold Standard for Large Scale\\Multi Source Knowledge Graph Matching,Sven Herting; Heiko Paulheim
10.5281/zenodo.7681877,CaLiGraph - A Large-Scale Semantic Knowledge Graph compiled from Wikipedia Categories and List Pages,Nicolas Heist; Heiko Paulheim
10.5281/zenodo.8422037,SOTAB V2 for SemTab 2023,Keti Korini; Ralph Peeters; Christian Bizer
10.5281/zenodo.1320080,Rdf2Vec Dbpedia Predicate Frequency Embeddings,Michael Cochez; Petar Ristoski; Simone Paulo Ponzetto; Heiko Paulheim
10.5281/zenodo.1320147,Kglove Dbpedia Uniform Embeddings,Michael Cochez; Petar Ristoski; Simone Paulo Ponzetto; Heiko Paulheim
10.5281/zenodo.1067700,"Polidoc.Net Codebook: National And Regional Manifestos And Other Political Documents Collected For The Research Projects ""Representation In Europe: Congruence Between Preferences Of Elites And Voters"" (Repcong) And ""The Impact Of Eu Cohesion Policy On European Identification"" (Cohesify)",Thomas Bräuninger; Marc Debus; Kenneth Benoit; Julian Bernauer; Polidoc.net Team
10.5281/zenodo.5518208,"Replication package for: Killer Incentives: Rivalry, Performance and Risk-Taking among German Fighter Pilots, 1939-45",Philipp Ager; Leonardo Bursztyn; Lukas Leucht; Hans‐Joachim Voth
10.5281/zenodo.6962675,Diversity-Driven Unit Test Generation (Data Set),Marcus Kessel; Colin Atkinson
10.5281/zenodo.4159491,Twenty-two Historical Encyclopedias (Original XML Encoding),Thora Hagen; Erik Ketzan; Fotis Jannidis; Andreas Witt
10.5281/zenodo.6395308,patccat: A classifier for patent claims,Bernhard Ganglmair; W. Keith Robinson; Michael Seeligson
10.5281/zenodo.3695590,CaLiGraph - A Large-Scale Semantic Knowledge Graph compiled from Wikipedia Categories and List Pages,Nicolas Heist; Heiko Paulheim
10.5281/zenodo.4662515,CaLiGraph - A Large-Scale Semantic Knowledge Graph compiled from Wikipedia Categories and List Pages,Nicolas Heist; Heiko Paulheim
10.5281/zenodo.6039372,GeNeG: German News Knowledge Graph,Andreea Iana; Alexander Grote; Kaharina Ludwig; Mehwish Alam; Philipp Müller; Christof Weinhardt; Harald Sack; Heiko Paulheim
10.5281/zenodo.7341309,Interactive Widget – Acceptance of autonomous vehicles dataset exploration,Celina Kacperski; Tobias Vogel; Florian Kutzner
10.5281/zenodo.3592323,CaLiGraph - A Large-Scale Semantic Knowledge Graph compiled from Wikipedia Categories and List Pages,Nicolas Heist; Heiko Paulheim
10.5281/zenodo.4039569,Twenty-two Historical Encyclopedias Encoded in TEI: a New Resource for the Digital Humanities,Thora Hagen; Erik Ketzan; Fotis Jannidis; Andreas Witt
10.5281/zenodo.7776093,The patccat classifier for patent claims - EPO edition,Bernhard Ganglmair; W. Keith Robinson; Michael Seeligson
10.5281/zenodo.6523400,Gollum: A Gold Standard for Large Scale\\Multi Source Knowledge Graph Matching,Sven Herting; Heiko Paulheim
10.5281/zenodo.1318145,Rdf2Vec Dbpedia Uniform Embeddings,Michael Cochez; Petar Ristoski; Simone Paulo Ponzetto; Heiko Paulheim
10.5281/zenodo.1320168,Kglove Dbpedia Page Rank Split Frequency Embeddings,Michael Cochez; Petar Ristoski; Simone Paulo Ponzetto; Heiko Paulheim
10.5281/zenodo.6509715,DLCC Gold Standard,Jan Portisch; Heiko Paulheim
10.5281/zenodo.4159492,Twenty-two Historical Encyclopedias (Original XML Encoding),Thora Hagen; Erik Ketzan; Fotis Jannidis; Andreas Witt
10.5281/zenodo.7817022,Gollum: A Gold Standard for Large Scale\\Multi Source Knowledge Graph Matching,Sven Herting; Heiko Paulheim
10.5281/zenodo.5509912,CaLiGraph - A Large-Scale Semantic Knowledge Graph compiled from Wikipedia Categories and List Pages,Nicolas Heist; Heiko Paulheim
10.5281/zenodo.2017355,RDF2Vec DBpedia uniform embeddings in HDF5 file format,Michael Cochez; Petar Ristoski; Simone Paulo Ponzetto; Heiko Paulheim
10.5281/zenodo.1320210,Rdf2Vec Dbpedia Predicate Object Frequency Embeddings,Michael Cochez; Petar Ristoski; Simone Paulo Ponzetto; Heiko Paulheim
10.5281/zenodo.7442424,NeMig - A Bilingual News Collection and Knowledge Graph about Migration,Andreea Iana; Mehwish Alam; Alexander Grote; Nevena Nikolajevic; Katharina Ludwig; Philipp Müller; Christof Weinhardt; Heiko Paulheim
10.5281/zenodo.4554112,Twenty-two Historical Encyclopedias Encoded in TEI: a New Resource for the Digital Humanities,Thora Hagen; Erik Ketzan; Fotis Jannidis; Andreas Witt
10.5281/zenodo.6395307,patccat: A classifier for patent claims,Bernhard Ganglmair; W. Keith Robinson; Michael Seeligson
10.5281/zenodo.1320041,Rdf2Vec Dbpedia Page Rank Split Embeddings,Michael Cochez; Petar Ristoski; Simone Paulo Ponzetto; Heiko Paulheim
10.5281/zenodo.5598009,Overview of preregistrations in the management and marketing fields,Oliver Eriksson
10.5281/zenodo.7189901,Sources of PM2.5-associated Health Risks in Europe and Corresponding Emission-induced Changes during 2005-2015,Yixuan Gu; Daven K. Henze; M. Omar Nawaz; Hansen Cao; Ulrich J. Wagner
10.5281/zenodo.1320014,Rdf2Vec Dbpedia Object Frequency Embeddings,Michael Cochez; Petar Ristoski; Simone Paulo Ponzetto; Heiko Paulheim
10.5281/zenodo.3900120,CaLiGraph - A Large-Scale Semantic Knowledge Graph compiled from Wikipedia Categories and List Pages,Nicolas Heist; Heiko Paulheim
10.5281/zenodo.7422629,Post-hypnotic suggestion improves confidence and speed of memory access with long-lasting effects,Barbara Schmidt; Justin Böhmer; Martin Schnürch; Sebastian Michelmann; Tobias Koch
10.5281/zenodo.1320006,Rdf2Vec Dbpedia Inverse Predicate Frequency Embeddings,Michael Cochez; Petar Ristoski; Simone Paulo Ponzetto; Heiko Paulheim
10.5281/zenodo.1320153,Kglove Dbpedia Predicate Object Frequency Embeddings,Michael Cochez; Petar Ristoski; Simone Paulo Ponzetto; Heiko Paulheim
10.5281/zenodo.1320004,Rdf2Vec Dbpedia Inverse Page Rank Split Embeddings,Michael Cochez; Petar Ristoski; Simone Paulo Ponzetto; Heiko Paulheim
10.5281/zenodo.6854190,Post-hypnotic suggestions of easy remembering increase subjective confidence of recognition with long-lasting effects,Barbara Schmidt; Justin Böhmer; Sebastian Michelmann; Martin Schnürch; Tobias Koch
10.5281/zenodo.7506459,Replication package for: How the Other Half Died: Immigration and Mortality in US Cities,Philipp Ager; James Feigenbaum; Casper Worm Hansen; Hui Ren Tan; Danielle T. Williamson
10.5281/zenodo.5518207,"Replication package for: Killer Incentives: Rivalry, Performance and Risk-Taking among German Fighter Pilots, 1939-45",Philipp Ager; Leonardo Bursztyn; Lukas Leucht; Hans‐Joachim Voth
10.5281/zenodo.1320031,Kglove Dbpedia Inverse Page Rank Split Embeddings,Michael Cochez; Petar Ristoski; Simone Paulo Ponzetto; Heiko Paulheim
10.5281/zenodo.1320151,Kglove Dbpedia Inverse Predicate Frequency Embeddings,Michael Cochez; Petar Ristoski; Simone Paulo Ponzetto; Heiko Paulheim
10.5281/zenodo.3624924,CaLiGraph - A Large-Scale Semantic Knowledge Graph compiled from Wikipedia Categories and List Pages,Nicolas Heist; Heiko Paulheim
10.5281/zenodo.1320012,Rdf2Vec Dbpedia Inverse Predicate Object Frequency Embeddings,Michael Cochez; Petar Ristoski; Simone Paulo Ponzetto; Heiko Paulheim
10.5281/zenodo.1320166,Kglove Dbpedia Page Rank Frequency Embeddings,Michael Cochez; Petar Ristoski; Simone Paulo Ponzetto; Heiko Paulheim
10.5281/zenodo.4333692,CaLiGraph - A Large-Scale Semantic Knowledge Graph compiled from Wikipedia Categories and List Pages,Nicolas Heist; Heiko Paulheim
10.5281/zenodo.8068322,CaLiGraph - A Large-Scale Semantic Knowledge Graph compiled from Wikipedia Categories and List Pages,Nicolas Heist; Heiko Paulheim
10.5281/zenodo.1320169,KGloVe DBpedia Page Rank split frequency embeddings,Michael Cochez; Petar Ristoski; Simone Paulo Ponzetto; Heiko Paulheim
10.5281/zenodo.3627953,CaLiGraph - A Large-Scale Semantic Knowledge Graph compiled from Wikipedia Categories and List Pages,Nicolas Heist; Heiko Paulheim
10.5281/zenodo.6509714,DLCC Gold Standard,Jan Portisch; Heiko Paulheim
10.5281/zenodo.8422036,SOTAB V2 for SemTab 2023,Keti Korini; Ralph Peeters; Christian Bizer
10.5281/zenodo.1320150,Kglove Dbpedia Predicate Frequency Embeddings,Michael Cochez; Petar Ristoski; Simone Paulo Ponzetto; Heiko Paulheim
10.5281/zenodo.7908392,NeMig - A Bilingual News Collection and Knowledge Graph about Migration,Andreea Iana; Mehwish Alam; Alexander Grote; Nevena Nikolajevic; Katharina Ludwig; Philipp Müller; Christof Weinhardt; Heiko Paulheim
10.5281/zenodo.4889065,"Dataset for Manually Coded Firm Founding Dates, CEO Duality, and CEO Photograph Prominence in Annual Reports",Moritz Appels; Marc Kowalzick
10.5281/zenodo.1320809,Rdf2Vec Dbpedia Inverse Page Rank Frequency Embeddings,Michael Cochez; Petar Ristoski; Simone Paulo Ponzetto; Heiko Paulheim
10.5281/zenodo.5598010,Overview of preregistrations in the management and marketing fields,Oliver Eriksson
10.5281/zenodo.7777506,"Dataset for Manually Coded Firm Founding Dates, CEO Duality, and CEO Photograph Prominence in Annual Reports",Moritz Appels; Marc Kowalzick
10.5281/zenodo.3992547,CaLiGraph - A Large-Scale Semantic Knowledge Graph compiled from Wikipedia Categories and List Pages,Nicolas Heist; Heiko Paulheim
10.5281/zenodo.4584778,CaLiGraph - A Large-Scale Semantic Knowledge Graph compiled from Wikipedia Categories and List Pages,Nicolas Heist; Heiko Paulheim
10.5281/zenodo.1117227,RUSSE'2018: Human-Annotated Sense-Disambiguated Word Contexts for Russian,Dmitry Ustalov
10.5281/zenodo.7341310,Interactive Widget – Acceptance of autonomous vehicles dataset exploration,Celina Kacperski; Tobias Vogel; Florian Kutzner
10.5281/zenodo.5524052,CaLiGraph - A Large-Scale Semantic Knowledge Graph compiled from Wikipedia Categories and List Pages,Nicolas Heist; Heiko Paulheim
10.5281/zenodo.1320028,Kglove Dbpedia Inverse Object Split Embeddings,Michael Cochez; Petar Ristoski; Simone Paulo Ponzetto; Heiko Paulheim
10.5281/zenodo.1320037,Rdf2Vec Dbpedia Page Rank Embeddings,Michael Cochez; Petar Ristoski; Simone Paulo Ponzetto; Heiko Paulheim
10.5281/zenodo.2621579,Datasets for Watset: Local-Global Graph Clustering with Applications in Sense and Frame Induction,Dmitry Ustalov; Alexander Panchenko; Chris Biemann; Simone Paolo Ponzetto
10.5281/zenodo.6944124,Post-hypnotic suggestions of easy remembering increase subjective confidence of recognition with long-lasting effects,Barbara Schmidt; Justin Böhmer; Sebastian Michelmann; Martin Schnürch; Tobias Koch
10.5281/zenodo.3946461,TaxGraph - A Knowledge Graph of Multi-National Companies and their Relationships,Niklas Lüdemann; Ageda Shiba; Nikolaos Thymianis; Nicolas Heist; Christopher Ludwig; Heiko Paulheim
10.5281/zenodo.4050308,CaLiGraph - A Large-Scale Semantic Knowledge Graph compiled from Wikipedia Categories and List Pages,Nicolas Heist; Heiko Paulheim
10.5281/zenodo.1320005,RDF2Vec DBpedia inverse page rank split embeddings,Michael Cochez; Petar Ristoski; Simone Paulo Ponzetto; Heiko Paulheim
10.5281/zenodo.4889066,"Dataset for Manually Coded Firm Founding Dates, CEO Duality, and CEO Photograph Prominence in Annual Reports",Moritz Appels; Marc Kowalzick
10.5281/zenodo.2672881,Picker-routing problem instances,Amir Foroughi; Nils Boysen; Simon Emde; Michael Schneider
10.7910/dvn/ldumny/qwgthw,S1 Appendix.Rmd,Paul Cornelius Bauer; Florian Keusch; Frauke Kreuter
10.7910/dvn/nhsjmj/qcatke,ACDE_secular_muslims.csv,Richard Traunmueller
10.7910/dvn/3lrafl,Replication Data for: Climate Change Literacy and Migration Potential: Micro-Level Evidence from Africa,Marc Helbling
10.7910/dvn/gec2ls/le3sgo,DB2040C9,Lucas Leemann; Richard Traunmueller; Lukas F. Stoetzer
10.7910/dvn/gec2ls/t362lf,Tab_A6_b.tex,Lucas Leemann; Richard Traunmueller; Lukas F. Stoetzer
10.7910/dvn/1wzcea/wb3fw0,cbq_binary_q5.RData,Xiao Lu
10.7910/dvn/csx1vl/uuafvb,Figure2c.pdf,Thomas König; Guido Ropers; Anika Buchmann
10.7910/dvn/khzqa2,Replication Data for: Temporal Strategies,Christoph Garwe; Benjamin G. Engst; Yannick G. Stawicki; Christoph Hönnige
10.7910/dvn/csx1vl/ewqpbt,FigureA14b.pdf,Thomas König; Guido Ropers; Anika Buchmann
10.7910/dvn/mb2uku/02yxpq,readme.txt,Kai Jäger
10.7910/dvn/pls50o/ub7ki9,w2_w5_w6_w7_CampaignSweden.tab,Shaun Bowler; Thomas Gschwend; Indridi Indridason
10.7910/dvn/1wzcea/ggxh8c,cbq_binary_q3.RData,Xiao Lu
10.7910/dvn/csx1vl/eulnrj,FigureA4d.pdf,Thomas König; Guido Ropers; Anika Buchmann
10.7910/dvn/kps1ky/ldfy0z,ShinyApp_Figure_Shiny1_Brazil_Relationship_Akkerm_Scale_SingleDimensions.tiff,Alexander Wuttke; Christian Schimpf; Harald Schoen
10.7910/dvn/gec2ls/ld6qfy,source-pane.pper,Lucas Leemann; Richard Traunmueller; Lukas F. Stoetzer
10.7910/dvn/nvkq5v/nugz4f,DATA_long.dta,Matthias Mader
10.7910/dvn/mltzie/fmmivw,figure 3.do,Orit Kedar; Liran Harsgor; Or Tuttnauer
10.7910/dvn/ldumny/jtlp5y,fig1.pdf,Paul Cornelius Bauer; Florian Keusch; Frauke Kreuter
10.7910/dvn/prxhpm/m3ynog,2_tables_POLS-RE-FE.do,Lars Leszczensky; Tobias Wolbring
10.7910/dvn/nhsjmj/famdqh,replication_backlash_figure_5.R,Richard Traunmueller
10.7910/dvn/mb2uku,Replication Data for: When Do Campaign Effects Persist for Years? Evidence from a Natural Experiment,Kai Jäger
10.7910/dvn/kps1ky/lhknxb,reproducible_code_CastanhoSilvaetAl.pdf,Alexander Wuttke; Christian Schimpf; Harald Schoen
10.7910/dvn/nhsjmj/foqzl9,figure_8C.pdf,Richard Traunmueller
10.7910/dvn/nhsjmj/tcbowj,replication_backlash_muslim_natives.R,Richard Traunmueller
10.7910/dvn/kps1ky/tmferx,fes_touched.tab,Alexander Wuttke; Christian Schimpf; Harald Schoen
10.7910/dvn/1wzcea/lilsty,cbq_q1.RData,Xiao Lu
10.7910/dvn/1wzcea/eqktl3,cbq_binary_q8.stan,Xiao Lu
10.7910/dvn/nhsjmj/ffx2tc,figure_5.pdf,Richard Traunmueller
10.7910/dvn/frek34/il9nx4,koenigmaeder_strategiccompliance_ajps.tab,Thomas König; Lars Mäder
10.7910/dvn/nhsjmj/fdowwk,figure_7B.pdf,Richard Traunmueller
10.7910/dvn/lmrrzb,Replication Data for: Social group appeals in party rhetoric: Effects on policy support and polarization,Lena Maria Huber; Thomas M. Meyer; Markus Wagner
10.7910/dvn/pls50o/yc5pws,austria.do,Shaun Bowler; Thomas Gschwend; Indridi Indridason
10.7910/dvn/cy7ywe/mv2ccl,SimulationOutput.Rdata,Sebastian Juhl
10.7910/dvn/cy7ywe/tlquxk,WW2015_Data.Rdata,Sebastian Juhl
10.7910/dvn/gec2ls/nsndpb,A23A1558,Lucas Leemann; Richard Traunmueller; Lukas F. Stoetzer
10.7910/dvn/nhsjmj/ipjlvi,replication_backlash_figure_6.R,Richard Traunmueller
10.7910/dvn/gec2ls/4au6u1,paths,Lucas Leemann; Richard Traunmueller; Lukas F. Stoetzer
10.7910/dvn/gec2ls/w2tyer,00_DataCleaner_symmetric_variance.R,Lucas Leemann; Richard Traunmueller; Lukas F. Stoetzer
10.7910/dvn/a48jp7/qegrjh,data2.tab,Emmy Lindstam; Matthias Mader; Harald Schoen
10.7910/dvn/juvcnj/3g3ey6,paasch-stecker_analysis.do,Jana Paasch; Christian Stecker
10.7910/dvn/1wzcea/z5iefx,origin_vote.R,Xiao Lu
10.7910/dvn/ldumny/rtcg6t,plos.csl,Paul Cornelius Bauer; Florian Keusch; Frauke Kreuter
10.7910/dvn/gec2ls/dc5gli,rmd-outputs,Lucas Leemann; Richard Traunmueller; Lukas F. Stoetzer
10.7910/dvn/kzwkt6,Replication Data for: How to Improve the Substantive Interpretation of Regression Results when the Dependent Variable is Logged,Marcel Neunhoeffer; Oliver Rittmann; Thomas Gschwend
10.7910/dvn/nhsjmj/kmzkc0,replication_backlash_main_ACDE.R,Richard Traunmueller
10.7910/dvn/nhsjmj/bnfhbk,replication_backlash_function_ACDE_subgroup.R,Richard Traunmueller
10.7910/dvn/prxhpm/avqb3s,__readme.txt,Lars Leszczensky; Tobias Wolbring
10.7910/dvn/khimos/co3jvm,replication_Lehrer_Juhl_Gschwend.R,Roni Lehrer; Sebastian Juhl; Thomas Gschwend
10.7910/dvn/nhsjmj/54ovbu,ACME_office.csv,Richard Traunmueller
10.7910/dvn/jbogc9/e3dpvh,1_2_graphs.do,Andreas Gerster; Manuel Frondel; Colin Vance
10.7910/dvn/gec2ls/gh3m3f,Tab_A9_e.tex,Lucas Leemann; Richard Traunmueller; Lukas F. Stoetzer
10.7910/dvn/nhsjmj/q1ra2q,ACDE_muslim_immigrants.csv,Richard Traunmueller
10.7910/dvn/kps1ky/kiheaw,data.merged_mar17.csv,Alexander Wuttke; Christian Schimpf; Harald Schoen
10.7910/dvn/a48jp7/rrwfoo,esem_GLES.inp,Emmy Lindstam; Matthias Mader; Harald Schoen
10.7910/dvn/1wzcea/7ncjz1,cbq_binary_q7.stan,Xiao Lu
10.7910/dvn/kps1ky/qyj2gp,python.html,Alexander Wuttke; Christian Schimpf; Harald Schoen
10.7910/dvn/lxmyv6/y9l2sh,eventstudy.R,Kurt Schmidheiny; Siegloch Sebastian
10.7910/dvn/dq1wfb,Replication Data for: Constructive and Destructive Legislative Review: The Government-Opposition Divide in Parliamentary Oversight,Lion Behrens
10.7910/dvn/a48jp7/tggfpu,DATA_GLES.dat,Emmy Lindstam; Matthias Mader; Harald Schoen
10.7910/dvn/kps1ky/gwn4fv,DESCRIPTION,Alexander Wuttke; Christian Schimpf; Harald Schoen
10.7910/dvn/nhsjmj/rzjxbo,ANDE_vote.csv,Richard Traunmueller
10.7910/dvn/kps1ky/cuj2ta,hsearch.rds,Alexander Wuttke; Christian Schimpf; Harald Schoen
10.7910/dvn/gec2ls/oijvd3,33FE3E8B,Lucas Leemann; Richard Traunmueller; Lukas F. Stoetzer
10.7910/dvn/1wzcea/jaag52,cbq_vote_q3.RData,Xiao Lu
10.7910/dvn/pls50o/wxfsrx,recode.do,Shaun Bowler; Thomas Gschwend; Indridi Indridason
10.7910/dvn/pls50o/64oztu,sim_know_csk_margin.do,Shaun Bowler; Thomas Gschwend; Indridi Indridason
10.7910/dvn/nvkq5v/vwzg4p,07_Table_A3_1.do,Matthias Mader
10.7910/dvn/mltzie/pqwr4x,table a1.do,Orit Kedar; Liran Harsgor; Or Tuttnauer
10.7910/dvn/kps1ky/zgbutn,NAMESPACE,Alexander Wuttke; Christian Schimpf; Harald Schoen
10.7910/dvn/mltzie,Replication Data for: Permissibility of Electoral Systems: A New Look at an Old Question,Orit Kedar; Liran Harsgor; Or Tuttnauer
10.7910/dvn/juvcnj/m3qefj,paasch-stecker_data.tab,Jana Paasch; Christian Stecker
10.7910/dvn/nhsjmj/wvrtal,replication_backlash_radical_muslims.R,Richard Traunmueller
10.7910/dvn/csx1vl/esln4u,FigureA6b.pdf,Thomas König; Guido Ropers; Anika Buchmann
10.7910/dvn/1wzcea/g9nrcj,cbq_leg_q5_s.R,Xiao Lu
10.7910/dvn/csx1vl/17jtlm,Figure1.pdf,Thomas König; Guido Ropers; Anika Buchmann
10.7910/dvn/azfhyn/0mupwh,Data_figure_SI_61.tab,Christian Gläßel; Katrin Paula
10.7910/dvn/mltzie/9e4xwf,figure 6.do,Orit Kedar; Liran Harsgor; Or Tuttnauer
10.7910/dvn/kps1ky/taesz4,recode_goertz_cses.do,Alexander Wuttke; Christian Schimpf; Harald Schoen
10.7910/dvn/a48jp7/u2x73v,data4.tab,Emmy Lindstam; Matthias Mader; Harald Schoen
10.7910/dvn/1wzcea/ye9gjr,cbq_leg_q4_s.R,Xiao Lu
10.7910/dvn/1wzcea/7dffm4,figure2_appendix.pdf,Xiao Lu
10.7910/dvn/law8um,Replication Data for: Pro-Government Militias and Conflict,Sabine C. Carey; Neil J. Mitchell; Adam Scharpf
10.7910/dvn/1wzcea/bbi4hg,cbq_binary_q6.RData,Xiao Lu
10.7910/dvn/1wzcea/cpvfvz,master_vote.R,Xiao Lu
10.7910/dvn/1wzcea/msuyu1,table1.csv,Xiao Lu
10.7910/dvn/kps1ky/zkmbds,LICENSE,Alexander Wuttke; Christian Schimpf; Harald Schoen
10.7910/dvn/nvkq5v/jqwd14,06_Figure5.do,Matthias Mader
10.7910/dvn/nhsjmj/vnsf7t,table_S6_vote.csv,Richard Traunmueller
10.7910/dvn/csx1vl/loqp1t,FigureA9a.pdf,Thomas König; Guido Ropers; Anika Buchmann
10.7910/dvn/gbwb8i,Replication Data for: Does Accommodation Work? Mainstream Party Strategies and the Success of Radical Right Parties,Werner Krause; Denis Cohen; Tarik Abou‐Chadi
10.7910/dvn/nvkq5v/uh4zql,11_Figure_A4_2.do,Matthias Mader
10.7910/dvn/kps1ky/ez1bhe,silva_recoding.do,Alexander Wuttke; Christian Schimpf; Harald Schoen
10.7910/dvn/eclkvq,"Replication materials for: Schoen, Harald. 2022. Ein halber Regierungswechsel nach einer politischen Achterbahnfahrt. Eine Analyse der öffentlichen Meinung zur vierten Regierung Merkel und des Wahlverhaltens bei der Bundestagswahl 2021, in: R. Zohlnhöfer/F.Engler (eds.), Das Ende der Merkel-Jahre. Wiesbaden: Springer.",Harald Schoen
10.7910/dvn/kps1ky/fojqny,ZA6804_v5-0-0.dta,Alexander Wuttke; Christian Schimpf; Harald Schoen
10.7910/dvn/gec2ls/0wkliv,Fig_3.pdf,Lucas Leemann; Richard Traunmueller; Lukas F. Stoetzer
10.7910/dvn/csx1vl/doyjby,FigureA2.pdf,Thomas König; Guido Ropers; Anika Buchmann
10.7910/dvn/nhsjmj/2qrurs,table_S2.csv,Richard Traunmueller
10.7910/dvn/nhsjmj/4bqm4c,ANDE_office.csv,Richard Traunmueller
10.7910/dvn/1wzcea/fgtlic,cbq_vote_AN_q1_s.R,Xiao Lu
10.7910/dvn/csx1vl/dzedns,FigureA8b.pdf,Thomas König; Guido Ropers; Anika Buchmann
10.7910/dvn/dgoqwh/brdsop,Dataset_1.tab,Sabine C. Carey; Christoph Steinert; Janina Steinert
10.7910/dvn/1wzcea/u2skyb,figure4_appendix.pdf,Xiao Lu
10.7910/dvn/kps1ky/ff6jy9,activate.R,Alexander Wuttke; Christian Schimpf; Harald Schoen
10.7910/dvn/kps1ky/8ublgg,silva_recode_sum_indicators_divscales.do,Alexander Wuttke; Christian Schimpf; Harald Schoen
10.7910/dvn/46udei,Replication Data for: Comparative vote switching,Denis Cohen; Werner Krause; Tarik Abou‐Chadi
10.7910/dvn/khimos,Replication Data for: The Wisdom of Crowds Design for Sensitive Survey Questions,Roni Lehrer; Sebastian Juhl; Thomas Gschwend
10.7910/dvn/gec2ls/m3i5q6,Tab_2_c.tex,Lucas Leemann; Richard Traunmueller; Lukas F. Stoetzer
10.7910/dvn/g0w9mh/lnj8pk,ReplicationFile_Tables_Figures_Frontiers.do,Johanna Gereke
10.7910/dvn/nhsjmj/re2urc,ACME_secular_christians.csv,Richard Traunmueller
10.7910/dvn/gec2ls/oxy9o4,00_DataCleaner_addon.R,Lucas Leemann; Richard Traunmueller; Lukas F. Stoetzer
10.7910/dvn/nhsjmj/hv7umn,replication_backlash_reverse_causality.R,Richard Traunmueller
10.7910/dvn/1wzcea/pg1mhq,cbq_binary_function.R,Xiao Lu
10.7910/dvn/kps1ky/fslr5b,local-sources.R,Alexander Wuttke; Christian Schimpf; Harald Schoen
10.7910/dvn/1wzcea/sehvlm,cbq_leg_q3.R,Xiao Lu
10.7910/dvn/1wzcea/dwfdul,cbq4.0_q4.stan,Xiao Lu
10.7910/dvn/kps1ky/dcvrt1,.Rhistory,Alexander Wuttke; Christian Schimpf; Harald Schoen
10.7910/dvn/1wzcea/dbcafn,EUP388675-supplementary_material.tab,Xiao Lu
10.7910/dvn/kps1ky/woqe4n,FES2017.tab,Alexander Wuttke; Christian Schimpf; Harald Schoen
10.7910/dvn/1wzcea/q1qaib,cbq_vote_AN_q8_s.R,Xiao Lu
10.7910/dvn/gec2ls/cxokji,Tab_A2.tex,Lucas Leemann; Richard Traunmueller; Lukas F. Stoetzer
10.7910/dvn/nvkq5v/tu1sb3,10_Figure_A4_1.do,Matthias Mader
10.7910/dvn/nhsjmj/ugitns,replication_backlash_figure_7B.R,Richard Traunmueller
10.7910/dvn/gec2ls/wxrhwx,02_BeliefsMLE_Qauntile.r,Lucas Leemann; Richard Traunmueller; Lukas F. Stoetzer
10.7910/dvn/1wzcea/lwy4qe,cbq_ms_q5.R,Xiao Lu
10.7910/dvn/nhsjmj/qarsjv,table_S4.csv,Richard Traunmueller
10.7910/dvn/1wzcea/m67bfu,cbq_leg_q1_s.R,Xiao Lu
10.7910/dvn/g0w9mh,Replication Data for Gendered discrimination against immigrants,Johanna Gereke
10.7910/dvn/nhsjmj/7wpz8r,ACDE_radical_muslims.csv,Richard Traunmueller
10.7910/dvn/oayqa8,Replication Data for: Gender Disparities in Altmetric Attention Scores for Cardiovascular Research,Leo Schmallenbach
10.7910/dvn/nhsjmj/wnoddw,table_S3.csv,Richard Traunmueller
10.7910/dvn/gec2ls/otkqjj,Fig_4.pdf,Lucas Leemann; Richard Traunmueller; Lukas F. Stoetzer
10.7910/dvn/azfhyn/qt8wkt,Codebook_Data_figure_SI_71.pdf,Christian Gläßel; Katrin Paula
10.7910/dvn/cy7ywe/rbdmts,Dockerfile,Sebastian Juhl
10.7910/dvn/1wzcea/41qvf9,cbq_ms_q6_s.R,Xiao Lu
10.7910/dvn/gec2ls/38ol4b,Tab_2_b.tex,Lucas Leemann; Richard Traunmueller; Lukas F. Stoetzer
10.7910/dvn/kps1ky/0f7lub,recode_sartori_cses.do,Alexander Wuttke; Christian Schimpf; Harald Schoen
10.7910/dvn/gec2ls/s56uzn,A619E6AC,Lucas Leemann; Richard Traunmueller; Lukas F. Stoetzer
10.7910/dvn/1wzcea/jgbyeg,sim_heter.R,Xiao Lu
10.7910/dvn/1wzcea/dakkej,replicate_AN.R,Xiao Lu
10.7910/dvn/nhsjmj/kevdam,ACDE_devout_muslims.csv,Richard Traunmueller
10.7910/dvn/nvkq5v/qjdwpr,03_Figure2.do,Matthias Mader
10.7910/dvn/kps1ky/stxtzo,macro.do,Alexander Wuttke; Christian Schimpf; Harald Schoen
10.7910/dvn/nhsjmj,Replication Data for: Backlash to Policy Decisions. How Citizens React to Immigrants’ Rights to Demonstrate,Richard Traunmueller
10.7910/dvn/1wzcea/nw3xvt,cbq_ms_q3.R,Xiao Lu
10.7910/dvn/mltzie/tnxitl,figure a3.do,Orit Kedar; Liran Harsgor; Or Tuttnauer
10.7910/dvn/gec2ls/q2jvqi,43BF52E4,Lucas Leemann; Richard Traunmueller; Lukas F. Stoetzer
10.7910/dvn/hvv0so,Replication Data for: Welche Auswirkungen haben größere Wahlkreise auf das politische Verhalten? Ein empirischer Beitrag zur Wahlrechtsreform,Oliver Rittmann; Marie-Lou Souhnius; Thomas Gcshwend
10.7910/dvn/1wzcea/bbkjg5,substantive_interpret_s.R,Xiao Lu
10.7910/dvn/lzhtbe/rsfoh3,Replication_figures.do,Adam Scharpf; Christian Gläßel; Belén González
10.7910/dvn/kps1ky/lwhnms,codebook_studydescription_mj16a_EN_1.0.pdf,Alexander Wuttke; Christian Schimpf; Harald Schoen
10.7910/dvn/gec2ls/scdeyd,Fig_A4.pdf,Lucas Leemann; Richard Traunmueller; Lukas F. Stoetzer
10.7910/dvn/gec2ls/5pvmq1,02_BeliefsMLE.r,Lucas Leemann; Richard Traunmueller; Lukas F. Stoetzer
10.7910/dvn/pgfoxw/bosel7,Codebook_SecretPolicedata.pdf,Adam Scharpf; Christian Gläßel
10.7910/dvn/nhsjmj/kxlvry,replication_backlash_ACDE_secular_muslims.R,Richard Traunmueller
10.7910/dvn/kps1ky/mf4z2c,Supplementary Files.pdf,Alexander Wuttke; Christian Schimpf; Harald Schoen
10.7910/dvn/crouhh/dtoefl,replication_data_final.tab,Johannes Bubeck; Nikolay Marinov
10.7910/dvn/kps1ky/q9spdz,renv.rdb,Alexander Wuttke; Christian Schimpf; Harald Schoen
10.7910/dvn/1wzcea/crhlaz,cbq_vote_q7.RData,Xiao Lu
10.7910/dvn/nhsjmj/zpensu,replication_backlash_figure_4B.R,Richard Traunmueller
10.7910/dvn/nhsjmj/wlfzlp,replication_backlash_ACDE_further_analyses.R,Richard Traunmueller
10.7910/dvn/kps1ky/catx6e,ZA6804_fb (1).pdf,Alexander Wuttke; Christian Schimpf; Harald Schoen
10.7910/dvn/1wzcea/nbkiqz,cbq_binary_q9.RData,Xiao Lu
10.7910/dvn/kps1ky/0bqahb,nsInfo.rds,Alexander Wuttke; Christian Schimpf; Harald Schoen
10.7910/dvn/22bgvu,Replication Data for: Die programmatischen Positionen der deutschen Parteien zur Bundestagswahl 2017: Ergebnisse einer Expertenbefragung,Thomas Bräuninger; Marc Debus; Jochen Müller; Christian Stecker
10.7910/dvn/ootxiw,Replication Data for: Longitudinal Analyses of Gender Differences in First Authorship Publications Related to COVID-19,Marc Lerchenmueller
10.7910/dvn/1wzcea/2ao1qn,cbq_vote_AN_q7_s.R,Xiao Lu
10.7910/dvn/kps1ky/cahyis,features.rds,Alexander Wuttke; Christian Schimpf; Harald Schoen
10.7910/dvn/gec2ls/3adrxv,Prior_Elicitation_Nachtrag_Quantile ASYMETRIC.tab,Lucas Leemann; Richard Traunmueller; Lukas F. Stoetzer
10.7910/dvn/gec2ls/qt9bm3,Tab_A9_c.tex,Lucas Leemann; Richard Traunmueller; Lukas F. Stoetzer
10.7910/dvn/kps1ky/weavg0,autnes_touched.tab,Alexander Wuttke; Christian Schimpf; Harald Schoen
10.7910/dvn/lzhtbe/sq6blq,StrikesCoups_analysis.tab,Adam Scharpf; Christian Gläßel; Belén González
10.7910/dvn/kps1ky/sarpez,activate.R,Alexander Wuttke; Christian Schimpf; Harald Schoen
10.7910/dvn/juvcnj,Replication Data for: When Europe hits the subnational authorities: The transposition of EU directives in Germany between 1990 and 2018,Jana Paasch; Christian Stecker
10.7910/dvn/kps1ky/v0o7c8,SILVA QUESTIONNAIRE Pre-election_study_-_United_Kingdom.docx,Alexander Wuttke; Christian Schimpf; Harald Schoen
10.7910/dvn/1wzcea/cwqloa,replicate_Rasmussen.R,Xiao Lu
10.7910/dvn/pls50o/wvkhok,ZA5305_en_v5-0-0.dta,Shaun Bowler; Thomas Gschwend; Indridi Indridason
10.7910/dvn/jbogc9/onywrg,2_2_analysis_transactprice.do,Andreas Gerster; Manuel Frondel; Colin Vance
10.7910/dvn/gec2ls/ideau7,Tab_A6_c.tex,Lucas Leemann; Richard Traunmueller; Lukas F. Stoetzer
10.7910/dvn/7qne9o/pbm903,codebook_MPDataset_MPDS2012b.pdf,Will Lowe; Kenneth Benoit; Slava Mikhaylov; Michael Laver
10.7910/dvn/1wzcea/b47fgp,cbq_ms_q1_s.R,Xiao Lu
10.7910/dvn/pls50o/anzwun,sim_new_csk_i.do,Shaun Bowler; Thomas Gschwend; Indridi Indridason
10.7910/dvn/pgfoxw/qwltuh,FigureSI25data.tab,Adam Scharpf; Christian Gläßel
10.7910/dvn/1wzcea/gexv0l,cbq_ms_q4_s.R,Xiao Lu
10.7910/dvn/jbogc9/4ge4ey,3_3_panel_analysis.do,Andreas Gerster; Manuel Frondel; Colin Vance
10.7910/dvn/1wzcea/jebxil,cbq_vote_AN_q9.R,Xiao Lu
10.7910/dvn/nvkq5v/xmoe8w,12_Figure_A4_3.do,Matthias Mader
10.7910/dvn/mltzie/90nyeb,figure a1.do,Orit Kedar; Liran Harsgor; Or Tuttnauer
10.7910/dvn/gec2ls/0lhwfo,Analysis.Rproj,Lucas Leemann; Richard Traunmueller; Lukas F. Stoetzer
10.7910/dvn/gec2ls/jeqol2,Fig_5.pdf,Lucas Leemann; Richard Traunmueller; Lukas F. Stoetzer
10.7910/dvn/nhsjmj/gy4yqf,replication_backlash_ACDE_muslim_immigrants.R,Richard Traunmueller
10.7910/dvn/kps1ky/z61qw2,ci.R,Alexander Wuttke; Christian Schimpf; Harald Schoen
10.7910/dvn/kps1ky/ftwiyl,ZA6804_missing.do,Alexander Wuttke; Christian Schimpf; Harald Schoen
10.7910/dvn/kps1ky/iqvuxy,ANES_timeseries_2016.tab,Alexander Wuttke; Christian Schimpf; Harald Schoen
10.7910/dvn/pgfoxw/hrrmyp,Figures_1_4_5_6_SI35.R,Adam Scharpf; Christian Gläßel
10.7910/dvn/csx1vl/7i4r1o,FigureA8a.pdf,Thomas König; Guido Ropers; Anika Buchmann
10.7910/dvn/nhsjmj/01vfyc,replication_backlash_christian_immigrants.R,Richard Traunmueller
10.7910/dvn/a48jp7/5jhlez,readme.txt,Emmy Lindstam; Matthias Mader; Harald Schoen
10.7910/dvn/crouhh/hhybot,replication_code.do,Johannes Bubeck; Nikolay Marinov
10.7910/dvn/cy7ywe/5zcc8e,EmpiricalExample.R,Sebastian Juhl
10.7910/dvn/7qne9o/vguypt,MPDS2012b_withSEandLogitSE.csv,Will Lowe; Kenneth Benoit; Slava Mikhaylov; Michael Laver
10.7910/dvn/csx1vl/puyilg,FigureA4b.pdf,Thomas König; Guido Ropers; Anika Buchmann
10.7910/dvn/nhsjmj/t0bykb,replication_backlash_ACDE_christian_immigrants.R,Richard Traunmueller
10.7910/dvn/pls50o/jae5op,sim_know_csk_margin_banz.do,Shaun Bowler; Thomas Gschwend; Indridi Indridason
10.7910/dvn/kps1ky/i8veke,aliases.rds,Alexander Wuttke; Christian Schimpf; Harald Schoen
10.7910/dvn/1wzcea/n5mapw,cbq_ms_q9_s.R,Xiao Lu
10.7910/dvn/7qne9o/sf893o,MPDataset_MPDS2012b.dta,Will Lowe; Kenneth Benoit; Slava Mikhaylov; Michael Laver
10.7910/dvn/gec2ls/yhfweq,Tab_A8.tex,Lucas Leemann; Richard Traunmueller; Lukas F. Stoetzer
10.7910/dvn/kps1ky/ye4xeg,paths.rds,Alexander Wuttke; Christian Schimpf; Harald Schoen
10.7910/dvn/pgfoxw/uywplu,readme.txt,Adam Scharpf; Christian Gläßel
10.7910/dvn/pgfoxw/1sf78x,Replication.do,Adam Scharpf; Christian Gläßel
10.7910/dvn/gec2ls/hoggkx,Tab_A1.tex,Lucas Leemann; Richard Traunmueller; Lukas F. Stoetzer
10.7910/dvn/nvkq5v/son8wq,readme.txt,Matthias Mader
10.7910/dvn/1wzcea/bh63nx,figure3_1.pdf,Xiao Lu
10.7910/dvn/1wzcea/gxfqeu,simulation_study.R,Xiao Lu
10.7910/dvn/1wzcea/ytcqoc,sim_homo.R,Xiao Lu
10.7910/dvn/mb2uku/udee5h,biw_voting_individual_level.tab,Kai Jäger
10.7910/dvn/gec2ls/nfbbty,windowlayoutstate.pper,Lucas Leemann; Richard Traunmueller; Lukas F. Stoetzer
10.7910/dvn/nhsjmj/bmylx3,replication_backlash_devout_christians.R,Richard Traunmueller
10.7910/dvn/pls50o/cxspxe,description.do,Shaun Bowler; Thomas Gschwend; Indridi Indridason
10.7910/dvn/jbogc9/lxbqiq,1_1_descriptives.do,Andreas Gerster; Manuel Frondel; Colin Vance
10.7910/dvn/mb2uku/nxmqv4,analysis_biw_voting_individual_level.do,Kai Jäger
10.7910/dvn/csx1vl/hwdytm,FigureA3.pdf,Thomas König; Guido Ropers; Anika Buchmann
10.7910/dvn/1wzcea/b2mqoa,cbq_leg_q6.R,Xiao Lu
10.7910/dvn/kps1ky/iyfwxm,MD5,Alexander Wuttke; Christian Schimpf; Harald Schoen
10.7910/dvn/cy7ywe/x7ilvv,metadata.yml,Sebastian Juhl
10.7910/dvn/kps1ky/l4ha3c,renv.Rmd,Alexander Wuttke; Christian Schimpf; Harald Schoen
10.7910/dvn/7qne9o/kxhagi,MPDataset_full.tab,Will Lowe; Kenneth Benoit; Slava Mikhaylov; Michael Laver
10.7910/dvn/kps1ky/1fow0x,anes_touched.tab,Alexander Wuttke; Christian Schimpf; Harald Schoen
10.7910/dvn/nhsjmj/hbbkqd,figure_8F.pdf,Richard Traunmueller
10.7910/dvn/1wzcea/ft7fcw,figure1_2.pdf,Xiao Lu
10.7910/dvn/nhsjmj/orbzcm,figure_7D.pdf,Richard Traunmueller
10.7910/dvn/1wzcea/1siodt,cbq_binary_q2.stan,Xiao Lu
10.7910/dvn/jbogc9/gcsjzo,codebook_immo_panel.log,Andreas Gerster; Manuel Frondel; Colin Vance
10.7910/dvn/1wzcea/itf1km,cbq_vote_AN_q5_s.R,Xiao Lu
10.7910/dvn/1wzcea/tdmlsa,cbq4.0_q3.stan,Xiao Lu
10.7910/dvn/kps1ky/bzsdgu,recode_manual_goertzian.do,Alexander Wuttke; Christian Schimpf; Harald Schoen
10.7910/dvn/1wzcea/1aqfhs,origin_legislature.R,Xiao Lu
10.7910/dvn/1wzcea/56fio7,vote_dat_origin.tab,Xiao Lu
10.7910/dvn/nhsjmj/ne4rcw,describe_sample_university.csv,Richard Traunmueller
10.7910/dvn/nhsjmj/kyt9y3,table_S1.csv,Richard Traunmueller
10.7910/dvn/mltzie/bkag7f,table a2.do,Orit Kedar; Liran Harsgor; Or Tuttnauer
10.7910/dvn/csx1vl/5zo1as,FigureA4c.pdf,Thomas König; Guido Ropers; Anika Buchmann
10.7910/dvn/1wzcea/icnul3,cbq_ms_q5_s.R,Xiao Lu
10.7910/dvn/669z5l/kbdivo,ReplicationRCode.zip,Thomas König; Moritz Marbach; Moritz Osnabrügge
10.7910/dvn/csx1vl/0yo7jr,FigureA13a.pdf,Thomas König; Guido Ropers; Anika Buchmann
10.7910/dvn/kps1ky/509ghl,silva_recode_attitudes.do,Alexander Wuttke; Christian Schimpf; Harald Schoen
10.7910/dvn/1wzcea/pnmjwi,cbq_binary_q5.stan,Xiao Lu
10.7910/dvn/1wzcea/izjzxr,cbq_binary_function.R,Xiao Lu
10.7910/dvn/mb2uku/jhusei,analysis_biw_voting_precinct_level_ri.R,Kai Jäger
10.7910/dvn/kps1ky/v8mf2r,silva_master.do,Alexander Wuttke; Christian Schimpf; Harald Schoen
10.7910/dvn/nhsjmj/phzrzr,replication_backlash_ACDE_secular_christians.R,Richard Traunmueller
10.7910/dvn/1wzcea/gj3mil,cbq_binary_q4.stan,Xiao Lu
10.7910/dvn/1wzcea/gjr1c1,cbq_binary_q7.RData,Xiao Lu
10.7910/dvn/jbogc9/fr09mu,2019_6_5_analyses_price_effects.log,Andreas Gerster; Manuel Frondel; Colin Vance
10.7910/dvn/pgfoxw/dqg5qt,SecretPolicedata.tab,Adam Scharpf; Christian Gläßel
10.7910/dvn/kps1ky/emipjc,FIGURE_2_TIFF_GLES_Schulz_Scale_Relationship_Aggregations_SingleDimensions.tiff,Alexander Wuttke; Christian Schimpf; Harald Schoen
10.7910/dvn/kps1ky/hwkiug,ZA6802_q.pdf,Alexander Wuttke; Christian Schimpf; Harald Schoen
10.7910/dvn/jbogc9/kjfb4s,0_master.do,Andreas Gerster; Manuel Frondel; Colin Vance
10.7910/dvn/gec2ls/gehfeo,F14964AE,Lucas Leemann; Richard Traunmueller; Lukas F. Stoetzer
10.7910/dvn/1wzcea/fsrwae,master_distributions.R,Xiao Lu
10.7910/dvn/kps1ky/ptdusk,WELCOME,Alexander Wuttke; Christian Schimpf; Harald Schoen
10.7910/dvn/lxmyv6/rvxlfz,ReadMe.pdf,Kurt Schmidheiny; Siegloch Sebastian
10.7910/dvn/1wzcea/wouhq4,cbq_ms_q6.R,Xiao Lu
10.7910/dvn/gec2ls/nyjezi,"PA_add_on_survey_Trump_May2020_May+4,+2020_11.32.tab",Lucas Leemann; Richard Traunmueller; Lukas F. Stoetzer
10.7910/dvn/nhsjmj/jgcwat,ACDE_radical_christians.csv,Richard Traunmueller
10.7910/dvn/gec2ls/7wmfl3,00_a_RUN THIS FILE.R,Lucas Leemann; Richard Traunmueller; Lukas F. Stoetzer
10.7910/dvn/1wzcea/gkxcwa,cbq_leg_q5.R,Xiao Lu
10.7910/dvn/nhsjmj/3ds4my,sensitivity_rho.csv,Richard Traunmueller
10.7910/dvn/1wzcea/lugbou,cbq4.0_q2.stan,Xiao Lu
10.7910/dvn/kps1ky/loebda,recode_manual_sartorian.do,Alexander Wuttke; Christian Schimpf; Harald Schoen
10.7910/dvn/nhsjmj/hx8viu,ACME_radical_christians.csv,Richard Traunmueller
10.7910/dvn/gec2ls/jivhsf,Tab_A3.tex,Lucas Leemann; Richard Traunmueller; Lukas F. Stoetzer
10.7910/dvn/gec2ls/y4ygak,fun_electbeleifs_MLE.R,Lucas Leemann; Richard Traunmueller; Lukas F. Stoetzer
10.7910/dvn/nhsjmj/2j8m2b,table_S5_outcome_equation.csv,Richard Traunmueller
10.7910/dvn/1wzcea/cy6gbn,cbq_ms_q2_s.R,Xiao Lu
10.7910/dvn/1wzcea/ecfzvo,figure5_appendix.pdf,Xiao Lu
10.7910/dvn/gec2ls/yyr00w,workbench-pane.pper,Lucas Leemann; Richard Traunmueller; Lukas F. Stoetzer
10.7910/dvn/mltzie/sauvxu,figure a2.do,Orit Kedar; Liran Harsgor; Or Tuttnauer
10.7910/dvn/kps1ky/0do8mc,gles_master.do,Alexander Wuttke; Christian Schimpf; Harald Schoen
10.7910/dvn/669z5l/bia6an,posterior_mcss.tab,Thomas König; Moritz Marbach; Moritz Osnabrügge
10.7910/dvn/a48jp7/exhmkj,DATA_RS.dat,Emmy Lindstam; Matthias Mader; Harald Schoen
10.7910/dvn/azfhyn/td5ctl,Data_figure_2.tab,Christian Gläßel; Katrin Paula
10.7910/dvn/1wzcea/joe3lv,cbq4.0_q1.stan,Xiao Lu
10.7910/dvn/nhsjmj/08c8fq,figure_6.pdf,Richard Traunmueller
10.7910/dvn/csx1vl/3o69x0,TableA3.tex,Thomas König; Guido Ropers; Anika Buchmann
10.7910/dvn/kps1ky/mbntcx,recode_attitudes.do,Alexander Wuttke; Christian Schimpf; Harald Schoen
10.7910/dvn/cy7ywe/nqfjr6,SI_FigC.1.2.pdf,Sebastian Juhl
10.7910/dvn/jbogc9,Replication Code for: The Power of Mandatory Quality Disclosure: Evidence from the German Housing Market,Andreas Gerster; Manuel Frondel; Colin Vance
10.7910/dvn/kps1ky/vnkoax,renv.rdb,Alexander Wuttke; Christian Schimpf; Harald Schoen
10.7910/dvn/nhsjmj/vkz2so,replication_backlash_figure_8F.R,Richard Traunmueller
10.7910/dvn/ony6wj,Replication Data for: Computing quantities of interest and their uncertainty using Bayesian simulation,Andreas Murr; Richard Traunmueller; Jeff Gill
10.7910/dvn/1wzcea/50pcmi,source.R,Xiao Lu
10.7910/dvn/nhsjmj/p9bae6,replication_backlash_imputations.R,Richard Traunmueller
10.7910/dvn/gec2ls/galt2p,Tab_A6_d.tex,Lucas Leemann; Richard Traunmueller; Lukas F. Stoetzer
10.7910/dvn/lh8tgd,Replication Data for: Management Practices and Climate Policy in China,Yong Soo Keong; Ulrich J. Wagner; Peiyao Liu; Laure de Preux; Mirabelle Muûls; Ralf Martin; Jing Cao
10.7910/dvn/1wzcea/4o1hqx,cbq_binary_q6.stan,Xiao Lu
10.7910/dvn/kps1ky/ximttn,populism_touched_PLUS_SCHULZ.tab,Alexander Wuttke; Christian Schimpf; Harald Schoen
10.7910/dvn/nvkq5v,"Reproduction files for: The European refugee crisis, party competition, and voters’ responses in Germany",Matthias Mader
10.7910/dvn/kps1ky/agluow,recode_goertz_akker.do,Alexander Wuttke; Christian Schimpf; Harald Schoen
10.7910/dvn/1wzcea/hv4t7g,cbq_binary_q3.stan,Xiao Lu
10.7910/dvn/nhsjmj/ngytcf,replication_backlash_figure_7D.R,Richard Traunmueller
10.7910/dvn/cy7ywe/nxumw7,REPRODUCING.md,Sebastian Juhl
10.7910/dvn/kps1ky/93styo,faq.html,Alexander Wuttke; Christian Schimpf; Harald Schoen
10.7910/dvn/gec2ls/b6cgls,Prior_Elicitation_Nachtrag_Quantile.tab,Lucas Leemann; Richard Traunmueller; Lukas F. Stoetzer
10.7910/dvn/kps1ky/vq3qng,R_simulation_appendix_S8.R,Alexander Wuttke; Christian Schimpf; Harald Schoen
10.7910/dvn/kps1ky/ohnlyw,collaborating.Rmd,Alexander Wuttke; Christian Schimpf; Harald Schoen
10.7910/dvn/nhsjmj/pjqkuc,ACME_radical_muslims.csv,Richard Traunmueller
10.7910/dvn/1wzcea/ml8d6e,figure3_appendix.pdf,Xiao Lu
10.7910/dvn/kps1ky/ik2ac4,renv_Wuttkeetal2019.lock,Alexander Wuttke; Christian Schimpf; Harald Schoen
10.7910/dvn/csx1vl/bbbfpr,TableA1.tex,Thomas König; Guido Ropers; Anika Buchmann
10.7910/dvn/kps1ky/tbyxpm,ZA6802_en_v3-0-1_en.tab,Alexander Wuttke; Christian Schimpf; Harald Schoen
10.7910/dvn/csx1vl/dnpove,.Rhistory,Thomas König; Guido Ropers; Anika Buchmann
10.7910/dvn/1wzcea/bak6hd,cbq_vote_AN_q1.R,Xiao Lu
10.7910/dvn/mltzie/cfbkaf,readme.docx,Orit Kedar; Liran Harsgor; Or Tuttnauer
10.7910/dvn/mb2uku/1wkhmu,biw_voting_precinct_level.tab,Kai Jäger
10.7910/dvn/nhsjmj/z85aln,ACDE_muslim_natives.csv,Richard Traunmueller
10.7910/dvn/nhsjmj/1yylc5,.Rhistory,Richard Traunmueller
10.7910/dvn/kps1ky/dkwvmf,R.css,Alexander Wuttke; Christian Schimpf; Harald Schoen
10.7910/dvn/pls50o/vq7p4w,master.do,Shaun Bowler; Thomas Gschwend; Indridi Indridason
10.7910/dvn/mltzie/ingcau,KHT_countrylevel.tab,Orit Kedar; Liran Harsgor; Or Tuttnauer
10.7910/dvn/kps1ky/cmasry,recode_bollen.do,Alexander Wuttke; Christian Schimpf; Harald Schoen
10.7910/dvn/nvkq5v/lmgo8h,04_Figure3.do,Matthias Mader
10.7910/dvn/mb2uku/ncxus6,afd_voting_individual_level.tab,Kai Jäger
10.7910/dvn/1wzcea/w1wegu,figure3_2.pdf,Xiao Lu
10.7910/dvn/csx1vl/nzscag,FigureA6a.pdf,Thomas König; Guido Ropers; Anika Buchmann
10.7910/dvn/cy7ywe/jnacab,SI_FigC.5.1.pdf,Sebastian Juhl
10.7910/dvn/lzhtbe,"Replication Data for ""Grist to the Mill of Subversion: Strikes and Coups in Counterinsurgencies""",Adam Scharpf; Christian Gläßel; Belén González
10.7910/dvn/1wzcea/d3h2wy,cbq_vote_q6.RData,Xiao Lu
10.7910/dvn/kps1ky/k2542j,readme-1.rtf,Alexander Wuttke; Christian Schimpf; Harald Schoen
10.7910/dvn/nhsjmj/tdjzgd,replication_backlash_vote.R,Richard Traunmueller
10.7910/dvn/kps1ky/kmynsx,ZA6802_en_missing.do,Alexander Wuttke; Christian Schimpf; Harald Schoen
10.7910/dvn/frek34,Replication data for: The strategic nature of compliance: An empirical evaluation of law implementation in the central monitoring system of the EU,Thomas König; Lars Mäder
10.7910/dvn/kps1ky/amyxf8,docker.html,Alexander Wuttke; Christian Schimpf; Harald Schoen
10.7910/dvn/frek34/vcvxlv,koenigmaeder_strategiccompliance_ajps.R,Thomas König; Lars Mäder
10.7910/dvn/kps1ky/fcdouq,NEWS.md,Alexander Wuttke; Christian Schimpf; Harald Schoen
10.7910/dvn/1wzcea/hg5v5z,cbq4.0_q5.stan,Xiao Lu
10.7910/dvn/nhsjmj/mkri0b,replication_backlash_master.R,Richard Traunmueller
10.7910/dvn/1wzcea/a4kca5,cbq_vote_AN_q2_s.R,Xiao Lu
10.7910/dvn/nhsjmj/dy1wbb,replication_backlash_main_models.R,Richard Traunmueller
10.7910/dvn/nhsjmj/vmflmq,replication_backlash_christian_natives.R,Richard Traunmueller
10.7910/dvn/nhsjmj/b1uaqc,replication_backlash_figure_8E.R,Richard Traunmueller
10.7910/dvn/nhsjmj/zj8gjz,ACDE_christian_immigrants.csv,Richard Traunmueller
10.7910/dvn/csx1vl/qefbqh,readme.txt,Thomas König; Guido Ropers; Anika Buchmann
10.7910/dvn/7qne9o/1hkn99,Codebook.pdf,Will Lowe; Kenneth Benoit; Slava Mikhaylov; Michael Laver
10.7910/dvn/1wzcea/afpo5z,cbq_binary_q1.stan,Xiao Lu
10.7910/dvn/kps1ky/wfytim,local-sources.html,Alexander Wuttke; Christian Schimpf; Harald Schoen
10.7910/dvn/1wzcea/r4da9u,cbq_ms_q1.R,Xiao Lu
10.7910/dvn/csx1vl/jkrxsf,FigureA10a.pdf,Thomas König; Guido Ropers; Anika Buchmann
10.7910/dvn/1wzcea/3nsu9q,substantive_interpret_leg.R,Xiao Lu
10.7910/dvn/jbogc9/o6dsvp,3_2_panel_graphs.do,Andreas Gerster; Manuel Frondel; Colin Vance
10.7910/dvn/dgoqwh,Replication Data for: Spoilers of peace: Pro-government militias as risk factors for conflict recurrence,Sabine C. Carey; Christoph Steinert; Janina Steinert
10.7910/dvn/azfhyn/b6krpb,Codebook_Data_figure_SI_61.pdf,Christian Gläßel; Katrin Paula
10.7910/dvn/nhsjmj/qzp0tm,figure_S5.pdf,Richard Traunmueller
10.7910/dvn/kps1ky/min1nt,silva_labelling.do,Alexander Wuttke; Christian Schimpf; Harald Schoen
10.7910/dvn/dgoqwh/idd6aa,Dataset_2.tab,Sabine C. Carey; Christoph Steinert; Janina Steinert
10.7910/dvn/kps1ky/hf5wrt,10002_mr_en_v1_0.pdf,Alexander Wuttke; Christian Schimpf; Harald Schoen
10.7910/dvn/nhsjmj/bwcmra,ACDE_secular_christians.csv,Richard Traunmueller
10.7910/dvn/nhsjmj/npood9,figure_7A.pdf,Richard Traunmueller
10.7910/dvn/azfhyn/hqyshk,Codebook_Censorship.pdf,Christian Gläßel; Katrin Paula
10.7910/dvn/gec2ls/mdlkvr,99B082DA,Lucas Leemann; Richard Traunmueller; Lukas F. Stoetzer
10.7910/dvn/nhsjmj/glz92c,describe_sample_N.csv,Richard Traunmueller
10.7910/dvn/mb2uku/roywg1,analysis_survey.do,Kai Jäger
10.7910/dvn/gapiqo,Replication Data for: Wheeling and Dealing Behind Closed Doors: Estimating the Causal Effect of Transparency on Policy Evaluations Using a Survey Experiment,Sebastian Juhl; David Hilpert
10.7910/dvn/gec2ls/l8hasc,Prior_Elicitation_2503_asymmetric.tab,Lucas Leemann; Richard Traunmueller; Lukas F. Stoetzer
10.7910/dvn/ffuwsf,Replication Data for: Terrorism and Immigration Policy Preferences,Marc Helbling
10.7910/dvn/gec2ls/x4pm86,Tab_A9_b.tex,Lucas Leemann; Richard Traunmueller; Lukas F. Stoetzer
10.7910/dvn/nhsjmj/cbjool,replication_backlash_muslim_immigrants.R,Richard Traunmueller
10.7910/dvn/kps1ky/rtqaa7,index.html,Alexander Wuttke; Christian Schimpf; Harald Schoen
10.7910/dvn/kps1ky/daozla,links.rds,Alexander Wuttke; Christian Schimpf; Harald Schoen
10.7910/dvn/gec2ls/uerd9k,5BA0342C,Lucas Leemann; Richard Traunmueller; Lukas F. Stoetzer
10.7910/dvn/1wzcea/wsyhsp,cbq_vote_AN_q9_s.R,Xiao Lu
10.7910/dvn/kps1ky/baov7t,varnames_mar17.txt,Alexander Wuttke; Christian Schimpf; Harald Schoen
10.7910/dvn/kps1ky/2rlvn3,collaborating.R,Alexander Wuttke; Christian Schimpf; Harald Schoen
10.7910/dvn/mb2uku/pnruvj,afd_voting_precinct_level.tab,Kai Jäger
10.7910/dvn/1wzcea/gvxxcd,cbq_leg_q7_s.R,Xiao Lu
10.7910/dvn/kps1ky/mdlphd,python.Rmd,Alexander Wuttke; Christian Schimpf; Harald Schoen
10.7910/dvn/nhsjmj/cklejm,replication_backlash_figure_7A.R,Richard Traunmueller
10.7910/dvn/7qne9o/tqvpaj,posscaling_LSQ_codebook.pdf,Will Lowe; Kenneth Benoit; Slava Mikhaylov; Michael Laver
10.7910/dvn/pgfoxw,Replication Data for: Why Underachievers Dominate Secret Police Organizations: Evidence from Autocratic Argentina,Adam Scharpf; Christian Gläßel
10.7910/dvn/1wzcea/u4mfgw,empiricalDistribution_plot.R,Xiao Lu
10.7910/dvn/kps1ky/dhylga,ci.Rmd,Alexander Wuttke; Christian Schimpf; Harald Schoen
10.7910/dvn/mb2uku/jz5o1g,warning_signs.tab,Kai Jäger
10.7910/dvn/mltzie/ib7dvo,figure 1.do,Orit Kedar; Liran Harsgor; Or Tuttnauer
10.7910/dvn/jbogc9/7x8u88,3_1_panel_matching.do,Andreas Gerster; Manuel Frondel; Colin Vance
10.7910/dvn/ldumny/shg3an,plos_latex_template_header.tex,Paul Cornelius Bauer; Florian Keusch; Frauke Kreuter
10.7910/dvn/mltzie/hlkzzj,figure 4.do,Orit Kedar; Liran Harsgor; Or Tuttnauer
10.7910/dvn/kps1ky/smwy1n,00Index.html,Alexander Wuttke; Christian Schimpf; Harald Schoen
10.7910/dvn/gec2ls/qojsvt,Tab_A7_c.tex,Lucas Leemann; Richard Traunmueller; Lukas F. Stoetzer
10.7910/dvn/jloq6v/4tlpwv,02_Appendix.do,Matthias Mader; Maria Pesthy; Harald Schoen
10.7910/dvn/kps1ky/2dbbfc,R_Script_Dataset_Conversion_to_STATA.R,Alexander Wuttke; Christian Schimpf; Harald Schoen
10.7910/dvn/kps1ky/penrwp,APSR_Analysis_RScript.R,Alexander Wuttke; Christian Schimpf; Harald Schoen
10.7910/dvn/1wzcea/uhrlip,cbq_q4.RData,Xiao Lu
10.7910/dvn/1wzcea/vqo7db,cbq_vote_q9.RData,Xiao Lu
10.7910/dvn/1wzcea/9cdkh1,cbq_vote_AN_q3_s.R,Xiao Lu
10.7910/dvn/csx1vl/wjsa51,Table_1.tex,Thomas König; Guido Ropers; Anika Buchmann
10.7910/dvn/1wzcea/yc8oiu,cbq_q9.RData,Xiao Lu
10.7910/dvn/kps1ky/0ztqsu,GfK-BES2017-technical-report.pdf,Alexander Wuttke; Christian Schimpf; Harald Schoen
10.7910/dvn/nhsjmj/hqutvb,figure_S3.pdf,Richard Traunmueller
10.7910/dvn/bte2bk,Replication Data for: Risk Aversion and the Gender Gap in the Vote for Populist Radical Right Parties,Odelia Oshri; Liran Harsgor; Reut Itzkovitch‐Malka; Or Tuttnauer
10.7910/dvn/1wzcea/cxu1zd,cbq_q2.RData,Xiao Lu
10.7910/dvn/mltzie/9unbse,figure 2.do,Orit Kedar; Liran Harsgor; Or Tuttnauer
10.7910/dvn/1wzcea/93r4as,master_sim.R,Xiao Lu
10.7910/dvn/nvkq5v/rg8igc,00_Main_reproduction_file.do,Matthias Mader
10.7910/dvn/gec2ls/v3pgay,1C8149CF,Lucas Leemann; Richard Traunmueller; Lukas F. Stoetzer
10.7910/dvn/kps1ky/mx8l5j,faq.Rmd,Alexander Wuttke; Christian Schimpf; Harald Schoen
10.7910/dvn/cy7ywe/oqtz2i,Simulation.R,Sebastian Juhl
10.7910/dvn/1wzcea/e9vui9,figure5.pdf,Xiao Lu
10.7910/dvn/fjxh5g,"Replication Data for ""How valid are trust survey measures? New insights from open-ended probing data and supervised machine learning""",Camille Landesvatter; Paul Cornelius Bauer
10.7910/dvn/nvkq5v/ffrji7,08_Figure_A3_1.do,Matthias Mader
10.7910/dvn/nhsjmj/1phjmy,figure_8D.pdf,Richard Traunmueller
10.7910/dvn/kps1ky/ovat8x,silva_recoded.tab,Alexander Wuttke; Christian Schimpf; Harald Schoen
10.7910/dvn/nhsjmj/0jamtb,table_S5_mediator_equation.csv,Richard Traunmueller
10.7910/dvn/gec2ls/1qn71i,Tab_A9_a.tex,Lucas Leemann; Richard Traunmueller; Lukas F. Stoetzer
10.7910/dvn/csx1vl/ycjwrh,FigureA1.pdf,Thomas König; Guido Ropers; Anika Buchmann
10.7910/dvn/jbogc9/vlrryw,2019_6_5_analyses_transaction_offerprice.log,Andreas Gerster; Manuel Frondel; Colin Vance
10.7910/dvn/gec2ls/xrpquj,patch-chunk-names,Lucas Leemann; Richard Traunmueller; Lukas F. Stoetzer
10.7910/dvn/1wzcea/nnvtta,cbq_vote_AN_q6_s.R,Xiao Lu
10.7910/dvn/1wzcea/gpvfgh,cbq_binary_q9.stan,Xiao Lu
10.7910/dvn/gec2ls/ops9ik,01_BalanceTests.R,Lucas Leemann; Richard Traunmueller; Lukas F. Stoetzer
10.7910/dvn/nvkq5v/porzxl,02_Figure1.do,Matthias Mader
10.7910/dvn/mltzie/wfxnw4,KHT_basicdata.tab,Orit Kedar; Liran Harsgor; Or Tuttnauer
10.7910/dvn/gec2ls/bqb3n5,00_DataCleaner_symmetric.R,Lucas Leemann; Richard Traunmueller; Lukas F. Stoetzer
10.7910/dvn/1wzcea/n8jmz8,cbq_leg_q8_s.R,Xiao Lu
10.7910/dvn/1wzcea/d4gest,figure2_1.pdf,Xiao Lu
10.7910/dvn/nhsjmj/34lbd4,ACDE_vote.csv,Richard Traunmueller
10.7910/dvn/1wzcea/tfavfl,cbq4.0_q6.stan,Xiao Lu
10.7910/dvn/1wzcea/niuv3p,cbq_ms_q8.R,Xiao Lu
10.7910/dvn/gec2ls/laari4,00_a_README.R,Lucas Leemann; Richard Traunmueller; Lukas F. Stoetzer
10.7910/dvn/ldumny/o0cm4m,data_raw.tab,Paul Cornelius Bauer; Florian Keusch; Frauke Kreuter
10.7910/dvn/csx1vl/xftztl,FigureA11b.pdf,Thomas König; Guido Ropers; Anika Buchmann
10.7910/dvn/kps1ky/6nwiak,recode_sum_indicators_cses.do,Alexander Wuttke; Christian Schimpf; Harald Schoen
10.7910/dvn/gec2ls/5jdka6,D1D547E0,Lucas Leemann; Richard Traunmueller; Lukas F. Stoetzer
10.7910/dvn/gec2ls/lgk1vt,Fig_A3.pdf,Lucas Leemann; Richard Traunmueller; Lukas F. Stoetzer
10.7910/dvn/7qne9o/ahskgj,CMP_makeSEandLogitSEdata.R,Will Lowe; Kenneth Benoit; Slava Mikhaylov; Michael Laver
10.7910/dvn/nhsjmj/h5dejr,ACME_main_results_res_footnote_9.csv,Richard Traunmueller
10.7910/dvn/kps1ky/gk4yis,silva_recode_manual_goertzian.do,Alexander Wuttke; Christian Schimpf; Harald Schoen
10.7910/dvn/nhsjmj/l79vmu,ACDE_office.csv,Richard Traunmueller
10.7910/dvn/1wzcea/1o6kjo,vote_dat_sim.tab,Xiao Lu
10.7910/dvn/azfhyn/tki34t,Censorship.tab,Christian Gläßel; Katrin Paula
10.7910/dvn/kps1ky/ii0lgu,gles_touched.tab,Alexander Wuttke; Christian Schimpf; Harald Schoen
10.7910/dvn/nhsjmj/jnt7wp,ACDE_christian_natives.csv,Richard Traunmueller
10.7910/dvn/lzhtbe/gqojnb,Replication_tables.do,Adam Scharpf; Christian Gläßel; Belén González
10.7910/dvn/mltzie/zj5u6r,KHT_districtlevel.tab,Orit Kedar; Liran Harsgor; Or Tuttnauer
10.7910/dvn/gec2ls/l2ed3y,Tab_A6_a.tex,Lucas Leemann; Richard Traunmueller; Lukas F. Stoetzer
10.7910/dvn/nhsjmj/7vyere,replication_backlash_figure_2.R,Richard Traunmueller
10.7910/dvn/cy7ywe/u6rx2k,WW2015_Output.Rdata,Sebastian Juhl
10.7910/dvn/kps1ky/yqcs5v,Liss_recoding.do,Alexander Wuttke; Christian Schimpf; Harald Schoen
10.7910/dvn/1wzcea/3s1rpz,master_eu.R,Xiao Lu
10.7910/dvn/najikb/x6miat,Juhl_Replication_Materials.zip,Sebastian Juhl
10.7910/dvn/kps1ky/ndg26w,renv.html,Alexander Wuttke; Christian Schimpf; Harald Schoen
10.7910/dvn/kps1ky/6taxzd,Questionnaire_FES2017.pdf,Alexander Wuttke; Christian Schimpf; Harald Schoen
10.7910/dvn/nhsjmj/jlwezx,ACDE_welfare.csv,Richard Traunmueller
10.7910/dvn/nhsjmj/xc9uql,replication_backlash_data.tab,Richard Traunmueller
10.7910/dvn/1wzcea/vbqc1u,counterfactual.tab,Xiao Lu
10.7910/dvn/22bgvu/dza9v8,readme.txt,Thomas Bräuninger; Marc Debus; Jochen Müller; Christian Stecker
10.7910/dvn/1wzcea/mrizp5,cbq4.0_q7.stan,Xiao Lu
10.7910/dvn/a48jp7/eu14km,dataS.tab,Emmy Lindstam; Matthias Mader; Harald Schoen
10.7910/dvn/nhsjmj/sshi5t,figure_4B.pdf,Richard Traunmueller
10.7910/dvn/1wzcea/jpgcf9,cbq_binary_q7.stan,Xiao Lu
10.7910/dvn/a48jp7/xlcrpt,Replication.R,Emmy Lindstam; Matthias Mader; Harald Schoen
10.7910/dvn/kps1ky/5o27mh,Rd.rds,Alexander Wuttke; Christian Schimpf; Harald Schoen
10.7910/dvn/gapiqo/e1kajt,JuhlHilpertSupplRep.log,Sebastian Juhl; David Hilpert
10.7910/dvn/nhsjmj/wirwv5,replication_backlash_check_symmetry.R,Richard Traunmueller
10.7910/dvn/jtksrw/sqdrxj,replication.zip,Alexandra Avdeenko; Markus Frölich
10.7910/dvn/kps1ky/p5af0z,ShinyApp_Figure_Shiny1_Brazil_Relationship_Akkerm_Scale_SingleDimensions.png,Alexander Wuttke; Christian Schimpf; Harald Schoen
10.7910/dvn/kps1ky/sjckvr,silva_recode_bollen.do,Alexander Wuttke; Christian Schimpf; Harald Schoen
10.7910/dvn/nhsjmj/4e5fte,ACDE_main_results.csv,Richard Traunmueller
10.7910/dvn/1wzcea/9ahizf,replicate_Rasmussen_o.R,Xiao Lu
10.7910/dvn/kps1ky/m5z9jp,ZA6802_fb (5).pdf,Alexander Wuttke; Christian Schimpf; Harald Schoen
10.7910/dvn/gec2ls/uvhikf,Tab_2_a.tex,Lucas Leemann; Richard Traunmueller; Lukas F. Stoetzer
10.7910/dvn/gec2ls/jnjvh6,00_DataCleaner_nachtrag_sym.R,Lucas Leemann; Richard Traunmueller; Lukas F. Stoetzer
10.7910/dvn/lxmyv6/pvvbzu,bf2017.tab,Kurt Schmidheiny; Siegloch Sebastian
10.7910/dvn/nhsjmj/fl5xao,correlations_p_26.csv,Richard Traunmueller
10.7910/dvn/mltzie/quvch5,robustness.do,Orit Kedar; Liran Harsgor; Or Tuttnauer
10.7910/dvn/gec2ls/z1jtfg,01_Time_Analysis.R,Lucas Leemann; Richard Traunmueller; Lukas F. Stoetzer
10.7910/dvn/kps1ky/h8kigv,renv.rdx,Alexander Wuttke; Christian Schimpf; Harald Schoen
10.7910/dvn/kps1ky/fn2hjv,codeboek_mj16a_NL_1.0.pdf,Alexander Wuttke; Christian Schimpf; Harald Schoen
10.7910/dvn/csx1vl/lh9gbk,FigureA15.pdf,Thomas König; Guido Ropers; Anika Buchmann
10.7910/dvn/kps1ky/yjyqkz,settings.dcf,Alexander Wuttke; Christian Schimpf; Harald Schoen
10.7910/dvn/cy7ywe/r1oxsh,LICENSE,Sebastian Juhl
10.7910/dvn/pls50o/bwfvo7,sim_new_cfk_ib.do,Shaun Bowler; Thomas Gschwend; Indridi Indridason
10.7910/dvn/kps1ky/eiiube,renv.rdx,Alexander Wuttke; Christian Schimpf; Harald Schoen
10.7910/dvn/nhsjmj/lpkypv,replication_backlash_main_ACME.R,Richard Traunmueller
10.7910/dvn/nhsjmj/ulkk5w,replication_backlash_ACDE_radical_muslims.R,Richard Traunmueller
10.7910/dvn/1wzcea/qgjvfa,figure4.pdf,Xiao Lu
10.7910/dvn/kps1ky/xpaxey,mj16a_EN_1.0p.tab,Alexander Wuttke; Christian Schimpf; Harald Schoen
10.7910/dvn/kps1ky/jjc28x,Documentation_FES2017_v2.pdf,Alexander Wuttke; Christian Schimpf; Harald Schoen
10.7910/dvn/1wzcea/arhpsc,cbq4.0_q8.stan,Xiao Lu
10.7910/dvn/nhsjmj/azfxrx,replication_backlash_devout_muslims.R,Richard Traunmueller
10.7910/dvn/csx1vl/xxnl0e,FigureA12b.pdf,Thomas König; Guido Ropers; Anika Buchmann
10.7910/dvn/lzhtbe/ppoqpq,Replication_figure2.do,Adam Scharpf; Christian Gläßel; Belén González
10.7910/dvn/mb2uku/95adkt,analysis_afd_voting_precinct_level_ri.R,Kai Jäger
10.7910/dvn/1wzcea/reizqg,substantive_interpretation_AN.R,Xiao Lu
10.7910/dvn/1wzcea/a4wrl6,cbq_binary_q5.stan,Xiao Lu
10.7910/dvn/kps1ky/ogev5v,scripts-git-askpass.sh,Alexander Wuttke; Christian Schimpf; Harald Schoen
10.7910/dvn/1wzcea/j0cxpv,cbq_binary_q4.RData,Xiao Lu
10.7910/dvn/pls50o/cqxpsu,sim_new_csk_ib.do,Shaun Bowler; Thomas Gschwend; Indridi Indridason
10.7910/dvn/nhsjmj/ptuwbh,ACME_welfare.csv,Richard Traunmueller
10.7910/dvn/cy7ywe/hlgdmb,SI_FigC.2.1.pdf,Sebastian Juhl
10.7910/dvn/mb2uku/ytfekd,analysis_warning_signs.do,Kai Jäger
10.7910/dvn/dzryb0,"Replication Data for: Negative campaign statements, coalition heterogeneity, and the support for government parties",Marc Debus; Or Tuttnauer
10.7910/dvn/gec2ls/zgciah,02_BeliefsMLE_noscrn.r,Lucas Leemann; Richard Traunmueller; Lukas F. Stoetzer
10.7910/dvn/1wzcea/i32qzj,cbq_vote_q1.RData,Xiao Lu
10.7910/dvn/kps1ky/pr8ihd,docker.R,Alexander Wuttke; Christian Schimpf; Harald Schoen
10.7910/dvn/kps1ky/oottkp,silva_recode_manual_sartorian.do,Alexander Wuttke; Christian Schimpf; Harald Schoen
10.7910/dvn/nhsjmj/4rkpck,replication_backlash_ACDE_christian_natives.R,Richard Traunmueller
10.7910/dvn/jbogc9/xbqykl,00_Power of Disclosure.stpr,Andreas Gerster; Manuel Frondel; Colin Vance
10.7910/dvn/gec2ls/qcjisc,6F888B3C,Lucas Leemann; Richard Traunmueller; Lukas F. Stoetzer
10.7910/dvn/kps1ky/xg88yd,anes_timeseries_2016_methodology_userguide.pdf,Alexander Wuttke; Christian Schimpf; Harald Schoen
10.7910/dvn/1wzcea/tctjvi,cbq_leg_q6_s.R,Xiao Lu
10.7910/dvn/csx1vl/ixr3t8,Figure2d.pdf,Thomas König; Guido Ropers; Anika Buchmann
10.7910/dvn/csx1vl/2rzowb,01_main_analysis.R,Thomas König; Guido Ropers; Anika Buchmann
10.7910/dvn/1wzcea/qcgiut,cbq_vote_q8.RData,Xiao Lu
10.7910/dvn/kps1ky/yxnahx,anes_master.do,Alexander Wuttke; Christian Schimpf; Harald Schoen
10.7910/dvn/nhsjmj/yyuwiy,figure_8E.pdf,Richard Traunmueller
10.7910/dvn/nhsjmj/rynyvz,replication_backlash_imputations_additional_analyses.R,Richard Traunmueller
10.7910/dvn/1wzcea/55go8x,cbq_binary_q6.stan,Xiao Lu
10.7910/dvn/mltzie/igpibi,table a3.do,Orit Kedar; Liran Harsgor; Or Tuttnauer
10.7910/dvn/gapiqo/ixi7xx,README.txt,Sebastian Juhl; David Hilpert
10.7910/dvn/dtbwgp,Replication Data for `Divergent Perceptions of Peace in Post-Conflict Societies: Insights from Sri Lanka',Sabine C. Carey
10.7910/dvn/kps1ky/rnil3v,recode_sum_indicators_akker.do,Alexander Wuttke; Christian Schimpf; Harald Schoen
10.7910/dvn/kps1ky/u9w8ss,bes_master.do,Alexander Wuttke; Christian Schimpf; Harald Schoen
10.7910/dvn/a48jp7/ddojtp,dataQ.tab,Emmy Lindstam; Matthias Mader; Harald Schoen
10.7910/dvn/nhsjmj/2jxnht,replication_backlash_figure_4A.R,Richard Traunmueller
10.7910/dvn/1wzcea/tzdrkv,cbq_vote_q4.RData,Xiao Lu
10.7910/dvn/1wzcea/ph9yrk,cbq_vote_AN_q6.R,Xiao Lu
10.7910/dvn/kps1ky/nnhtuv,analyis_appendix_S6_sartori_simulation.do,Alexander Wuttke; Christian Schimpf; Harald Schoen
10.7910/dvn/nvkq5v/jwerof,DATA_wide.dta,Matthias Mader
10.7910/dvn/gec2ls/xzemw3,Tab_A10.tex,Lucas Leemann; Richard Traunmueller; Lukas F. Stoetzer
10.7910/dvn/csx1vl/jmt7tp,FigureA14a.pdf,Thomas König; Guido Ropers; Anika Buchmann
10.7910/dvn/jbogc9/t9ee2b,2_1_analysis.do,Andreas Gerster; Manuel Frondel; Colin Vance
10.7910/dvn/1wzcea/le3trr,cbq4.0_q9.stan,Xiao Lu
10.7910/dvn/1wzcea/nbcvav,cbq4.0_q4.stan,Xiao Lu
10.7910/dvn/jqlnct,Replication Data for: 'Bringing the World to the Classroom: Teaching Statistics and Programming in a Project-Based Setting',Cosima Meyer
10.7910/dvn/kps1ky/lmxlwn,recode_bollen_akker.do,Alexander Wuttke; Christian Schimpf; Harald Schoen
10.7910/dvn/nhsjmj/7fsyhu,replication_backlash_function_ACDE_subgroup_2.R,Richard Traunmueller
10.7910/dvn/cy7ywe/qs6ku6,SI_FigC.3.1.pdf,Sebastian Juhl
10.7910/dvn/ldumny/3cvfhb,INSTRUCTIONS.txt,Paul Cornelius Bauer; Florian Keusch; Frauke Kreuter
10.7910/dvn/nhsjmj/c4n1ii,figure_3.pdf,Richard Traunmueller
10.7910/dvn/kps1ky/zwrv05,recode_1D_populism.do,Alexander Wuttke; Christian Schimpf; Harald Schoen
10.7910/dvn/1xgqf2,"Replication Data for: ""Using party press releases and Wikipedia page view data to analyse developments and determinants of parties’ issue prevalence: Evidence for the right-wing populist ‘Alternative for Germany’",Marc Debus; Christopher Florczak
10.7910/dvn/kps1ky/xxswhs,reproducible_code_CastanhoSilvaetAl.Rmd,Alexander Wuttke; Christian Schimpf; Harald Schoen
10.7910/dvn/gec2ls/lznnmy,Fig_A2.pdf,Lucas Leemann; Richard Traunmueller; Lukas F. Stoetzer
10.7910/dvn/gec2ls/mkm0r0,30AAC00B,Lucas Leemann; Richard Traunmueller; Lukas F. Stoetzer
10.7910/dvn/gec2ls/6hs1o2,00_DataCleaner_asymmetric_variance.R,Lucas Leemann; Richard Traunmueller; Lukas F. Stoetzer
10.7910/dvn/1wzcea/55brlm,cbq_binary_q8.RData,Xiao Lu
10.7910/dvn/csx1vl/uwjil0,FigureA11a.pdf,Thomas König; Guido Ropers; Anika Buchmann
10.7910/dvn/mb2uku/ewziik,analysis_afd_voting_individual_level.do,Kai Jäger
10.7910/dvn/cy7ywe/jxcjyv,run,Sebastian Juhl
10.7910/dvn/pls50o/io0lcc,sim_know_cfk_margin.do,Shaun Bowler; Thomas Gschwend; Indridi Indridason
10.7910/dvn/1wzcea/4rmdje,cbq4.0_q6.stan,Xiao Lu
10.7910/dvn/gec2ls/fdbtzi,02_BeliefsMLE_covariates.r,Lucas Leemann; Richard Traunmueller; Lukas F. Stoetzer
10.7910/dvn/nhsjmj/emsqb7,replication_backlash_figure_8B.R,Richard Traunmueller
10.7910/dvn/nhsjmj/zgw7tg,describe_sample_age.csv,Richard Traunmueller
10.7910/dvn/nhsjmj/0h7vz3,ACME_main_results_lib_footnote_9.csv,Richard Traunmueller
10.7910/dvn/1wzcea/0rvbe2,cbq_function.R,Xiao Lu
10.7910/dvn/nhsjmj/iuosiv,replication_backlash_function_ANDE.R,Richard Traunmueller
10.7910/dvn/gec2ls/mad19v,Tab_A7_b.tex,Lucas Leemann; Richard Traunmueller; Lukas F. Stoetzer
10.7910/dvn/kps1ky/hvquo6,recode_sum_indicators.do,Alexander Wuttke; Christian Schimpf; Harald Schoen
10.7910/dvn/nhsjmj/adhkbv,table_S6_welfare.csv,Richard Traunmueller
10.7910/dvn/nhsjmj/nih5zg,replication_backlash_figure_8D.R,Richard Traunmueller
10.7910/dvn/1wzcea/cywglx,cbq_binary_q9.stan,Xiao Lu
10.7910/dvn/1wzcea/aogpph,cbq_ms_q7_s.R,Xiao Lu
10.7910/dvn/nhsjmj/llaxur,replication_backlash_secular_christians.R,Richard Traunmueller
10.7910/dvn/1wzcea/p3vcfm,pred_voteshare.RData,Xiao Lu
10.7910/dvn/nvkq5v/frtzvz,01_Table2_Table3.do,Matthias Mader
10.7910/dvn/nhsjmj/cuqblf,figure_2.pdf,Richard Traunmueller
10.7910/dvn/nhsjmj/1zfycl,replication_backlash_correlations_authoritarian.R,Richard Traunmueller
10.7910/dvn/al0v9k,Replication data for: Foreign Anti-Mainstream Propaganda and Democratic Publics,Matthias Mader; Nikolay Marinov; Harald Schoen
10.7910/dvn/csx1vl/jvfacb,Figure2b.pdf,Thomas König; Guido Ropers; Anika Buchmann
10.7910/dvn/nhsjmj/7guplv,figure_S6.pdf,Richard Traunmueller
10.7910/dvn/1wzcea/hxocyk,cbq4.0_q8.stan,Xiao Lu
10.7910/dvn/1wzcea/fwoqdw,cbq_leg_q1.R,Xiao Lu
10.7910/dvn/csx1vl/n8bkq0,02_appendix.R,Thomas König; Guido Ropers; Anika Buchmann
10.7910/dvn/1wzcea/bsy3km,figure1_appendix.pdf,Xiao Lu
10.7910/dvn/gec2ls/z4dwgp,CDDE17A4,Lucas Leemann; Richard Traunmueller; Lukas F. Stoetzer
10.7910/dvn/1wzcea/ihb9ei,cbq_binary_q2.RData,Xiao Lu
10.7910/dvn/nhsjmj/grvkdp,ACME_main_results.csv,Richard Traunmueller
10.7910/dvn/nhsjmj/sqz4ur,ACME_christian_immigrants.csv,Richard Traunmueller
10.7910/dvn/nhsjmj/nnqq36,replication_backlash_figure_S6.R,Richard Traunmueller
10.7910/dvn/1wzcea/wz9u6x,formation_new.tab,Xiao Lu
10.7910/dvn/kps1ky/gy2got,AnIndex,Alexander Wuttke; Christian Schimpf; Harald Schoen
10.7910/dvn/nvkq5v/x0qnki,09_Figure_A3_2.do,Matthias Mader
10.7910/dvn/gec2ls/rthdrt,Tab_A9_d.tex,Lucas Leemann; Richard Traunmueller; Lukas F. Stoetzer
10.7910/dvn/7qne9o/savice,MPDS2012b_withSEandLogitSE.tab,Will Lowe; Kenneth Benoit; Slava Mikhaylov; Michael Laver
10.7910/dvn/kps1ky/zluriu,schulz_master.do,Alexander Wuttke; Christian Schimpf; Harald Schoen
10.7910/dvn/cy7ywe/c97yuq,SI_FigC.6.1.pdf,Sebastian Juhl
10.7910/dvn/nhsjmj/kvqvzu,replication_backlash_secular_muslims.R,Richard Traunmueller
10.7910/dvn/nhsjmj/qcnlru,ACME_reverse_causality.csv,Richard Traunmueller
10.7910/dvn/cy7ywe/byjvmw,Tab3.txt,Sebastian Juhl
10.7910/dvn/7qne9o/oubnxw,CMP_BLM2009_logitscaleSE.tab,Will Lowe; Kenneth Benoit; Slava Mikhaylov; Michael Laver
10.7910/dvn/nhsjmj/ptzbn8,replication_backlash_figure_3.R,Richard Traunmueller
10.7910/dvn/nhsjmj/ekmt5k,replication_backlash_function_ACME.R,Richard Traunmueller
10.7910/dvn/kps1ky/i9evdk,scripts-repos-cache.R,Alexander Wuttke; Christian Schimpf; Harald Schoen
10.7910/dvn/6vya0u,Replication Data for: Everyday Discrimination in Public Spaces: A Field Experiment in the Milan Metro,Johanna Gereke
10.7910/dvn/mltzie/vkuwdk,table 1.do,Orit Kedar; Liran Harsgor; Or Tuttnauer
10.7910/dvn/gec2ls/qrojqb,FD142401,Lucas Leemann; Richard Traunmueller; Lukas F. Stoetzer
10.7910/dvn/csx1vl/4fmjou,sample.tab,Thomas König; Guido Ropers; Anika Buchmann
10.7910/dvn/kps1ky/c1g0rp,bes_touched.tab,Alexander Wuttke; Christian Schimpf; Harald Schoen
10.7910/dvn/nhsjmj/bgjpon,ACME_devout_muslims.csv,Richard Traunmueller
10.7910/dvn/csx1vl/stcvzd,FigureA13b.pdf,Thomas König; Guido Ropers; Anika Buchmann
10.7910/dvn/nhsjmj/duu5ly,cronbach_p_26.csv,Richard Traunmueller
10.7910/dvn/1wzcea/xiafif,cbq_ms_q7.R,Xiao Lu
10.7910/dvn/nhsjmj/ooxf1x,ACME_devout_christians.csv,Richard Traunmueller
10.7910/dvn/1wzcea/gv0byo,figure2_2.pdf,Xiao Lu
10.7910/dvn/gec2ls/86l0kc,AF94BA8C,Lucas Leemann; Richard Traunmueller; Lukas F. Stoetzer
10.7910/dvn/gec2ls/wb6un0,00_DataCleaner_asymmetric.R,Lucas Leemann; Richard Traunmueller; Lukas F. Stoetzer
10.7910/dvn/kps1ky/e8b6yb,recode_bollen_cses.do,Alexander Wuttke; Christian Schimpf; Harald Schoen
10.7910/dvn/kps1ky/q8qdcp,DatatUsageAgreement.PDF,Alexander Wuttke; Christian Schimpf; Harald Schoen
10.7910/dvn/jloq6v/rikicm,01_Results.do,Matthias Mader; Maria Pesthy; Harald Schoen
10.7910/dvn/nhsjmj/9qpjzg,figure_8B.pdf,Richard Traunmueller
10.7910/dvn/1wzcea/dflinz,cbq_leg_q2.R,Xiao Lu
10.7910/dvn/1wzcea,Replication Data for: Discrete Choice Data with Unobserved Heterogeneity: A Conditional Binary Quantile Model,Xiao Lu
10.7910/dvn/nhsjmj/vhypaq,ANDE_main_results_lib_footnote_9.csv,Richard Traunmueller
10.7910/dvn/kps1ky/bxfsev,Reference_LISS_3.0.pdf,Alexander Wuttke; Christian Schimpf; Harald Schoen
10.7910/dvn/1wzcea/igcbe2,cbq_binary_q8.stan,Xiao Lu
10.7910/dvn/cgxpf5,"Replication Data for: ""Bilateral or Multilateral? International Financial Flows and the Dirty-Work Hypothesis""",Valentin Lang; Axel Dreher; B. Peter Rosendorff; James Raymond Vreeland
10.7910/dvn/lzhtbe/7ijhfa,StrikesCoups_Figure2.tab,Adam Scharpf; Christian Gläßel; Belén González
10.7910/dvn/1wzcea/of9r4h,figure6.pdf,Xiao Lu
10.7910/dvn/0k34r2,"Replication Data for ""Borders and Bullies: How Borders shape Perceptions of Security and Foreign Policy Preference""",Sabine C. Carey
10.7910/dvn/1wzcea/d9uyob,cbq_leg_q9.R,Xiao Lu
10.7910/dvn/1wzcea/f45vak,cbq_ms_q8_s.R,Xiao Lu
10.7910/dvn/ldumny/v0ok5j,final manuscript.Rmd,Paul Cornelius Bauer; Florian Keusch; Frauke Kreuter
10.7910/dvn/ldumny,Reproduction files for: Trust and cooperative behavior: Evidence from the realm of data-sharing,Paul Cornelius Bauer; Florian Keusch; Frauke Kreuter
10.7910/dvn/jloq6v/d5pjzw,readme.txt,Matthias Mader; Maria Pesthy; Harald Schoen
10.7910/dvn/mb2uku/x68osk,analysis_biw_voting_precinct_level.do,Kai Jäger
10.7910/dvn/csx1vl/iifmtf,log_appendix.txt,Thomas König; Guido Ropers; Anika Buchmann
10.7910/dvn/1wzcea/ey0bun,cbq4.0_q7.stan,Xiao Lu
10.7910/dvn/prxhpm/ezilyv,1_simprogram.do,Lars Leszczensky; Tobias Wolbring
10.7910/dvn/a48jp7/c1dcwp,esem_RS.inp,Emmy Lindstam; Matthias Mader; Harald Schoen
10.7910/dvn/gec2ls/lonjbi,DEAE19C1,Lucas Leemann; Richard Traunmueller; Lukas F. Stoetzer
10.7910/dvn/cy7ywe/phjsx6,SI_FigC.7.1.pdf,Sebastian Juhl
10.7910/dvn/csx1vl/zbfb5g,TableA2.tex,Thomas König; Guido Ropers; Anika Buchmann
10.7910/dvn/nhsjmj/fgdxrk,replication_backlash_figure_S5.R,Richard Traunmueller
10.7910/dvn/kps1ky/rs9cy0,fes_recoding.do,Alexander Wuttke; Christian Schimpf; Harald Schoen
10.7910/dvn/gec2ls/7gd9wg,fun_utilities.R,Lucas Leemann; Richard Traunmueller; Lukas F. Stoetzer
10.7910/dvn/jloq6v,"Reproduction files for: Conceptions of national identity, turnout and party preference",Matthias Mader; Maria Pesthy; Harald Schoen
10.7910/dvn/kps1ky/rtm4cz,anes_recoding.do,Alexander Wuttke; Christian Schimpf; Harald Schoen
10.7910/dvn/nhsjmj/j8s3qa,replication_backlash_ACDE_devout_muslims.R,Richard Traunmueller
10.7910/dvn/1wzcea/lmmev8,origin_coalition.R,Xiao Lu
10.7910/dvn/gec2ls/qwxhua,C7BA035F,Lucas Leemann; Richard Traunmueller; Lukas F. Stoetzer
10.7910/dvn/kps1ky/lx7x4g,fes_master.do,Alexander Wuttke; Christian Schimpf; Harald Schoen
10.7910/dvn/csx1vl/vbrc0w,FigureA7a.pdf,Thomas König; Guido Ropers; Anika Buchmann
10.7910/dvn/kps1ky/vwwsjs,silva_recode_1D_populism.do,Alexander Wuttke; Christian Schimpf; Harald Schoen
10.7910/dvn/cy7ywe/ihcsgc,Tab4.txt,Sebastian Juhl
10.7910/dvn/gec2ls/kgetmb,Tab_A4.tex,Lucas Leemann; Richard Traunmueller; Lukas F. Stoetzer
10.7910/dvn/kps1ky/akd1up,ZA6804_v4-0-0_nonMV.dta,Alexander Wuttke; Christian Schimpf; Harald Schoen
10.7910/dvn/kps1ky/kfwm5r,recode_sem_indicators_3D.do,Alexander Wuttke; Christian Schimpf; Harald Schoen
10.7910/dvn/nhsjmj/cq53sw,table_S6_office.csv,Richard Traunmueller
10.7910/dvn/lxmyv6/bcdwl6,eventstudy.do,Kurt Schmidheiny; Siegloch Sebastian
10.7910/dvn/nhsjmj/ltpjxa,replication_backlash_figure_7C.R,Richard Traunmueller
10.7910/dvn/gec2ls/9cw9jk,.Rhistory,Lucas Leemann; Richard Traunmueller; Lukas F. Stoetzer
10.7910/dvn/nhsjmj/i3vfff,replication_backlash_office.R,Richard Traunmueller
10.7910/dvn/cy7ywe/bmzylx,Fig2.pdf,Sebastian Juhl
10.7910/dvn/nhsjmj/3xwuip,ACDE_devout_christians.csv,Richard Traunmueller
10.7910/dvn/kps1ky/pfclvt,ci.html,Alexander Wuttke; Christian Schimpf; Harald Schoen
10.7910/dvn/1wzcea/oipwbd,cbq4.0_q2.stan,Xiao Lu
10.7910/dvn/mdhsxp,"Replication Data for: ""Scaling Court Decisions with Citation Networks""",Christian Arnold; Benjamin G. Engst; Thomas Gschwend
10.7910/dvn/1wzcea/rignzx,cbq4.0_q1.stan,Xiao Lu
10.7910/dvn/mltzie/pgsvnn,KHT_controls.tab,Orit Kedar; Liran Harsgor; Or Tuttnauer
10.7910/dvn/1wzcea/mpubmx,cbq_vote_AN_q4.R,Xiao Lu
10.7910/dvn/1wzcea/qnagmx,cbq4.0_q9.stan,Xiao Lu
10.7910/dvn/gec2ls/ud1uij,Tab_A7_a.tex,Lucas Leemann; Richard Traunmueller; Lukas F. Stoetzer
10.7910/dvn/csx1vl/o0vpit,FigureA7b.pdf,Thomas König; Guido Ropers; Anika Buchmann
10.7910/dvn/by4obr,Replication Data for: Understanding Journalist Killings,Sabine C. Carey; Anita Gohdes
10.7910/dvn/nhsjmj/r1duvm,figure_S4.pdf,Richard Traunmueller
10.7910/dvn/kps1ky/grlsiv,lockfile.R,Alexander Wuttke; Christian Schimpf; Harald Schoen
10.7910/dvn/1wzcea/xok4zl,cbq_ms_q4.R,Xiao Lu
10.7910/dvn/cy7ywe/timczg,LICENSE,Sebastian Juhl
10.7910/dvn/mltzie/asi1jc,figure 5.do,Orit Kedar; Liran Harsgor; Or Tuttnauer
10.7910/dvn/mgm5qy,Replication Data for: The Gendered Costs of Stigma: How Experiences of Conflict-Related Sexual Violence Encourage Civic Engagement for Women and Men,Carlo Koos; Richard Traunmueller
10.7910/dvn/prxhpm/vv0iol,_simulation_master.do,Lars Leszczensky; Tobias Wolbring
10.7910/dvn/gapiqo/o4q5pc,JuhlHilpertMainRep.log,Sebastian Juhl; David Hilpert
10.7910/dvn/jbogc9/sbpux6,ReadMe.docx,Andreas Gerster; Manuel Frondel; Colin Vance
10.7910/dvn/nhsjmj/tgpe7l,replication_backlash_ACDE_muslim_natives.R,Richard Traunmueller
10.7910/dvn/nhsjmj/5veqfg,sensitivity_R2.csv,Richard Traunmueller
10.7910/dvn/nhsjmj/yjoy7v,replication_backlash_recode.R,Richard Traunmueller
10.7910/dvn/mltzie/ybl1kd,KHT codebooks.docx,Orit Kedar; Liran Harsgor; Or Tuttnauer
10.7910/dvn/gec2ls/lzipuw,B123A478,Lucas Leemann; Richard Traunmueller; Lukas F. Stoetzer
10.7910/dvn/jbogc9/ffloxv,2019_6_5_descriptive_statistics.log,Andreas Gerster; Manuel Frondel; Colin Vance
10.7910/dvn/nhsjmj/xvkzza,population_shares_p_25.csv,Richard Traunmueller
10.7910/dvn/amdmmu,"Replication Data for ""Rebel Recruitment and Migration: Theory and Evidence From Southern Senegal""",Max Schaub; Daniel Auer
10.7910/dvn/kps1ky/mmv1zi,master_all.do,Alexander Wuttke; Christian Schimpf; Harald Schoen
10.7910/dvn/mb2uku/cp3lsn,analysis_warning_signs_ri.R,Kai Jäger
10.7910/dvn/csx1vl/tviffx,FigureA5.pdf,Thomas König; Guido Ropers; Anika Buchmann
10.7910/dvn/nhsjmj/ww2nd8,ANDE_reverse_causality.csv,Richard Traunmueller
10.7910/dvn/dgoqwh/wxuwnf,ReplicationFile_SpoilersofPeace.do,Sabine C. Carey; Christoph Steinert; Janina Steinert
10.7910/dvn/nhsjmj/dtgckb,replication_backlash_figure_8A.R,Richard Traunmueller
10.7910/dvn/669z5l/xw7nfd,posterior_mcss.txt,Thomas König; Moritz Marbach; Moritz Osnabrügge
10.7910/dvn/kps1ky/1j2z4c,BES_2017F2f_Post-electionV1.3.tab,Alexander Wuttke; Christian Schimpf; Harald Schoen
10.7910/dvn/kps1ky/m3wzyc,Liss_master.do,Alexander Wuttke; Christian Schimpf; Harald Schoen
10.7910/dvn/1wzcea/y8eyfe,cbq_q8.RData,Xiao Lu
10.7910/dvn/nhsjmj/fqzpji,figure_7C.pdf,Richard Traunmueller
10.7910/dvn/cy7ywe/3mow6i,Results.R,Sebastian Juhl
10.7910/dvn/1wzcea/g44klf,cbq_leg_q9_s.R,Xiao Lu
10.7910/dvn/azfhyn/fhs98x,Replication.do,Christian Gläßel; Katrin Paula
10.7910/dvn/nhsjmj/ywizub,ACME_muslim_natives.csv,Richard Traunmueller
10.7910/dvn/nhsjmj/rb4feu,replication_backlash_radical_christians.R,Richard Traunmueller
10.7910/dvn/kps1ky/3qgp1w,renv,Alexander Wuttke; Christian Schimpf; Harald Schoen
10.7910/dvn/1wzcea/5pus2f,cbq_vote_AN_q8.R,Xiao Lu
10.7910/dvn/kps1ky/9kfdom,lockfile.Rmd,Alexander Wuttke; Christian Schimpf; Harald Schoen
10.7910/dvn/kps1ky/l8u3bg,data.merged_mar17.tab,Alexander Wuttke; Christian Schimpf; Harald Schoen
10.7910/dvn/kps1ky/wh29p4,docker.Rmd,Alexander Wuttke; Christian Schimpf; Harald Schoen
10.7910/dvn/azfhyn,"Replication Data for: Sometimes Less Is More: Censorship, News Falsification, and Disapproval in 1989 East Germany",Christian Gläßel; Katrin Paula
10.7910/dvn/jloq6v/btn4mk,Data_final.tab,Matthias Mader; Maria Pesthy; Harald Schoen
10.7910/dvn/1wzcea/dlzsnb,cbq_binary_q3.stan,Xiao Lu
10.7910/dvn/pygbdo,Parliaments day-by-day,Tomas Turner‐Zwinkels; Oliver Huywler; Elena Frech; Philip Manow; Stefanie Bailer; Niels D. Goet; Simon Hug
10.7910/dvn/gec2ls/nfulxz,FC6243C3,Lucas Leemann; Richard Traunmueller; Lukas F. Stoetzer
10.7910/dvn/kps1ky/gs8qwx,relevant variables.tab,Alexander Wuttke; Christian Schimpf; Harald Schoen
10.7910/dvn/1wzcea/txurnm,table2.csv,Xiao Lu
10.7910/dvn/nhsjmj/qstegx,replication_backlash_mean_comparisons.R,Richard Traunmueller
10.7910/dvn/nhsjmj/43viqj,ANDE_main_results.csv,Richard Traunmueller
10.7910/dvn/kps1ky/vqtqg2,10002_da_en_v1_0.tab,Alexander Wuttke; Christian Schimpf; Harald Schoen
10.7910/dvn/csx1vl/sthbqb,FigureA10b.pdf,Thomas König; Guido Ropers; Anika Buchmann
10.7910/dvn/csx1vl/l0uxgg,function_plot_gsynth.R,Thomas König; Guido Ropers; Anika Buchmann
10.7910/dvn/kps1ky/czlokz,recode_sartori_akker.do,Alexander Wuttke; Christian Schimpf; Harald Schoen
10.7910/dvn/kps1ky/ukwtwa,load_data.do,Alexander Wuttke; Christian Schimpf; Harald Schoen
10.7910/dvn/1wzcea/l7g9cy,cbq_vote_AN_q4_s.R,Xiao Lu
10.7910/dvn/nhsjmj/nbcbvc,ANDE_welfare.csv,Richard Traunmueller
10.7910/dvn/gec2ls/vogn2a,files-pane.pper,Lucas Leemann; Richard Traunmueller; Lukas F. Stoetzer
10.7910/dvn/1wzcea/zo9ruw,cbq_vote_q2.RData,Xiao Lu
10.7910/dvn/1wzcea/9g4uxz,figure6_appendix.pdf,Xiao Lu
10.7910/dvn/cjuwrl,Replication Data for: A Large-Scale Field Experiment to Reduce Non-Payments for Water: From Diagnosis to Treatment,Bettina Rockenbach; Sebastian Tonke; Arne R. Weiss
10.7910/dvn/1wzcea/swbqew,cbq_vote_AN_q3.R,Xiao Lu
10.7910/dvn/1wzcea/dt1mfr,figure1_1.pdf,Xiao Lu
10.7910/dvn/mb2uku/xuanzt,analysis_afd_voting_precinct_level.do,Kai Jäger
10.7910/dvn/gec2ls/jpzaqn,"Prior_Elicitation_0704_asymmetric_larger_variance_July+6,+2019_10.14.tab",Lucas Leemann; Richard Traunmueller; Lukas F. Stoetzer
10.7910/dvn/jbogc9/lzautn,codebook_immo_transaction.log,Andreas Gerster; Manuel Frondel; Colin Vance
10.7910/dvn/1wzcea/5ahtzg,cbq_leg_q7.R,Xiao Lu
10.7910/dvn/cy7ywe/las88b,Tab2.txt,Sebastian Juhl
10.7910/dvn/gec2ls/4ctcph,"Prior_Elicitation_0704_symmetric_larger_variance_July+6,+2019_10.13.tab",Lucas Leemann; Richard Traunmueller; Lukas F. Stoetzer
10.7910/dvn/lzhtbe/kaiddi,readme.txt,Adam Scharpf; Christian Gläßel; Belén González
10.7910/dvn/csx1vl,Replication Data for: Comparative Politics and Causal Evaluation of Structural Reforms: The Case of the UK National Minimum Wage Introduction,Thomas König; Guido Ropers; Anika Buchmann
10.7910/dvn/kps1ky/bdxzvv,autnes_master.do,Alexander Wuttke; Christian Schimpf; Harald Schoen
10.7910/dvn/nhsjmj/ujx5vf,replication_backlash_figure_8C.R,Richard Traunmueller
10.7910/dvn/1wzcea/qyawti,cbq_leg_q4.R,Xiao Lu
10.7910/dvn/1wzcea/bx2hsy,cbq_q7.RData,Xiao Lu
10.7910/dvn/22bgvu/63fomk,questionnaire_393844_de.html,Thomas Bräuninger; Marc Debus; Jochen Müller; Christian Stecker
10.7910/dvn/1wzcea/yxbnm8,cbq_binary_q1.RData,Xiao Lu
10.7910/dvn/csx1vl/njcygb,FigureA4a.pdf,Thomas König; Guido Ropers; Anika Buchmann
10.7910/dvn/kps1ky/vivsdz,INDEX,Alexander Wuttke; Christian Schimpf; Harald Schoen
10.7910/dvn/gec2ls/swgnz2,03_BeliefsMLE_addon.R,Lucas Leemann; Richard Traunmueller; Lukas F. Stoetzer
10.7910/dvn/mltzie/ige5eh,presidential_data.tab,Orit Kedar; Liran Harsgor; Or Tuttnauer
10.7910/dvn/gec2ls/gpns4c,40D096FA,Lucas Leemann; Richard Traunmueller; Lukas F. Stoetzer
10.7910/dvn/kps1ky/1mk55r,populism_touched.dta,Alexander Wuttke; Christian Schimpf; Harald Schoen
10.7910/dvn/1wzcea/gct7y4,nes9212r.asc,Xiao Lu
10.7910/dvn/1wzcea/xnqhms,cbq_q5.RData,Xiao Lu
10.7910/dvn/g0w9mh/3lo8jw,cleandata_frontiers.tab,Johanna Gereke
10.7910/dvn/1wzcea/x6gpyr,cbq_ms_q3_s.R,Xiao Lu
10.7910/dvn/1wzcea/vxjksq,cbq_binary_q2.stan,Xiao Lu
10.7910/dvn/1wzcea/mk9zay,cbq_vote_AN_q2.R,Xiao Lu
10.7910/dvn/nhsjmj/vkdu1v,replication_backlash_function_ACDE.R,Richard Traunmueller
10.7910/dvn/gec2ls/4snn55,00_DataCleaner_nachtrag_asym.R,Lucas Leemann; Richard Traunmueller; Lukas F. Stoetzer
10.7910/dvn/kps1ky/jq84ej,renv.R,Alexander Wuttke; Christian Schimpf; Harald Schoen
10.7910/dvn/cy7ywe/cctfvl,.gitignore,Sebastian Juhl
10.7910/dvn/gec2ls/u5hxsi,Tab_A7_d.tex,Lucas Leemann; Richard Traunmueller; Lukas F. Stoetzer
10.7910/dvn/cy7ywe/etcten,Fig1.pdf,Sebastian Juhl
10.7910/dvn/kps1ky/alyghe,List_of_variables.tab,Alexander Wuttke; Christian Schimpf; Harald Schoen
10.7910/dvn/kps1ky/pjdgxh,lockfile.html,Alexander Wuttke; Christian Schimpf; Harald Schoen
10.7910/dvn/gj0gai,Replication Data for: How Party Competition Shapes Ethnic Parties’ Positions on Migration and Immigration,Marc Debus; Felix Schulte
10.7910/dvn/nhsjmj/rhqqri,replication_backlash_main_ANDE.R,Richard Traunmueller
10.7910/dvn/csx1vl/a2hxy3,FigureA12a.pdf,Thomas König; Guido Ropers; Anika Buchmann
10.7910/dvn/gec2ls/sqewmh,saved_source_markers,Lucas Leemann; Richard Traunmueller; Lukas F. Stoetzer
10.7910/dvn/pls50o/lnixul,ZA5859_en_v2-0-1.dta,Shaun Bowler; Thomas Gschwend; Indridi Indridason
10.7910/dvn/kps1ky/gaespw,r_sem.R,Alexander Wuttke; Christian Schimpf; Harald Schoen
10.7910/dvn/kps1ky/zs7gt6,silva_appendix_s10_trust.do,Alexander Wuttke; Christian Schimpf; Harald Schoen
10.7910/dvn/98anea,"Replication Data for: ""Teacher Performance Pay and Student Learning: Evidence from a Nationwide Program in Peru”. Economic Development and Cultural Change",María Cristina Lombardi; Cristina Bellés‐Obrero
10.7910/dvn/1wzcea/zf8h1i,README.txt,Xiao Lu
10.7910/dvn/7qne9o/j6eceq,MPDS2012b_makeSEandLogitSEdata.R,Will Lowe; Kenneth Benoit; Slava Mikhaylov; Michael Laver
10.7910/dvn/kps1ky/9li7n2,collaborating.html,Alexander Wuttke; Christian Schimpf; Harald Schoen
10.7910/dvn/1wzcea/c8ywii,cbq4.0_q3.stan,Xiao Lu
10.7910/dvn/1wzcea/2rob57,cbq_q3.RData,Xiao Lu
10.7910/dvn/1wzcea/elrnmq,cbq_ms_q9.R,Xiao Lu
10.7910/dvn/nhsjmj/9mrd5c,replication_backlash_balance_check.R,Richard Traunmueller
10.7910/dvn/nhsjmj/j1gkmf,ACME_muslim_immigrants.csv,Richard Traunmueller
10.7910/dvn/ldumny/0niqw1,references.bib,Paul Cornelius Bauer; Florian Keusch; Frauke Kreuter
10.7910/dvn/pls50o/ceysjw,README.txt,Shaun Bowler; Thomas Gschwend; Indridi Indridason
10.7910/dvn/1wzcea/el4k9m,ms_vis.R,Xiao Lu
10.7910/dvn/kps1ky,Replication Data for: 'When the Whole is Greater Than the Sum of its Parts: On the Concept and Measurement of Populist Attitudes and Other Multi-dimensional Constructs',Alexander Wuttke; Christian Schimpf; Harald Schoen
10.7910/dvn/jbogc9/pfyyic,codebook_immo.log,Andreas Gerster; Manuel Frondel; Colin Vance
10.7910/dvn/mltzie/wk4o2m,KHT_elecresults_lowerbound.tab,Orit Kedar; Liran Harsgor; Or Tuttnauer
10.7910/dvn/cy7ywe/04gqf3,output,Sebastian Juhl
10.7910/dvn/1wzcea/hdomxg,cbq_leg_q8.R,Xiao Lu
10.7910/dvn/pls50o,"Replication material for ""Coalition Policy Perceptions""",Shaun Bowler; Thomas Gschwend; Indridi Indridason
10.7910/dvn/4lgsoy,"Replication Data for Immigration, Integration and Cooperation: Experimental Evidence from a Public Goods Game in Italy",Johanna Gereke
10.7910/dvn/mb2uku/uu0xtx,survey.tab,Kai Jäger
10.7910/dvn/pls50o/j6aobe,sim_new_cfk_i.do,Shaun Bowler; Thomas Gschwend; Indridi Indridason
10.7910/dvn/1wzcea/mljjhm,cbq_q6.RData,Xiao Lu
10.7910/dvn/1wzcea/dwtbik,cbq_leg_q2_s.R,Xiao Lu
10.7910/dvn/fflnyr,"Replication Data for: ""Advocates of Climate Action? The Age of Members of Parliament and their Activity in Legislative Debates on Climate Change""",Marc Debus; Noam Himmelrath
10.7910/dvn/cy7ywe/vzdrms,SI_TabB.1.txt,Sebastian Juhl
10.7910/dvn/gec2ls/oxn0sx,AAAA1EBD,Lucas Leemann; Richard Traunmueller; Lukas F. Stoetzer
10.7910/dvn/juvcnj/6wsqxz,Paasch-Stecker_Supplementary-Materials.pdf,Jana Paasch; Christian Stecker
10.7910/dvn/cy7ywe/vjrzft,SI_FigC.1.1.pdf,Sebastian Juhl
10.7910/dvn/kps1ky/mpmzf3,gles_recoding.do,Alexander Wuttke; Christian Schimpf; Harald Schoen
10.7910/dvn/prxhpm/3ucl6s,3_tables_FD-AB-MLSEM.do,Lars Leszczensky; Tobias Wolbring
10.7910/dvn/khut6x,Replication Data for: Environmental Pollution and Authoritarian Politics,Carlo M. Horz; Moritz Marbach; Christoph Steinert
10.7910/dvn/kps1ky/ewqabi,local-sources.Rmd,Alexander Wuttke; Christian Schimpf; Harald Schoen
10.7910/dvn/1wzcea/ofxt5a,cbq_binary_q1.stan,Xiao Lu
10.7910/dvn/gec2ls/nt8xot,Prior_Elicitation_1803_symmetric.tab,Lucas Leemann; Richard Traunmueller; Lukas F. Stoetzer
10.7910/dvn/nhsjmj/teiwjz,p_footnote_6.csv,Richard Traunmueller
10.7910/dvn/nhsjmj/ok65te,READ ME.rtf,Richard Traunmueller
10.7910/dvn/nhsjmj/ff65cp,ACME_christian_natives.csv,Richard Traunmueller
10.7910/dvn/pls50o/3iti3v,sim_know_cfk_margin_banz.do,Shaun Bowler; Thomas Gschwend; Indridi Indridason
10.7910/dvn/gec2ls/lfvhxi,Tab_2_d.tex,Lucas Leemann; Richard Traunmueller; Lukas F. Stoetzer
10.7910/dvn/kps1ky/si28ro,vignette.rds,Alexander Wuttke; Christian Schimpf; Harald Schoen
10.7910/dvn/csx1vl/tprd2d,log_main.txt,Thomas König; Guido Ropers; Anika Buchmann
10.7910/dvn/nhsjmj/nmtxi3,replication_backlash_ACDE_radical_christians.R,Richard Traunmueller
10.7910/dvn/pgfoxw/gghpnt,Codebook_FigureSI25data.pdf,Adam Scharpf; Christian Gläßel
10.7910/dvn/22bgvu/zqqhac,expertsurvey.tab,Thomas Bräuninger; Marc Debus; Jochen Müller; Christian Stecker
10.7910/dvn/nhsjmj/sjtbel,sensitivity_comparison_R2.csv,Richard Traunmueller
10.7910/dvn/kps1ky/hngnwv,package.rds,Alexander Wuttke; Christian Schimpf; Harald Schoen
10.7910/dvn/1wzcea/qphrjt,cbq_function.R,Xiao Lu
10.7910/dvn/gec2ls/3xpqsz,Tab_A11.tex,Lucas Leemann; Richard Traunmueller; Lukas F. Stoetzer
10.7910/dvn/gec2ls/y7cpvm,589C5270,Lucas Leemann; Richard Traunmueller; Lukas F. Stoetzer
10.7910/dvn/azfhyn/kppu88,Codebook_Data_figure_2.pdf,Christian Gläßel; Katrin Paula
10.7910/dvn/1wzcea/ofoypo,prob_diff_GGG.tab,Xiao Lu
10.7910/dvn/cy7ywe/sssbwk,SI_FigC.4.1.pdf,Sebastian Juhl
10.7910/dvn/gec2ls/k1i7b0,02_BeliefsMLE_ind.r,Lucas Leemann; Richard Traunmueller; Lukas F. Stoetzer
10.7910/dvn/mb2uku/6ln7ga,analysis_survey_ri.R,Kai Jäger
10.7910/dvn/3kby7y,"Replication Data for: Maxwell, Helbling, Munzert &amp; Traunmueller: The importance of citizenship for deserving COVID-19 treatment.",Richard Traunmueller
10.7910/dvn/669z5l,Replication data for: Estimating Party Positions across Countries and Time - A Dynamic Latent Variable Model for Manifesto Data,Thomas König; Moritz Marbach; Moritz Osnabrügge
10.7910/dvn/azfhyn/jst5tp,readme.txt,Christian Gläßel; Katrin Paula
10.7910/dvn/gapiqo/pyo7h9,Juhl_Hilpert_Replication.zip,Sebastian Juhl; David Hilpert
10.7910/dvn/gec2ls/etacgy,Tab_A5.tex,Lucas Leemann; Richard Traunmueller; Lukas F. Stoetzer
10.7910/dvn/nhsjmj/wguoqy,ACME_secular_muslims.csv,Richard Traunmueller
10.7910/dvn/pls50o/htvaap,sweden.do,Shaun Bowler; Thomas Gschwend; Indridi Indridason
10.7910/dvn/1wzcea/t9lli3,master_coalition.R,Xiao Lu
10.7910/dvn/cy7ywe/fu35jl,README.txt,Sebastian Juhl
10.7910/dvn/mltzie/fyo4sg,KHT_elecresults_upperbound.tab,Orit Kedar; Liran Harsgor; Or Tuttnauer
10.7910/dvn/nhsjmj/vcc9pg,replication_backlash_sensitivity_analysis.R,Richard Traunmueller
10.7910/dvn/nhsjmj/vyucwz,figure_8A.pdf,Richard Traunmueller
10.7910/dvn/1wzcea/s4rcae,cbq_vote_AN_q7.R,Xiao Lu
10.7910/dvn/kps1ky/gnplt5,autnes_recoding.do,Alexander Wuttke; Christian Schimpf; Harald Schoen
10.7910/dvn/kps1ky/gdvlvt,recode_hawkins_higher_order.do,Alexander Wuttke; Christian Schimpf; Harald Schoen
10.7910/dvn/1wzcea/bgzst4,cbq_leg_q3_s.R,Xiao Lu
10.7910/dvn/5jj6oe,"Replication Data for: Monetary Policy, Markup Dispersion, and Aggregate TFP",Matthias Meier; Timo Reinelt
10.7910/dvn/nheqy4,Replication Data for: The Effects of Combating Corruption on Institutional Trust and Political Engagement: Evidence from Latin America,Mathias Poertner; Nan Zhang
10.7910/dvn/1wzcea/aetkgm,pred_vote_share_all_quantile.RData,Xiao Lu
10.7910/dvn/nhsjmj/13bapv,describe_sample_females.csv,Richard Traunmueller
10.7910/dvn/kps1ky/wczolm,recoding.do,Alexander Wuttke; Christian Schimpf; Harald Schoen
10.7910/dvn/csx1vl/dp6peh,Figure2a.pdf,Thomas König; Guido Ropers; Anika Buchmann
10.7910/dvn/1wzcea/fxrsyo,cbq_binary_q4.stan,Xiao Lu
10.7910/dvn/a48jp7,Replication Data for: Conceptions of National Identity and Ambivalence towards Immigration,Emmy Lindstam; Matthias Mader; Harald Schoen
10.7910/dvn/nhsjmj/rwmmsj,ACME_vote.csv,Richard Traunmueller
10.7910/dvn/gec2ls/6hwxtj,B03A2770,Lucas Leemann; Richard Traunmueller; Lukas F. Stoetzer
10.7910/dvn/1wzcea/qiqzai,cbq_vote_AN_q5.R,Xiao Lu
10.7910/dvn/mltzie/ysdiya,KHT_basiccode.do,Orit Kedar; Liran Harsgor; Or Tuttnauer
10.7910/dvn/1wzcea/8lwfgr,cbq_ms_q2.R,Xiao Lu
10.7910/dvn/1wzcea/twcu0f,cbq4.0_q5.stan,Xiao Lu
10.7910/dvn/nhsjmj/yfv7c9,replication_backlash_welfare.R,Richard Traunmueller
10.7910/dvn/nhsjmj/0berda,figure_4A.pdf,Richard Traunmueller
10.7910/dvn/0qxypf,"Reproduction files for ""Deliberative Qualities of Generic News Frames""",Eike Mark Rinke
10.7910/dvn/kps1ky/blczgy,bes_recoding.do,Alexander Wuttke; Christian Schimpf; Harald Schoen
10.7910/dvn/oppc8v,Impacts of linking savings group to formal financial service providers and strengthening their internal group insurance mechanism in Zambia,Markus Frölich; Linh Thuy Thi Nguyen
10.7910/dvn/nvkq5v/8tllle,05_Figure4.do,Matthias Mader
10.7910/dvn/nvkq5v/uhmnl7,DATA_Figure1.dta,Matthias Mader
10.7910/dvn/nsokzz,"Replication Data for: Populist Radical Parties, Pariahs, and Coalition Bargaining Delays",Marc Debus; Hanna Bäck; Michael Imre
10.7910/dvn/mycjsh,Replication Data for: 'Them' Without 'Us': Negative Identities and Affective Polarisation in Brazil,João Areal
10.7910/dvn/1wzcea/01ltsm,cbq_vote_q5.RData,Xiao Lu
10.7910/dvn/jbogc9/o5xnzd,2019_6_5_analyses_disclosure.log,Andreas Gerster; Manuel Frondel; Colin Vance
10.7910/dvn/mb2uku/dwfitc,Codebook.pdf,Kai Jäger
10.7910/dvn/ylbhax,Replication Data for: The Role of Topic Expertise for Interruption Behavior in Parliament - A Dyadic Approach,Julius Diener
10.7910/dvn/y5y6vd/5yv4xv,GAM.PNG,Alexander Wuttke; Gavras; Harald Schoen
10.7910/dvn/wmvc4u/bcx1zn,1_prepare_soep_data.do,Andreas Lichter; Max Löffler; Sebastian Siegloch
10.7910/dvn/wmvc4u/sva2xy,4_create_final_datasets.do,Andreas Lichter; Max Löffler; Sebastian Siegloch
10.7910/dvn/wmvc4u/9exuw0,Fig-C02.pdf,Andreas Lichter; Max Löffler; Sebastian Siegloch
10.7910/dvn/yy7xbx,Trial fairness before impact: Tracing the link between post-conflict trials and peace stability,Christoph Steinert
10.7910/dvn/y5y6vd/adgo0j,plotsFull_GAM_cohort_241.png,Alexander Wuttke; Gavras; Harald Schoen
10.7910/dvn/y5y6vd/lmkrbb,plotsFull_GAM_cohort_1_onlyInterviewed.png,Alexander Wuttke; Gavras; Harald Schoen
10.7910/dvn/wmvc4u/mvvmp7,County_Pairs.tab,Andreas Lichter; Max Löffler; Sebastian Siegloch
10.7910/dvn/wg8vck/sjgdli,lib.csv,Indridi Indridason; Charles Crabtree; Matt Golder; Thomas Gschwend
10.7910/dvn/wmvc4u/pduo8c,muniadmin.do,Andreas Lichter; Max Löffler; Sebastian Siegloch
10.7910/dvn/y5y6vd/zmq1rb,13_RegTables_Subsample.R,Alexander Wuttke; Gavras; Harald Schoen
10.7910/dvn/y5y6vd/2z5gau,plotsFull_CCREM_lifecycle_241_onlyInterviewed.png,Alexander Wuttke; Gavras; Harald Schoen
10.7910/dvn/y5y6vd/aocnbj,plotsFull_CCREM_cohort_97_onlyInterviewed.png,Alexander Wuttke; Gavras; Harald Schoen
10.7910/dvn/tmwjyl/vpbueq,data_stata.tab,Daniel Stegmueller
10.7910/dvn/wg8vck/nz8h16,figure5.do,Indridi Indridason; Charles Crabtree; Matt Golder; Thomas Gschwend
10.7910/dvn/wg8vck/qerd83,figure5.log,Indridi Indridason; Charles Crabtree; Matt Golder; Thomas Gschwend
10.7910/dvn/wmvc4u/ozbpgx,soep2repo_mean_unemployed_raw.tab,Andreas Lichter; Max Löffler; Sebastian Siegloch
10.7910/dvn/y5y6vd/b9gzhr,plotsFull_GAM_cohort_169_onlyInterviewed.png,Alexander Wuttke; Gavras; Harald Schoen
10.7910/dvn/wmvc4u/jfkbck,Fig-C12.pdf,Andreas Lichter; Max Löffler; Sebastian Siegloch
10.7910/dvn/y5y6vd/o97rfo,plotsFull_CCREM_lifecycle_97_onlyInterviewed.png,Alexander Wuttke; Gavras; Harald Schoen
10.7910/dvn/y5y6vd/ynkpdj,plotsFull_CCREM_lifecycle_49.png,Alexander Wuttke; Gavras; Harald Schoen
10.7910/dvn/wmvc4u/d2apht,soep2repo_overtime.tab,Andreas Lichter; Max Löffler; Sebastian Siegloch
10.7910/dvn/yg9cmf/eyajrg,Manifesto_01.do,Matthias Mader; Nils D. Steiner; Harald Schoen
10.7910/dvn/qnasjj/eqotzt,5 create DALP codes.do,Matthias Mader; Nils D. Steiner
10.7910/dvn/yhjucj/mdkkcj,9.clinical_articles_95pct_genderdesig.tab,Marc Lerchenmueller
10.7910/dvn/yhjucj/k3nupe,1.Positive_word_identification.do,Marc Lerchenmueller
10.7910/dvn/wg8vck/ylk5rq,fig6.pdf,Indridi Indridason; Charles Crabtree; Matt Golder; Thomas Gschwend
10.7910/dvn/yhjucj/gci6d7,12.Supplement.docx,Marc Lerchenmueller
10.7910/dvn/y5y6vd/eku3em,plotsFull_CCREM_cohort_217.png,Alexander Wuttke; Gavras; Harald Schoen
10.7910/dvn/yhjucj/hrk3qz,Overview_key_variables.pdf,Marc Lerchenmueller
10.7910/dvn/wmvc4u/r4rand,README.md,Andreas Lichter; Max Löffler; Sebastian Siegloch
10.7910/dvn/y5y6vd/6e6jia,ui.R,Alexander Wuttke; Gavras; Harald Schoen
10.7910/dvn/y5y6vd/rgqwlk,plotsFull_GAM_cohort_97_onlyInterviewed.png,Alexander Wuttke; Gavras; Harald Schoen
10.7910/dvn/tmwjyl/fdqunm,figure6_data.csv,Daniel Stegmueller
10.7910/dvn/wg8vck/45dzcg,lab.csv,Indridi Indridason; Charles Crabtree; Matt Golder; Thomas Gschwend
10.7910/dvn/y5y6vd/cfq8rv,plotsFull_CCREM_cohort_145.png,Alexander Wuttke; Gavras; Harald Schoen
10.7910/dvn/yg9cmf/cbqxu0,GLES_02_article.do,Matthias Mader; Nils D. Steiner; Harald Schoen
10.7910/dvn/vmslwf,Replication Data for: Political ambition and opposition legislative review: Bill scrutiny as an intra-party signalling device,Lion Behrens
10.7910/dvn/qnasjj/xc0j9w,3 create Manifesto codes.do,Matthias Mader; Nils D. Steiner
10.7910/dvn/y5y6vd/ofn8oh,plotsFull_GAM_cohort_97.png,Alexander Wuttke; Gavras; Harald Schoen
10.7910/dvn/vjqkpq,Replication data for: Understanding Wordscores,Will Lowe
10.7910/dvn/y5y6vd/ahkavg,plotsSub_CCREM_lifecycle_DemImportant.png,Alexander Wuttke; Gavras; Harald Schoen
10.7910/dvn/yy7xbx/0rky28,uniquetrials.tab,Christoph Steinert
10.7910/dvn/qnasjj/4izpvn,4 create party age variables.do,Matthias Mader; Nils D. Steiner
10.7910/dvn/wmvc4u/xdb4fx,soep2repo_trust_strangers_res_iv.tab,Andreas Lichter; Max Löffler; Sebastian Siegloch
10.7910/dvn/y5y6vd/ft9eel,plotsFull_CCREM_cohort_25_onlyInterviewed.png,Alexander Wuttke; Gavras; Harald Schoen
10.7910/dvn/y5y6vd/7nqcyd,plotsFull_GAM_cohort_169.png,Alexander Wuttke; Gavras; Harald Schoen
10.7910/dvn/wmvc4u/0evd2e,Fig-2.pdf,Andreas Lichter; Max Löffler; Sebastian Siegloch
10.7910/dvn/y5y6vd/pdbwoy,plotsSub_CCREM_lifecycle_Essentials_16.png,Alexander Wuttke; Gavras; Harald Schoen
10.7910/dvn/y5y6vd/ytv1so,02_APC_Analysis_GAM.R,Alexander Wuttke; Gavras; Harald Schoen
10.7910/dvn/wg8vck/yy3eoa,fig5a.pdf,Indridi Indridason; Charles Crabtree; Matt Golder; Thomas Gschwend
10.7910/dvn/t2fzk3,Replication Data for: Illiberal Communication and Election Intervention During the Refugee Crisis in Germany,Ashrakat Elshehawy; Konstantin Gavras; Nikolay Marinov; Federico Nanni; Harald Schoen
10.7910/dvn/y5y6vd/ejstd4,03_APC_Analysis_onlyInterviewed_GAM.R,Alexander Wuttke; Gavras; Harald Schoen
10.7910/dvn/w4xwvu,"Replication Data for: Die „Sonntagsfrage“, Soziale Erwünschtheit und die AfD: Wie alternative Messmethoden der Politikwissenschaft Weiterhelfen Können",Thomas Gschwend; Sebastian Juhl; Roni Lehrer
10.7910/dvn/yhjucj/hxb31e,7.clinical_articles_50pct_genderdesig.tab,Marc Lerchenmueller
10.7910/dvn/wmvc4u/hbhrtg,soep2repo_revenge_index_res_iv.tab,Andreas Lichter; Max Löffler; Sebastian Siegloch
10.7910/dvn/wmvc4u/pscelt,repo2soep_ags2012.do,Andreas Lichter; Max Löffler; Sebastian Siegloch
10.7910/dvn/y5y6vd/ez8d6o,plotsFull_CCREM_lifecycle_73_onlyInterviewed.png,Alexander Wuttke; Gavras; Harald Schoen
10.7910/dvn/ydk1zi,Replication Data for: Asymmetric Labor-Supply Responses to Wage Changes – Experimental Evidence from an Online Labor Market,Philipp Doerrenberg; Denvil Duncan; Max Löffler
10.7910/dvn/tmwjyl/vfwwkz,model.comparisons.do,Daniel Stegmueller
10.7910/dvn/y5y6vd/atdpxy,11_RegTables.R,Alexander Wuttke; Gavras; Harald Schoen
10.7910/dvn/wg8vck/cawmee,figure6.do,Indridi Indridason; Charles Crabtree; Matt Golder; Thomas Gschwend
10.7910/dvn/wg8vck/obklw3,figure3.log,Indridi Indridason; Charles Crabtree; Matt Golder; Thomas Gschwend
10.7910/dvn/yhjucj,Replication Data for: Gender Differences In How Scientists Present The Importance Of Their Research,Marc Lerchenmueller
10.7910/dvn/y5y6vd/ungijr,plotsFull_CCREM_cohort_49_onlyInterviewed.png,Alexander Wuttke; Gavras; Harald Schoen
10.7910/dvn/wmvc4u/id4fjn,Fig-C01.pdf,Andreas Lichter; Max Löffler; Sebastian Siegloch
10.7910/dvn/y5y6vd/jha2hm,17_RegTables_rHAPC_Subsample.R,Alexander Wuttke; Gavras; Harald Schoen
10.7910/dvn/wg8vck/2ajwsv,sentiment2.log,Indridi Indridason; Charles Crabtree; Matt Golder; Thomas Gschwend
10.7910/dvn/y5y6vd/ogzasf,plotsFull_CCREM_lifecycle_73.png,Alexander Wuttke; Gavras; Harald Schoen
10.7910/dvn/vxp23s,Replication Data for: Party campaign statements and portfolio allocation in coalition governments,Thomas Däubler; Marc Debus; Alejandro Ecker
10.7910/dvn/yhjucj/6z560r,11.pubmed_articles_90pct_genderdesig.csv,Marc Lerchenmueller
10.7910/dvn/yny90h,Replication Data for: Who Settles Disputes? Treaty Design and Trade Attitudes Toward the Transatlantic Trade and Investment Partnership (TTIP),Hyeonho Hahm; Thomas König; Moritz Osnabrügge; Elena Frech
10.7910/dvn/wg8vck/vicvas,figure1_appendix.do,Indridi Indridason; Charles Crabtree; Matt Golder; Thomas Gschwend
10.7910/dvn/wg8vck/ef3urm,sentiment.tab,Indridi Indridason; Charles Crabtree; Matt Golder; Thomas Gschwend
10.7910/dvn/v5aoxd/cieivc,README.txt,Denis Cohen
10.7910/dvn/spltli,Replication Data for: How a history of migration affects individuals' political attitudes,Noam Himmelrath; Marc Debus; Christian Stecker
10.7910/dvn/wmvc4u/q6xbz7,Migration.tab,Andreas Lichter; Max Löffler; Sebastian Siegloch
10.7910/dvn/tmwjyl/a6ocw1,data_spss.tab,Daniel Stegmueller
10.7910/dvn/y5y6vd/pfy51w,server.R,Alexander Wuttke; Gavras; Harald Schoen
10.7910/dvn/yhjucj/fhqvsp,2.Genderize_Rcode_unlimited_batch_query.R,Marc Lerchenmueller
10.7910/dvn/wmvc4u/89xiaz,soep2repo_mean_selfempl_raw.tab,Andreas Lichter; Max Löffler; Sebastian Siegloch
10.7910/dvn/wmvc4u/sdpjpe,Fig-C11.pdf,Andreas Lichter; Max Löffler; Sebastian Siegloch
10.7910/dvn/y5y6vd/u2jlaj,plotsFull_GAM_cohort_49_onlyInterviewed.png,Alexander Wuttke; Gavras; Harald Schoen
10.7910/dvn/y5y6vd/bddwr0,plotsSub_CCREM_cohort_Essentials_16.png,Alexander Wuttke; Gavras; Harald Schoen
10.7910/dvn/y5y6vd/h2w1p3,plotsFull_GAM_cohort_25_onlyInterviewed.png,Alexander Wuttke; Gavras; Harald Schoen
10.7910/dvn/wmvc4u/i1d31i,preout.do,Andreas Lichter; Max Löffler; Sebastian Siegloch
10.7910/dvn/y5y6vd/qeifnf,plotsFull_CCREM_cohort_73.png,Alexander Wuttke; Gavras; Harald Schoen
10.7910/dvn/wmvc4u/vbao6r,soep2repo_mean_selfempl_res_iv.tab,Andreas Lichter; Max Löffler; Sebastian Siegloch
10.7910/dvn/wg8vck/n3iryq,readme.txt,Indridi Indridason; Charles Crabtree; Matt Golder; Thomas Gschwend
10.7910/dvn/y5y6vd/xvmkol,plotsSub_GAM_cohort_Essentials_1_onlyInterviewed.png,Alexander Wuttke; Gavras; Harald Schoen
10.7910/dvn/wmvc4u/2jhdoi,soep2repo_trust_strangers_res_fe.tab,Andreas Lichter; Max Löffler; Sebastian Siegloch
10.7910/dvn/y5y6vd/qpsjzs,plotsFull_CCREM_lifecycle_121.png,Alexander Wuttke; Gavras; Harald Schoen
10.7910/dvn/wmvc4u/asqdtz,County_Data.tab,Andreas Lichter; Max Löffler; Sebastian Siegloch
10.7910/dvn/y5y6vd/hh7noo,html_list_CCREM_full.Rdata,Alexander Wuttke; Gavras; Harald Schoen
10.7910/dvn/wmvc4u/wybswo,soep2repo_int_voting_res_fe.tab,Andreas Lichter; Max Löffler; Sebastian Siegloch
10.7910/dvn/yy7xbx/4enpvk,Replicationdata.tab,Christoph Steinert
10.7910/dvn/wmvc4u/qri3tr,soep2repo_mean_unemployed_res_iv.tab,Andreas Lichter; Max Löffler; Sebastian Siegloch
10.7910/dvn/wmvc4u/d0lcde,Fig-C03.pdf,Andreas Lichter; Max Löffler; Sebastian Siegloch
10.7910/dvn/wmvc4u/vg7955,repo2soep_popgrowth.do,Andreas Lichter; Max Löffler; Sebastian Siegloch
10.7910/dvn/wmvc4u/1nvpy2,soep2repo_l_mean_labgro_raw.tab,Andreas Lichter; Max Löffler; Sebastian Siegloch
10.7910/dvn/yhjucj/cowzog,5.Clinical_research_ind_words.do,Marc Lerchenmueller
10.7910/dvn/rb9ch9/7sgcl3,replication.txt,David Fortunato; Thomas König; Sven‐Oliver Proksch
10.7910/dvn/wmvc4u/3tx24r,soep2repo_l_mean_labgro_res_iv.tab,Andreas Lichter; Max Löffler; Sebastian Siegloch
10.7910/dvn/wg8vck/8xljcg,fig2c.pdf,Indridi Indridason; Charles Crabtree; Matt Golder; Thomas Gschwend
10.7910/dvn/y5y6vd/wtuzbi,plotsFull_CCREM_cohort_145_onlyInterviewed.png,Alexander Wuttke; Gavras; Harald Schoen
10.7910/dvn/wmvc4u/29auoq,Fig-C07.pdf,Andreas Lichter; Max Löffler; Sebastian Siegloch
10.7910/dvn/wmvc4u/h9wjoe,5d_income_decomposition.do,Andreas Lichter; Max Löffler; Sebastian Siegloch
10.7910/dvn/y5y6vd/iq6x2a,plotsFull_CCREM_cohort_97.png,Alexander Wuttke; Gavras; Harald Schoen
10.7910/dvn/yg9cmf,Reproduction files for: The globalisation divide in the public mind: Belief systems on globalisation and their electoral consequences,Matthias Mader; Nils D. Steiner; Harald Schoen
10.7910/dvn/y5y6vd/tep2tn,plotsFull_CCREM_cohort_121_onlyInterviewed.png,Alexander Wuttke; Gavras; Harald Schoen
10.7910/dvn/vjqkpq/tjhqfz,manfreqs.csv,Will Lowe
10.7910/dvn/wmvc4u/lkrzqc,Fig-A2.pdf,Andreas Lichter; Max Löffler; Sebastian Siegloch
10.7910/dvn/wmvc4u/c2nabk,soep2repo_int_voting_raw.tab,Andreas Lichter; Max Löffler; Sebastian Siegloch
10.7910/dvn/y5y6vd/gqctxs,plotsFull_CCREM_lifecycle_241.png,Alexander Wuttke; Gavras; Harald Schoen
10.7910/dvn/yzpgsv,Replication For: (How) Do Information Campaigns Influence Migration Decisions?,Sandra Morgenstern
10.7910/dvn/y5y6vd/ttskaa,plotsFull_CCREM_lifecycle_169_onlyInterviewed.png,Alexander Wuttke; Gavras; Harald Schoen
10.7910/dvn/y5y6vd/l6uuzf,plotsFull_CCREM_cohort_49.png,Alexander Wuttke; Gavras; Harald Schoen
10.7910/dvn/tmwjyl/s2ogzz,figure7_data.csv,Daniel Stegmueller
10.7910/dvn/y5y6vd/uypx19,plotsSub_CCREM_lifecycle_DemImportant_onlyInterviewed.png,Alexander Wuttke; Gavras; Harald Schoen
10.7910/dvn/xee99u/efm3xo,02 Lin_Osnabruegge_RAP_dofile.do,Nick Lin; Moritz Osnabrügge
10.7910/dvn/wmvc4u/tetyct,Fig-3.pdf,Andreas Lichter; Max Löffler; Sebastian Siegloch
10.7910/dvn/y5y6vd/lgp1hx,plotsFull_CCREM_lifecycle_169.png,Alexander Wuttke; Gavras; Harald Schoen
10.7910/dvn/y5y6vd/d5qrm9,plotsSub_CCREM_lifecycle_Essentials_1.png,Alexander Wuttke; Gavras; Harald Schoen
10.7910/dvn/tmwjyl/esz4p2,plot_figure7.R,Daniel Stegmueller
10.7910/dvn/wmvc4u/1vezzy,data_setup.do,Andreas Lichter; Max Löffler; Sebastian Siegloch
10.7910/dvn/wmvc4u/5gqwax,soep2repo_revenge_index_raw.tab,Andreas Lichter; Max Löffler; Sebastian Siegloch
10.7910/dvn/y5y6vd/ywshpp,plotsFull_GAM_cohort_241_onlyInterviewed.png,Alexander Wuttke; Gavras; Harald Schoen
10.7910/dvn/y5y6vd/0xbaui,plotsFull_CCREM_lifecycle_193.png,Alexander Wuttke; Gavras; Harald Schoen
10.7910/dvn/y5y6vd/a5x8db,plotsFull_GAM_cohort_73_onlyInterviewed.png,Alexander Wuttke; Gavras; Harald Schoen
10.7910/dvn/y5y6vd/aawkgf,plotsFull_GAM_cohort_193.png,Alexander Wuttke; Gavras; Harald Schoen
10.7910/dvn/wmvc4u/iuo8mx,Fig-C10.pdf,Andreas Lichter; Max Löffler; Sebastian Siegloch
10.7910/dvn/y5y6vd/2eoxgn,plotsFull_CCREM_lifecycle_193_onlyInterviewed.png,Alexander Wuttke; Gavras; Harald Schoen
10.7910/dvn/y5y6vd/34msvj,05_APC_Analysis_onlyInterviewed_HAPC.R,Alexander Wuttke; Gavras; Harald Schoen
10.7910/dvn/rb9ch9,Government Agenda-Setting and Bicameral Conflict Resolution,David Fortunato; Thomas König; Sven‐Oliver Proksch
10.7910/dvn/qwpdqj/3e5zdj,replication.zip,Will Lowe; Kenneth Benoit
10.7910/dvn/wmvc4u/ifse2c,5c_persistence.do,Andreas Lichter; Max Löffler; Sebastian Siegloch
10.7910/dvn/y5y6vd/s1rj2t,04_APC_Analysis_HAPC.R,Alexander Wuttke; Gavras; Harald Schoen
10.7910/dvn/yg9cmf/cotrxk,readme.txt,Matthias Mader; Nils D. Steiner; Harald Schoen
10.7910/dvn/v294kt,Replication Data for: Assessing the relative influence of party unity on vote choice: Evidence from a conjoint experiment,Roni Lehrer
10.7910/dvn/wmvc4u/ttrgco,soep2repo_mean_local_pol_res_fe.tab,Andreas Lichter; Max Löffler; Sebastian Siegloch
10.7910/dvn/wmvc4u/iopu6q,Fig-C06.pdf,Andreas Lichter; Max Löffler; Sebastian Siegloch
10.7910/dvn/yhjucj/mylnjd,README.rtf,Marc Lerchenmueller
10.7910/dvn/wmvc4u/wqr05e,graphs.do,Andreas Lichter; Max Löffler; Sebastian Siegloch
10.7910/dvn/w4xwvu/wb7l53,hausnummern.tab,Thomas Gschwend; Sebastian Juhl; Roni Lehrer
10.7910/dvn/y5y6vd/aiiyvd,plotsFull_CCREM_lifecycle_1_onlyInterviewed.png,Alexander Wuttke; Gavras; Harald Schoen
10.7910/dvn/y5y6vd/ofsfrl,plotsFull_GAM_cohort_73.png,Alexander Wuttke; Gavras; Harald Schoen
10.7910/dvn/yg9cmf/xvap9p,esem.inp,Matthias Mader; Nils D. Steiner; Harald Schoen
10.7910/dvn/wmvc4u/bpwh8j,soep2repo_l_mean_labgro_res_fe.tab,Andreas Lichter; Max Löffler; Sebastian Siegloch
10.7910/dvn/y5y6vd/tjgdan,plotsSub_GAM_cohort_Essentials_1.png,Alexander Wuttke; Gavras; Harald Schoen
10.7910/dvn/zfw6tn,"Replication data for: The life, death and diversity of pro-government militias: The fully revised pro-government militias database version 2.0",Sabine C. Carey; Neil J. Mitchell; Katrin Paula
10.7910/dvn/y5y6vd/33z8ij,renv.lock,Alexander Wuttke; Gavras; Harald Schoen
10.7910/dvn/wmvc4u/o7pvxo,soep2repo_mean_unemployed_res_fe.tab,Andreas Lichter; Max Löffler; Sebastian Siegloch
10.7910/dvn/y5y6vd/mpp0t7,plotsFull_CCREM_cohort_241.png,Alexander Wuttke; Gavras; Harald Schoen
10.7910/dvn/y5y6vd/7avwj6,plotsFull_CCREM_lifecycle_25_onlyInterviewed.png,Alexander Wuttke; Gavras; Harald Schoen
10.7910/dvn/wg8vck/wysqq1,fig1c_appendix.pdf,Indridi Indridason; Charles Crabtree; Matt Golder; Thomas Gschwend
10.7910/dvn/y5y6vd/rdkvny,plotsFull_CCREM_lifecycle_217.png,Alexander Wuttke; Gavras; Harald Schoen
10.7910/dvn/tmwjyl,Replication data for: Apples and Oranges? The Problem of Equivalence in Comparative Research,Daniel Stegmueller
10.7910/dvn/wmvc4u/xba7g6,soep2repo_longestpairs.tab,Andreas Lichter; Max Löffler; Sebastian Siegloch
10.7910/dvn/tiumnc,Reproduction files for: Why is the AfD so successful in East Germany? An analysis of the ideational foundations of the AfD vote at the 2017 federal election,Matthias Mader; Maria Pesthy; Harald Schoen
10.7910/dvn/wmvc4u/6o1ric,5a_base_results_robustness.do,Andreas Lichter; Max Löffler; Sebastian Siegloch
10.7910/dvn/y5y6vd/ewvbqq,plotsFull_GAM_cohort_121_onlyInterviewed.png,Alexander Wuttke; Gavras; Harald Schoen
10.7910/dvn/v5aoxd/c6ldsv,cohen_between_strategy_and_protest_psrm_repl.zip,Denis Cohen
10.7910/dvn/wmvc4u/mozpzo,Fig-C04.pdf,Andreas Lichter; Max Löffler; Sebastian Siegloch
10.7910/dvn/y5y6vd/8a6ndt,plotsFull_GAM_cohort_145.png,Alexander Wuttke; Gavras; Harald Schoen
10.7910/dvn/wmvc4u/nrmldj,soep2repo_int_voting_res_iv.tab,Andreas Lichter; Max Löffler; Sebastian Siegloch
10.7910/dvn/wmvc4u/6cczyh,repo2soep_countypairs.do,Andreas Lichter; Max Löffler; Sebastian Siegloch
10.7910/dvn/y5y6vd/ugfka0,html_list_GAM_Full_onlyInterviewed.Rdata,Alexander Wuttke; Gavras; Harald Schoen
10.7910/dvn/wmvc4u/vj26bj,Popgrowth.tab,Andreas Lichter; Max Löffler; Sebastian Siegloch
10.7910/dvn/y5y6vd/7lrmtr,plotsSub_CCREM_cohort_Essentials_1.png,Alexander Wuttke; Gavras; Harald Schoen
10.7910/dvn/wg8vck/r9xr8h,debate.tab,Indridi Indridason; Charles Crabtree; Matt Golder; Thomas Gschwend
10.7910/dvn/rkvwnc,Replication Data for: Forecasting Migration Movements using Prediction Markets,Oliver Strijbis; Sandra Morgenstern
10.7910/dvn/tmwjyl/6brpey,plot_figure5.R,Daniel Stegmueller
10.7910/dvn/y5y6vd/hwbikg,plotsSub_GAM_cohort_DemImportant_onlyInterviewed.png,Alexander Wuttke; Gavras; Harald Schoen
10.7910/dvn/wmvc4u/ctjqmh,soep2repo_mean_local_pol_raw.tab,Andreas Lichter; Max Löffler; Sebastian Siegloch
10.7910/dvn/y5y6vd/fwazrm,plotsFull_GAM_cohort_217.png,Alexander Wuttke; Gavras; Harald Schoen
10.7910/dvn/y5y6vd/f5vj8g,plotsFull_CCREM_lifecycle_217_onlyInterviewed.png,Alexander Wuttke; Gavras; Harald Schoen
10.7910/dvn/wg8vck/yjllbe,fig1a_appendix.pdf,Indridi Indridason; Charles Crabtree; Matt Golder; Thomas Gschwend
10.7910/dvn/qwrvhb,Replication Data for: The Political Consequences of Wartime Sexual Violence. Evidence from a List Experiment,Belén González; Richard Traunmueller
10.7910/dvn/y5y6vd/wbnxss,plotsSub_GAM_cohort_Essentials_31_onlyInterviewed.png,Alexander Wuttke; Gavras; Harald Schoen
10.7910/dvn/t2xfxg,Replication Data for: Candidate awareness in mixed-member electoral systems: A data-driven approach,Oliver Rittmann; Thomas Gschwend; Marie-Lou Sohnius
10.7910/dvn/u2591t,Replication Data for: The Gendered Costs of Stigma: How Experiences of Wartime Sexual Violence Encourage Civic Engagement for Women and Men,Carlo Koos; Richard Traunmüller
10.7910/dvn/y5y6vd/370nyc,plotsFull_GAM_cohort_25.png,Alexander Wuttke; Gavras; Harald Schoen
10.7910/dvn/wmvc4u/odn5qq,soep2repo_mean_local_pol_res_iv.tab,Andreas Lichter; Max Löffler; Sebastian Siegloch
10.7910/dvn/y5y6vd/nnfuws,plotsFull_CCREM_cohort_193.png,Alexander Wuttke; Gavras; Harald Schoen
10.7910/dvn/y5y6vd/ria2o1,plotsFull_GAM_cohort_145_onlyInterviewed.png,Alexander Wuttke; Gavras; Harald Schoen
10.7910/dvn/wg8vck/gog3jq,fig3.pdf,Indridi Indridason; Charles Crabtree; Matt Golder; Thomas Gschwend
10.7910/dvn/wmvc4u/ymlcyp,README.pdf,Andreas Lichter; Max Löffler; Sebastian Siegloch
10.7910/dvn/wmvc4u/pzlou6,soep2repo_mean_pol_interest_raw.tab,Andreas Lichter; Max Löffler; Sebastian Siegloch
10.7910/dvn/y5y6vd/euylt7,plotsFull_GAM_cohort_217_onlyInterviewed.png,Alexander Wuttke; Gavras; Harald Schoen
10.7910/dvn/y5y6vd/yivlyv,html_list_CCREM_full_onlyInterviewed.Rdata,Alexander Wuttke; Gavras; Harald Schoen
10.7910/dvn/wg8vck/dpqzpd,figure4.do,Indridi Indridason; Charles Crabtree; Matt Golder; Thomas Gschwend
10.7910/dvn/y5y6vd/umjljk,plotsSub_GAM_cohort_Essentials_16_onlyInterviewed.png,Alexander Wuttke; Gavras; Harald Schoen
10.7910/dvn/qwpdqj/funtmj,README.txt,Will Lowe; Kenneth Benoit
10.7910/dvn/yg9cmf/uchfig,GLES_03_appendix.do,Matthias Mader; Nils D. Steiner; Harald Schoen
10.7910/dvn/y5y6vd/isuswh,plotsSub_CCREM_lifecycle_Essentials_16_onlyInterviewed.png,Alexander Wuttke; Gavras; Harald Schoen
10.7910/dvn/qwpdqj,Replication data for: Validating estimates of latent traits from textual data using human judgement as a benchmark,Will Lowe; Kenneth Benoit
10.7910/dvn/wg8vck/jhhbdu,fig4.pdf,Indridi Indridason; Charles Crabtree; Matt Golder; Thomas Gschwend
10.7910/dvn/y5y6vd/3jmspa,plotsSub_CCREM_cohort_Essentials_31.png,Alexander Wuttke; Gavras; Harald Schoen
10.7910/dvn/wmvc4u/ncjr2l,Fig-C13.pdf,Andreas Lichter; Max Löffler; Sebastian Siegloch
10.7910/dvn/y5y6vd/p49oeo,html_list_CCREM_sub.Rdata,Alexander Wuttke; Gavras; Harald Schoen
10.7910/dvn/y5y6vd/cnwtqd,plotsFull_CCREM_cohort_121.png,Alexander Wuttke; Gavras; Harald Schoen
10.7910/dvn/wmvc4u/kihgux,3_identify_kids.do,Andreas Lichter; Max Löffler; Sebastian Siegloch
10.7910/dvn/wmvc4u/oiclfp,smoothness.do,Andreas Lichter; Max Löffler; Sebastian Siegloch
10.7910/dvn/wmvc4u/jzxa57,soep2repo_mean_pol_interest_res_iv.tab,Andreas Lichter; Max Löffler; Sebastian Siegloch
10.7910/dvn/y5y6vd/nxkd2w,plotsFull_GAM_cohort_49.png,Alexander Wuttke; Gavras; Harald Schoen
10.7910/dvn/y5y6vd/0pg4sy,ZA7500_v2-0-0.tab,Alexander Wuttke; Gavras; Harald Schoen
10.7910/dvn/yfgxq3,Replication Data for: Precarious work and challenger parties: how precarity influenced vote choice in the 2018 Italian election,Elisabetta Girardi
10.7910/dvn/wmvc4u/vxfo78,Records_Requests_Regional.tab,Andreas Lichter; Max Löffler; Sebastian Siegloch
10.7910/dvn/wmvc4u/u2c4ku,5b_overtime_effects.do,Andreas Lichter; Max Löffler; Sebastian Siegloch
10.7910/dvn/y5y6vd/gt0yjf,plotsFull_CCREM_lifecycle_1.png,Alexander Wuttke; Gavras; Harald Schoen
10.7910/dvn/tmwjyl/u7vwdt,models.lgs,Daniel Stegmueller
10.7910/dvn/wihaov,Reproduction Material for: Subjective Losers of Globalization,Nils D. Steiner; Matthias Mader; Harald Schoen
10.7910/dvn/yy7xbx/px0p7p,Directions_Replication.docx,Christoph Steinert
10.7910/dvn/q2wlfs,Unpacking the effects of burdensome state actions on citizens’ policy perceptions,Martin Sievert; Jonas Bruder
10.7910/dvn/wg8vck/bzoumk,germany.tab,Indridi Indridason; Charles Crabtree; Matt Golder; Thomas Gschwend
10.7910/dvn/wg8vck/tdvvr0,germany.log,Indridi Indridason; Charles Crabtree; Matt Golder; Thomas Gschwend
10.7910/dvn/wg8vck/os2mkf,fig1.r,Indridi Indridason; Charles Crabtree; Matt Golder; Thomas Gschwend
10.7910/dvn/wg8vck/i0kigd,fig2a.pdf,Indridi Indridason; Charles Crabtree; Matt Golder; Thomas Gschwend
10.7910/dvn/yg9cmf/nkwbbm,GLES_01_clean_data.do,Matthias Mader; Nils D. Steiner; Harald Schoen
10.7910/dvn/y5y6vd/zkdnso,12_RegTables_onlyInterviewed.R,Alexander Wuttke; Gavras; Harald Schoen
10.7910/dvn/qnasjj/7sb6ot,2 define party labels.do,Matthias Mader; Nils D. Steiner
10.7910/dvn/y5y6vd/etmsdo,plotsFull_CCREM_cohort_193_onlyInterviewed.png,Alexander Wuttke; Gavras; Harald Schoen
10.7910/dvn/y5y6vd/y5ryer,plotsSub_CCREM_lifecycle_Essentials_31.png,Alexander Wuttke; Gavras; Harald Schoen
10.7910/dvn/y5y6vd/vi5lpo,plotsSub_CCREM_lifecycle_Essentials_31_onlyInterviewed.png,Alexander Wuttke; Gavras; Harald Schoen
10.7910/dvn/xee99u/xrtmto,01 README.txt,Nick Lin; Moritz Osnabrügge
10.7910/dvn/y5y6vd/x6uk6h,plotsFull_CCREM_lifecycle_145_onlyInterviewed.png,Alexander Wuttke; Gavras; Harald Schoen
10.7910/dvn/vjqkpq/9lfmjc,figures.R,Will Lowe
10.7910/dvn/wg8vck/1vutwt,germany.do,Indridi Indridason; Charles Crabtree; Matt Golder; Thomas Gschwend
10.7910/dvn/wutlh8,Replication Data for: How open lists undermine the electoral support of cohesive parties,Thomas Bräuninger; Thomas Däubler; Robert Huber; Lukas Rudolph
10.7910/dvn/y5y6vd/z4pthw,rHAPC.PNG,Alexander Wuttke; Gavras; Harald Schoen
10.7910/dvn/wg8vck/wmcjfg,figure3.do,Indridi Indridason; Charles Crabtree; Matt Golder; Thomas Gschwend
10.7910/dvn/y5y6vd/ncoqfz,plotsSub_CCREM_cohort_Essentials_16_onlyInterviewed.png,Alexander Wuttke; Gavras; Harald Schoen
10.7910/dvn/ysh360,"Replication Data for: Electoral Discrimination, Party Rationale, and the Underrepresentation of Immigrant-Origin Politicians",Daniel Auer
10.7910/dvn/y5y6vd/lp6sss,plotsFull_CCREM_cohort_241_onlyInterviewed.png,Alexander Wuttke; Gavras; Harald Schoen
10.7910/dvn/wmvc4u/y1kyvr,soep2repo_trust_strangers_raw.tab,Andreas Lichter; Max Löffler; Sebastian Siegloch
10.7910/dvn/tmwjyl/1nalfd,genData.do,Daniel Stegmueller
10.7910/dvn/y5y6vd/tthtjr,16_RegTables_rHAPC_onlyInterviewed.R,Alexander Wuttke; Gavras; Harald Schoen
10.7910/dvn/wmvc4u/zdidhr,Exit_Visa.tab,Andreas Lichter; Max Löffler; Sebastian Siegloch
10.7910/dvn/y5y6vd/urkllu,dataEVS_WVS.tab,Alexander Wuttke; Gavras; Harald Schoen
10.7910/dvn/wg8vck,"Replication Data for It's Not Only What You Say, It's Also How You Say It: The Strategic Use of Campaign Sentiment",Indridi Indridason; Charles Crabtree; Matt Golder; Thomas Gschwend
10.7910/dvn/y5y6vd/8l6qcj,18_RegTables_rHAPC_Subsample_onlyInterviewed.R,Alexander Wuttke; Gavras; Harald Schoen
10.7910/dvn/y5y6vd/xu1np2,plotsFull_CCREM_lifecycle_25.png,Alexander Wuttke; Gavras; Harald Schoen
10.7910/dvn/wmvc4u/putwqp,2_merge_county_info.do,Andreas Lichter; Max Löffler; Sebastian Siegloch
10.7910/dvn/wmvc4u/yz1smg,Records_Requests.tab,Andreas Lichter; Max Löffler; Sebastian Siegloch
10.7910/dvn/wmvc4u/xroq56,Fig-C05.pdf,Andreas Lichter; Max Löffler; Sebastian Siegloch
10.7910/dvn/wg8vck/3xre1m,fig1b_appendix.pdf,Indridi Indridason; Charles Crabtree; Matt Golder; Thomas Gschwend
10.7910/dvn/wmvc4u/ypujea,Polity_IV.tab,Andreas Lichter; Max Löffler; Sebastian Siegloch
10.7910/dvn/wg8vck/gbaw9s,fig5.pdf,Indridi Indridason; Charles Crabtree; Matt Golder; Thomas Gschwend
10.7910/dvn/wg8vck/bwbspa,figure6.log,Indridi Indridason; Charles Crabtree; Matt Golder; Thomas Gschwend
10.7910/dvn/tmwjyl/8ircxl,plot_figure6.R,Daniel Stegmueller
10.7910/dvn/y5y6vd/0ulmg8,15_RegTables_rHAPC.R,Alexander Wuttke; Gavras; Harald Schoen
10.7910/dvn/y5y6vd/4rtosc,01_MASTER.R,Alexander Wuttke; Gavras; Harald Schoen
10.7910/dvn/yhjucj/cz4xjr,6.clinical_articles_90pct_genderdesig.tab,Marc Lerchenmueller
10.7910/dvn/y5y6vd/eynmwe,plotsFull_CCREM_cohort_217_onlyInterviewed.png,Alexander Wuttke; Gavras; Harald Schoen
10.7910/dvn/y5y6vd/xce9bt,plotsFull_CCREM_lifecycle_145.png,Alexander Wuttke; Gavras; Harald Schoen
10.7910/dvn/tmwjyl/4ca563,figure5_data.csv,Daniel Stegmueller
10.7910/dvn/s6h88q,"Project ""White Vote""",Klara Dentler
10.7910/dvn/qnasjj/grnyfe,1 main reproduction file.do,Matthias Mader; Nils D. Steiner
10.7910/dvn/wg8vck/mhid9a,sentiment2.do,Indridi Indridason; Charles Crabtree; Matt Golder; Thomas Gschwend
10.7910/dvn/y5y6vd/ghiibw,plotsFull_CCREM_cohort_169.png,Alexander Wuttke; Gavras; Harald Schoen
10.7910/dvn/wg8vck/jzveb2,debate.do,Indridi Indridason; Charles Crabtree; Matt Golder; Thomas Gschwend
10.7910/dvn/y5y6vd/jrlzp3,plotsSub_CCREM_cohort_Essentials_31_onlyInterviewed.png,Alexander Wuttke; Gavras; Harald Schoen
10.7910/dvn/y5y6vd/t0gdja,Manuscript.Rproj,Alexander Wuttke; Gavras; Harald Schoen
10.7910/dvn/y5y6vd/zvwzlt,plotsFull_GAM_cohort_193_onlyInterviewed.png,Alexander Wuttke; Gavras; Harald Schoen
10.7910/dvn/wmvc4u/gmjcsm,Fig-C09.pdf,Andreas Lichter; Max Löffler; Sebastian Siegloch
10.7910/dvn/xee99u/rt6ds8,03 Lin_Osnabruegge_RAP_data.dta,Nick Lin; Moritz Osnabrügge
10.7910/dvn/tmwjyl/xz8kds,__Replications__.txt,Daniel Stegmueller
10.7910/dvn/yk8l4i,Pro-Government Militias Database 2.1,Sabine C. Carey; Neil J. Mitchell
10.7910/dvn/y5y6vd/fa2zfo,plotsSub_CCREM_lifecycle_Essentials_1_onlyInterviewed.png,Alexander Wuttke; Gavras; Harald Schoen
10.7910/dvn/y5y6vd/v4u3gk,html_list_GAM_Full.Rdata,Alexander Wuttke; Gavras; Harald Schoen
10.7910/dvn/y5y6vd/bxsj46,plotsFull_GAM_cohort_1.png,Alexander Wuttke; Gavras; Harald Schoen
10.7910/dvn/yy7xbx/jitopq,Replicationfile.do,Christoph Steinert
10.7910/dvn/qnasjj,Reproduction files for: Party institutionalization and intra-party preference homogeneity,Matthias Mader; Nils D. Steiner
10.7910/dvn/y5y6vd/yyhv2a,plotsSub_CCREM_cohort_DemImportant_onlyInterviewed.png,Alexander Wuttke; Gavras; Harald Schoen
10.7910/dvn/wg8vck/0dzxyv,cons.csv,Indridi Indridason; Charles Crabtree; Matt Golder; Thomas Gschwend
10.7910/dvn/wg8vck/oazjd1,fig5b.pdf,Indridi Indridason; Charles Crabtree; Matt Golder; Thomas Gschwend
10.7910/dvn/wg8vck/jaxtxi,figure2.do,Indridi Indridason; Charles Crabtree; Matt Golder; Thomas Gschwend
10.7910/dvn/xee99u,Replication Data for: Making Comprehensible Speeches When Your Constituents Need It,Nick Lin; Moritz Osnabrügge
10.7910/dvn/wg8vck/rzha2u,sentiment.log,Indridi Indridason; Charles Crabtree; Matt Golder; Thomas Gschwend
10.7910/dvn/wmvc4u/osqwzu,soep2repo_revenge_index_res_fe.tab,Andreas Lichter; Max Löffler; Sebastian Siegloch
10.7910/dvn/wg8vck/l4xr11,figure1_appendix.log,Indridi Indridason; Charles Crabtree; Matt Golder; Thomas Gschwend
10.7910/dvn/y5y6vd/zli5kl,plotsSub_CCREM_cohort_DemImportant.png,Alexander Wuttke; Gavras; Harald Schoen
10.7910/dvn/wg8vck/uhncdn,figure4.log,Indridi Indridason; Charles Crabtree; Matt Golder; Thomas Gschwend
10.7910/dvn/v5aoxd,"Replication Data for: Between Strategy and Protest: How Policy Demand, Political Dissatisfaction and Strategic Incentives Matter for Far Right Voting",Denis Cohen
10.7910/dvn/wmvc4u/aqdthk,Fig-C14.pdf,Andreas Lichter; Max Löffler; Sebastian Siegloch
10.7910/dvn/yhjucj/qdjxkx,8.clinical_articles_80pct_genderdesig.tab,Marc Lerchenmueller
10.7910/dvn/y5y6vd/2gkqpt,plotsFull_CCREM_cohort_25.png,Alexander Wuttke; Gavras; Harald Schoen
10.7910/dvn/y5y6vd/rq2fga,html_list_CCREM_sub_onlyInterviewed.Rdata,Alexander Wuttke; Gavras; Harald Schoen
10.7910/dvn/y5y6vd/rkop5u,plotsFull_CCREM_lifecycle_121_onlyInterviewed.png,Alexander Wuttke; Gavras; Harald Schoen
10.7910/dvn/y5y6vd/kq8jgg,plotsFull_CCREM_cohort_169_onlyInterviewed.png,Alexander Wuttke; Gavras; Harald Schoen
10.7910/dvn/wg8vck/ftpmks,sentiment.do,Indridi Indridason; Charles Crabtree; Matt Golder; Thomas Gschwend
10.7910/dvn/y5y6vd/b9kaaj,plotsFull_CCREM_cohort_73_onlyInterviewed.png,Alexander Wuttke; Gavras; Harald Schoen
10.7910/dvn/y5y6vd/kmcfqc,plotsFull_GAM_cohort_121.png,Alexander Wuttke; Gavras; Harald Schoen
10.7910/dvn/y5y6vd/rcimsx,plotsSub_CCREM_cohort_Essentials_1_onlyInterviewed.png,Alexander Wuttke; Gavras; Harald Schoen
10.7910/dvn/y5y6vd/mfhvgi,plotsSub_GAM_cohort_Essentials_31.png,Alexander Wuttke; Gavras; Harald Schoen
10.7910/dvn/y5y6vd/0zvqhr,14_RegTables_Subsample_onlyInterviewed.R,Alexander Wuttke; Gavras; Harald Schoen
10.7910/dvn/wmvc4u/z7rqnu,Munidata.tab,Andreas Lichter; Max Löffler; Sebastian Siegloch
10.7910/dvn/y5y6vd/rnkpag,plotsFull_CCREM_cohort_1.png,Alexander Wuttke; Gavras; Harald Schoen
10.7910/dvn/y5y6vd/4ngkie,plotsFull_CCREM_lifecycle_97.png,Alexander Wuttke; Gavras; Harald Schoen
10.7910/dvn/wmvc4u/qwmjq6,Crosswalk_Munis.tab,Andreas Lichter; Max Löffler; Sebastian Siegloch
10.7910/dvn/wmvc4u/q0qphk,soep2repo_mean_selfempl_res_fe.tab,Andreas Lichter; Max Löffler; Sebastian Siegloch
10.7910/dvn/y5y6vd/5upnmw,plotsSub_GAM_cohort_Essentials_16.png,Alexander Wuttke; Gavras; Harald Schoen
10.7910/dvn/wmvc4u/ipdgmg,Fig-C16.pdf,Andreas Lichter; Max Löffler; Sebastian Siegloch
10.7910/dvn/wmvc4u/tejkc4,soep2repo_mean_pol_interest_res_fe.tab,Andreas Lichter; Max Löffler; Sebastian Siegloch
10.7910/dvn/yhjucj/iunogv,10.Pubmed_research_core_analyses.do,Marc Lerchenmueller
10.7910/dvn/rb9ch9/emxgcr,replication.r,David Fortunato; Thomas König; Sven‐Oliver Proksch
10.7910/dvn/yhjucj/5e66cy,4.Clinical_research_core_analyses.do,Marc Lerchenmueller
10.7910/dvn/y5y6vd/htbgy2,html_list_GAM_Sub_onlyInterviewed.Rdata,Alexander Wuttke; Gavras; Harald Schoen
10.7910/dvn/yg9cmf/iu9uil,readme.txt,Matthias Mader; Nils D. Steiner; Harald Schoen
10.7910/dvn/wg8vck/rtqmyf,figure2.log,Indridi Indridason; Charles Crabtree; Matt Golder; Thomas Gschwend
10.7910/dvn/y5y6vd/zszr5y,html_list_GAM_Sub.Rdata,Alexander Wuttke; Gavras; Harald Schoen
10.7910/dvn/yhjucj/v33sna,3.NLP_Nouns.py,Marc Lerchenmueller
10.7910/dvn/wg8vck/rwzhiy,fig2b.pdf,Indridi Indridason; Charles Crabtree; Matt Golder; Thomas Gschwend
10.7910/dvn/wmvc4u/rnnf9q,soep2repo_counties.tab,Andreas Lichter; Max Löffler; Sebastian Siegloch
10.7910/dvn/y5y6vd/duzmpv,plotsFull_CCREM_cohort_1_onlyInterviewed.png,Alexander Wuttke; Gavras; Harald Schoen
10.7910/dvn/wmvc4u/8brdnl,repo2soep_countydata.do,Andreas Lichter; Max Löffler; Sebastian Siegloch
10.7910/dvn/w4xwvu/rfsque,replikation.R,Thomas Gschwend; Sebastian Juhl; Roni Lehrer
10.7910/dvn/y5y6vd/9bspdr,plotsSub_GAM_cohort_DemImportant.png,Alexander Wuttke; Gavras; Harald Schoen
10.7910/dvn/wmvc4u/j9suxg,Fig-C08.pdf,Andreas Lichter; Max Löffler; Sebastian Siegloch
10.7910/dvn/y5y6vd/ofakxf,plotsFull_CCREM_lifecycle_49_onlyInterviewed.png,Alexander Wuttke; Gavras; Harald Schoen
