DOI,Title,Creators,Publisher
10.4232/1.3721,ALLBUScompact/GGSScompact 2000 CAPI (Allgemeine Bevölkerungsumfrage der Sozialwissenschaften/German General Social Survey 2000 CAPI),"Allmendinger, Jutta; Allmendinger, Jutta; Andreß, Hans-Jürgen; Andreß, Hans-Jürgen; Bürklin, Wilhelm; Bürklin, Wilhelm; Diekmann, Andreas; Diekmann, Andreas; Feger, Hubert; Feger, Hubert; Huinink, Johannes; Huinink, Johannes; Meulemann, Heiner; Meulemann, Heiner; Müller, Walter; Müller, Walter; Opp, Karl Dieter; Opp, Karl Dieter; Scheuch, Erwin K.; Scheuch, Erwin K.; Solga, Heike; Solga, Heike",GESIS Data Archive for the Social Sciences
10.4232/1.2546,Election Study 1994: Politbarometer West 1994 (Trend Investigations),"Berger, Manfred; Berger, Manfred; Jung, Matthias; Jung, Matthias; Roth, Dieter; Roth, Dieter; Gibowski, Wolfgang G.; Gibowski, Wolfgang G.; Kaase, Max; Kaase, Max; Klingemann, Hans-Dieter; Klingemann, Hans-Dieter; Küchler, Manfred; Küchler, Manfred; Pappi, Franz U.; Pappi, Franz U.; Semetko, Holli A.; Semetko, Holli A.",GESIS Data Archive for the Social Sciences
10.4232/1.11703,Immigrant children and youths in the German and Israeli educational systems (third transition),"Adler, Irit; Adler, Irit; Bolotin-Chachashvili, Svetlana; Bolotin-Chachashvili, Svetlana; Hämmerling, Aline; Hämmerling, Aline; Jacob, Konstanze; Jacob, Konstanze; Jahn, Judith; Jahn, Judith; Kalter, Frank; Kalter, Frank; Kogan, Irena; Kogan, Irena; Kristen, Cornelia; Kristen, Cornelia; Levin-Epstein, Noah; Levin-Epstein, Noah; Roth, Tobias; Roth, Tobias; Salikutluk, Zerrin; Salikutluk, Zerrin; Shavit, Yossi; Shavit, Yossi; Steinmetz, Stephanie; Steinmetz, Stephanie",GESIS Data Archive for the Social Sciences
10.4232/1.3451,ALLBUS/GGSS 2000 CAPI (Allgemeine Bevölkerungsumfrage der Sozialwissenschaften/German General Social Survey 2000 CAPI),"Allmendinger, Jutta; Allmendinger, Jutta; Andreß, Hans-Jürgen; Andreß, Hans-Jürgen; Bürklin, Wilhelm; Bürklin, Wilhelm; Diekmann, Andreas; Diekmann, Andreas; Feger, Hubert; Feger, Hubert; Huinink, Johannes; Huinink, Johannes; Meulemann, Heiner; Meulemann, Heiner; Müller, Walter; Müller, Walter; Opp, Karl-Dieter; Opp, Karl-Dieter; Scheuch, Erwin K.; Scheuch, Erwin K.; Solga, Heike; Solga, Heike",GESIS Data Archive for the Social Sciences
10.4232/1.12368,Langfrist-Online-Tracking T29 (GLES),"Roßteutscher, Sigrid; Schmitt-Beck, Rüdiger; Schoen, Harald; Weßels, Bernhard; Wolf, Christof; Henckel, Simon; Bieber, Ina; Scherer, Philipp",
10.7910/dvn/27333,"Replication data for: Governments, Parliaments, and Legislative Activity","Bräuninger, Thomas; Debus, Marc; Wüst, Fabian",Harvard Dataverse
10.7910/dvn/jbogc9,Replication Code for: The Power of Mandatory Quality Disclosure: Evidence from the German Housing Market,"Gerster, Andreas; Frondel, Manuel; Vance, Colin",Harvard Dataverse
10.7910/dvn/yfgxq3,Replication Data for: Precarious work and challenger parties: how precarity influenced vote choice in the 2018 Italian election,"Girardi, Elisabetta",Harvard Dataverse
10.5441/002/edbt.2019.34,Extending Cross-Domain Knowledge Bases with Long Tail Entities using Web Table Data,"Oulabi, Yaser; Bizer, Christian",
10.7910/dvn/oqtuzm,"Replication Data for ""Does poverty undermine cooperation in multiethnic settings? Evidence from a cooperative investment experiment.""","Schaub, Max; Gereke, Johanna; Baldassarri, Delia",Harvard Dataverse
10.5281/zenodo.6842197,Replication package for: How the Other Half Died: Immigration and Mortality in US Cities,"Ager, Philipp; Feigenbaum, James; Hansen, Casper Worm; Tan, Hui Ren",Zenodo
10.7910/dvn/dzugkd,"Replication Data for: Mortgage Design, Repayment Schedules, and Household Borrowing","van Santen, Peter; Bäckman, Claes; Moran, Patrick",
10.7910/dvn/tiumnc,Reproduction files for: Why is the AfD so successful in East Germany? An analysis of the ideational foundations of the AfD vote at the 2017 federal election,"Mader, Matthias; Pesthy, Maria; Schoen, Harald",Harvard Dataverse
10.4232/1.1138,Mannheim Elite Study 1968,"Schleth, Ulrich; Schleth, Ulrich; Wildenmann, Rudolf; Wildenmann, Rudolf",GESIS Data Archive for the Social Sciences
10.7910/dvn/emidoa,Replication Data for: Voting for Votes: Opposition Parties’ Legislative Activity and Electoral Outcomes,"Tuttnauer, Or; Wegmann, Simone",Harvard Dataverse
10.4232/1.1191,Political Ideology II (Representative Survey 1980),"Allerbeck, Klaus R.; Allerbeck, Klaus R.; Kaase, Max; Kaase, Max; Klingemann, Hans-Dieter; Klingemann, Hans-Dieter",GESIS Data Archive for the Social Sciences
10.4232/1.4519,Post-election Surveys on Federal Parliament Election 1949-2005 (Cumulated Variable Selection),"Institut für Demoskopie, Allensbach; Institut für Demoskopie, Allensbach; Reigrotzki, Erich; Reigrotzki, Erich; Scheuch, Erwin K.; Scheuch, Erwin K.; Wildenmann, Rudolf; Wildenmann, Rudolf; Baumert, Gerhard; Baumert, Gerhard; Berger, Manfred; Berger, Manfred; Kaase, Max; Kaase, Max; Schleth, Uwe; Schleth, Uwe; Fuchs, Dieter; Fuchs, Dieter; Klingemann, Hans-Dieter; Klingemann, Hans-Dieter; Pappi, Franz Urban; Pappi, Franz Urban; Küchler, Manfred; Küchler, Manfred; Forschungsgruppe Wahlen, Mannheim; Forschungsgruppe Wahlen, Mannheim; Semetko, Holli A.; Semetko, Holli A.; Mannheimer Zentrum für Europäische Sozialforschung (MZES), Mannheim; Mannheimer Zentrum für Europäische Sozialforschung (MZES), Mannheim; Wissenschaftszentrum Berlin für Sozialforschung (WZB), Berlin; Wissenschaftszentrum Berlin für Sozialforschung (WZB), Berlin; Jung, Matthias; Jung, Matthias; Zentralarchiv für Empirische Sozialforschung, Universität zu Köln; Zentralarchiv für Empirische Sozialforschung, Universität zu Köln; Falter, Jürgen W.; Falter, Jürgen W.; Gabriel, Oscar W.; Gabriel, Oscar W.; Rattinger, Hans; Rattinger, Hans; Kühnel, Steffen; Kühnel, Steffen; Niedermayer, Oskar; Niedermayer, Oskar; Westle, Bettina; Westle, Bettina; Roth, Dieter; Roth, Dieter; Gibowski, Wolfgang G.; Gibowski, Wolfgang G.; Gruber, Edelgard; Gruber, Edelgard; Schulte, Wolfgang; Schulte, Wolfgang",GESIS Data Archive for the Social Sciences
10.7910/dvn/n4rske,"Replication Data for: Preißinger, Maria and Meyer, Marco (2015): Einstellungszugänglichkeit im Laufe von Wahlkämpfen: Aktivierungseffekte im Kontext der Bundestagswahlen 2005, 2009 und 2013. Politische Viertelsjahresschrift. Sonderheft ""Politische Psychologie"": 439-464.","Preißinger, Maria",Harvard Dataverse
10.4232/1.13700,Mannheim Corona Study,"Blom, Annelies G.; Blom, Annelies G.; Cornesse, Carina; Cornesse, Carina; Friedel, Sabine; Friedel, Sabine; Krieger, Ulrich; Krieger, Ulrich; Fikel, Marina; Fikel, Marina; Rettig, Tobias; Rettig, Tobias; Wenz, Alexander; Wenz, Alexander; Juhl, Sebastian; Juhl, Sebastian; Lehrer, Roni; Lehrer, Roni; Möhring, Katja; Möhring, Katja; Naumann, Elias; Naumann, Elias; Reifenscheid, Maximiliane; Reifenscheid, Maximiliane; SFB 884 ´Political Economy of Reforms´, Universität Mannheim; SFB 884 ´Political Economy of Reforms´, Universität Mannheim",GESIS Data Archive for the Social Sciences
10.4232/1.10404,"Langfrist-Online-Tracking, T10 (GLES 2009)","Rattinger, Hans; Roßteutscher, Sigrid; Schmitt-Beck, Rüdiger; Weßels, Bernhard",
10.7910/dvn/rcva0x,"Replication Data for: Numbers, Selectivity and Rights: The Conditional Nature of Immigration Policy Preferences","Helbling, Marc; Maxwell, Rahsaan; Traunmueller, Richard",Harvard Dataverse
10.4232/1.10367,"TV-Duell-Analyse, Befragung (GLES 2009)","Rattinger, Hans; Roßteutscher, Sigrid; Schmitt-Beck, Rüdiger; Weßels, Bernhard; Brettschneider, Frank; Faas, Thorsten; Maier, Jürgen; Maier, Michaela",
10.7910/dvn/0k34r2,"Replication Data for ""Borders and Bullies: How Borders shape Perceptions of Security and Foreign Policy Preference""","Carey, Sabine",Harvard Dataverse
10.4232/1.10369,"TV-Duell-Analyse, Real-Time-Response-Daten (GLES 2009)","Rattinger, Hans; Roßteutscher, Sigrid; Schmitt-Beck, Rüdiger; Weßels, Bernhard; Brettschneider, Frank; Faas, Thorsten; Maier, Jürgen; Maier, Michaela",
10.7910/dvn/crouhh,Rules and Allies: Foreign Election Interventions,"Bubeck, Johannes; Marinov, Nikolay",Harvard Dataverse
10.7910/dvn/bte2bk,Replication Data for: Risk Aversion and the Gender Gap in the Vote for Populist Radical Right Parties,"Oshri, Odelia; Harsgor, Liran; Itzkovitch-Malka, Reut; Tuttnauer, Or",Harvard Dataverse
10.4232/1.14697,Radikale und extremistische Einstellungen in Europa,"Helbling, Marc; Fadarkhan Osenbrügge, Nina; Jungkunz, Sebastian",GESIS
10.4232/1.12166,Wahlkampf-Panel 2013 - Kontrollquerschnitt III (zu Welle 7) (GLES),"Rattinger, Hans; Roßteutscher, Sigrid; Schmitt-Beck, Rüdiger; Weßels, Bernhard; Wolf, Christof; Plischke, Thomas; Wiegand, Elena",
10.4232/1.11891,Vor- und Nachwahl-Querschnitt (Kumulation) (GLES2013),"Rattinger, Hans; Roßteutscher, Sigrid; Schmitt-Beck, Rüdiger; Weßels, Bernhard; Wolf, Christof",
10.7910/dvn/arkbat,"Reproduction files for: Chancellor Merkel, the European Debt Crisis and the AfD: An Analysis of Voting Behaviour in the 2013 Federal Election","Mader, Matthias; Schoen, Harald",Harvard Dataverse
10.7910/dvn/26792,Replication data and supplementary materials for Using Twitter to mobilise protest action.,"Lowe, Will",Harvard Dataverse
10.4232/1.11559,"Langfrist-Online-Tracking, T18 (GLES)","Rattinger, Hans; Roßteutscher, Sigrid; Schmitt-Beck, Rüdiger; Weßels, Bernhard; Wolf, Christof",
10.7801/reichsanzeiger,Deutscher Reichsanzeiger und Preußischer Staatsanzeiger ,Universitätsbibliothek Mannheim,
10.7910/dvn/y5y6vd,Replication Data for: 'Have Europeans Grown Tired of Democracy?',"Wuttke, Alexander; , Gavras; Schoen, Harald",Harvard Dataverse
10.4232/1.11201,"State Election in Baden-Wuerttemberg 1968 (Preliminary Investigation, March 1968)","Adrian, Wolfgang; Adrian, Wolfgang; Berger, Manfred; Berger, Manfred",GESIS Data Archive for the Social Sciences
10.5441/002/icdt.2014.04,Search Joins with the Web,"Bizer, Christian",
10.7910/dvn/csx1vl,Replication Data for: Comparative Politics and Causal Evaluation of Structural Reforms: The Case of the UK National Minimum Wage Introduction,"König, Thomas; Ropers, Guido; Buchmann, Anika",Harvard Dataverse
10.7910/dvn/yy7xbx,Trial fairness before impact: Tracing the link between post-conflict trials and peace stability,"Steinert, Christoph",Harvard Dataverse
10.7910/dvn/rsfh7y,Replication Data for: Gendered Patterns of Parliamentary Attention,"Rittmann, Oliver; Nyhuis, Dominic; Ringwald, Tobias",
10.7910/dvn/mycjsh,Replication Data for: 'Them' Without 'Us': Negative Identities and Affective Polarisation in Brazil,"Areal, João",Harvard Dataverse
10.7910/dvn/6anzaj,Replication Data for: The cost of compromise: How coalition participation shapes party membership,"Debus, Marc; Imre, Michael; Bäck, Hanna",Harvard Dataverse
10.4232/cils4eu.5656.1.1.0,Children of Immigrants Longitudinal Survey in Four European Countries (CILS4EU) - Reduzierte Version. Reduzierter Datenbestand zum Download und zur off-site Nutzung,"Kalter, Frank; Heath, Anthony F.; Hewstone, Miles; Jonsson, Jan O.; Kalmijn, Matthijs; Kogan, Irena; Tubergen, Frank Van; Kroneberg, Clemens; Andersson Rydell, Linus; Brolin Låftman, Sara; Dollmann, Jörg; Engzell, Per; Geven, Sara; Horr, Andreas; Huuva, Lou; Jacob, Konstanze; Jaspers, Eva; Kruse, Hanno; Parameshwaran, Meenakshi; Rudolphi, Frida; Salikutluk, Zerrin; Smith, Sanne; Zantvliet, Pascale Van",
10.4232/1.12986,Wahlkampf-Panel 2017 – Kontrollquerschnitt II (zu Welle 6) (GLES),"Roßteutscher, Sigrid; Schmitt-Beck, Rüdiger; Schoen, Harald; Weßels, Bernhard; Wolf, Christof; Preißinger, Maria; Kratz, Agatha; Wuttke, Alexander",
10.7910/dvn/jsxoey,Replication Data for: Modeling preferences using roll call votes in parliamentary systems,"Bräuninger, Thomas; Müller, Jochen; Stecker, Christian",Harvard Dataverse
10.7910/dvn/khzqa2,Replication Data for: Temporal Strategies,"Garwe, Christoph; Engst, Benjamin G.; Stawicki, Yannick; Hönnige, Christoph",Harvard Dataverse
10.7910/dvn/43dqvr,Replication Data for: Zero-sum thinking and the cultural threat of Muslim immigrants’ religious rights,"Helbling, Marc; Ivarsflaten, Elisabeth; Traunmueller, Richard",
10.4232/1.13403,"Langfrist-Online-Tracking, Kumulation 2009-2017 (GLES)","Roßteutscher, Sigrid; Schmitt-Beck, Rüdiger; Schoen, Harald; Weßels, Bernhard; Wolf, Christof; Stövsand, Lars-Christopher; Bühler, Pascal; Ehmes, Sven; Dietz, Melanie; Scherer, Philipp",
10.4232/1.0869,Politics in the Saarland (February 1975),"Kaase, Max; Kaase, Max",GESIS Data Archive for the Social Sciences
10.4232/1.0327,Landtagswahl in Baden-Württemberg 1968 (Nachuntersuchung),"Wildenmann, Rudolf; Kaase, Max",
10.7910/dvn/vmslwf,Replication Data for: Political ambition and opposition legislative review: Bill scrutiny as an intra-party signalling device,"Behrens, Lion",Harvard Dataverse
10.7910/dvn/ipgctn,Replication Data for: Biased Bureaucrats and the Policies of International Organizations,"Lang, Valentin; Kentikelenis, Alexandros; Wellner, Lukas",Harvard Dataverse
10.4232/1.0636,"Wahlstudie 1972 (Panel: Voruntersuchung, Oktober - November 1972)","Berger, Manfred; Wildenmann, Rudolf; Schleth, Uwe; Roth, Dieter; Kaase, Max; Gibowski, Wolfgang G.",
10.7910/dvn/fvi3qw,"PSoGA: Sentence-level and manifesto-level social group appeals in party election manifestos across eight European democracies, 1970–2025","Dolinsky, Alona O.; Huber, Lena Maria; Horne, Will",Harvard Dataverse
10.7910/dvn/jwpdyk,Replication Data for: Broad and detailed agreement: Public preferences for German immigration policy,"Helbling, Marc; Jäger, Felix; Maxwell, Rahsaan; Traunmüller, Richard",Harvard Dataverse
10.4232/1.12035,"Langfrist-Online-Tracking, T20 (GLES)","Rattinger, Hans; Roßteutscher, Sigrid; Schmitt-Beck, Rüdiger; Weßels, Bernhard; Wolf, Christof; Bieber, Ina; Scherer, Philipp",
10.4232/1.12286,"Langfrist-Online-Tracking, Kumulation 2009 – 2014, Kernfragen (GLES)","Rattinger, Hans; Roßteutscher, Sigrid; Schmitt-Beck, Rüdiger; Weßels, Bernhard; Wolf, Christof; Henckel, Simon; Bieber, Ina; Scherer, Philipp",
10.7910/dvn/t2fzk3,Replication Data for: Illiberal Communication and Election Intervention During the Refugee Crisis in Germany,"Elshehawy, Ashrakat; Gavras, Konstantin; Marinov, Nikolay; Nanni, Federico; Schoen, Harald",Harvard Dataverse
10.60817/x9t5-z347,Psychological and physiological symptoms during and after traumatic experiences,"Hettegger, Sabrina; Danböck, Sarah; Unterseher, Franziska; Liedlgruber, Michael; Miedl, Stephan; Wilhelm, Frank",
10.4232/1.12413,"Zwischenerhebung der 2005, 2009 und 2013 gestarteten Langfrist-Panels und des Wahlkampf-Panels 2013 (GLES)","Rattinger, Hans; Roßteutscher, Sigrid; Schmitt-Beck, Rüdiger; Weßels, Bernhard; Wolf, Christof; Blumenstiel, Jan Eric; Wiegand, Elena",
10.7910/dvn/8otwjg,"Reproduction files for ""The Impact of Sound-Bite Journalism on Public Argument""","Rinke, Eike Mark",Harvard Dataverse
10.4232/1.1059,"Wahlstudie 1980 (Politbarometer, Juni 1980)","Berger, Manfred; Gibowski, Wolfgang G.; Roth, Dieter; Schulte, Wolfgang; Fuchs, Dieter; Kaase, Max; Klingemann, Hans-Dieter; Schleth, Uwe",
10.1037/e722842011-018,Overconfidence of professionals and lay men: Individual differences within and between tasks?,Markus Glaser; Thomas Langer; Martin Weber,American Psychological Association (APA)
10.7910/dvn/qv7ajh,Replication Data for: Resist to Commit: Concrete Campaign Statements and the Need to Clarify a Partisan Reputation,"Eichorst, Jason; Lin, Nick C.N.",Harvard Dataverse
10.7910/dvn/uup8cx,The Crowdsourced Replication Initiative Participant Survey,"Breznau, Nate; Rinke, Eike Mark; Wuttke, Alexander",Harvard Dataverse
10.7910/dvn/eb0bga,Replication Data for: Let’s Just Agree to Disagree: Dispute Resolution Mechanisms in Coalition Agreements,"Indridason, Indridi; Bowler, Shaun; Bräuninger, Thomas; Debus, Marc",Harvard Dataverse
10.4232/1.1533,"Wahlstudie 1987 (Panel: 1. Welle, September 1986)","Berger, Manfred; Gibowski, Wolfgang G.; Kaase, Max; Klingemann, Hans-Dieter; Küchler, Manfred; Pappi, Franz U.; Roth, Dieter; Schulte, Wolfgang",
10.4232/1.12985,Wahlkampf-Panel 2017 – Kontrollquerschnitt I (zu Welle 4) (GLES),"Roßteutscher, Sigrid; Schmitt-Beck, Rüdiger; Schoen, Harald; Weßels, Bernhard; Wolf, Christof; Preißinger, Maria; Kratz, Agatha; Wuttke, Alexander",
10.4232/1.1534,"Wahlstudie 1987 (Panel: 2. Welle, Januar 1987)","Berger, Manfred; Gibowski, Wolfgang G.; Kaase, Max; Klingemann, Hans-Dieter; Küchler, Manfred; Pappi, Franz U.; Roth, Dieter; Schulte, Wolfgang",
10.7801/aktienfuehrer,Aktienführer-Datenarchiv,Universitätsbibliothek Mannheim,
10.7910/dvn/yg9cmf,Reproduction files for: The globalisation divide in the public mind: Belief systems on globalisation and their electoral consequences,"Mader, Matthias; Steiner, Nils D.; Schoen, Harald",Harvard Dataverse
10.7910/dvn/l3c3gf,"Supplemental materials for ""European public opinion: united in supporting Ukraine, divided on the future of NATO""","Münchow, Felix; Mader, Matthias; Thomson, Catarina",Harvard Dataverse
10.4232/1.12542,Langfrist-Online-Tracking T31 (GLES),"Roßteutscher, Sigrid; Schmitt-Beck, Rüdiger; Schoen, Harald; Weßels, Bernhard; Wolf, Christof; Henckel, Simon; Bieber, Ina; Scherer, Philipp",
10.4232/1.2521,"Comparative Election Study 1990 (Spouses, 2nd Wave)","Kaase, Max; Kaase, Max",GESIS Data Archive for the Social Sciences
10.7910/dvn/vjqkpq,Replication data for: Understanding Wordscores,"Lowe, Will",Harvard Dataverse
10.7910/dvn/xil6ow,Open Expert Survey 2021,"Jankowski, Michael; Stecker, Christian; Blätte, Andreas; Bräuninger, Thomas; Debus, Marc; Kurella, Anna-Sophie; Müller, Jochen; Pickel, Susanne",Harvard Dataverse
10.7910/dvn/4lgsoy,"Replication Data for Immigration, Integration and Cooperation: Experimental Evidence from a Public Goods Game in Italy","Gereke, Johanna",Harvard Dataverse
10.4232/1.12168,Langfrist-Online-Tracking T26 (GLES),"Rattinger, Hans; Roßteutscher, Sigrid; Schmitt-Beck, Rüdiger; Weßels, Bernhard; Wolf, Christof",
10.7910/dvn/t9p4wg,Replication Data for: Assessing the Validity of the Manifesto Common Space Scores,"Flentje, Jan-Erik; König, Thomas; Marbach, Moritz",Harvard Dataverse
10.4232/1.4071,On the introduction of the Euro,"Pappi, Franz U.; Pappi, Franz U.",GESIS Data Archive for the Social Sciences
10.7910/dvn/t5lyws,Replication Data for: Temporary Disenfranchisement: Negative Side-Effects of Lowering the Voting Age,"Leininger, Arndt; Sohnius, Marie-Lou; Faas, Thorsten; Rossteutscher, Sigrid; Schäfer, Armin",Harvard Dataverse
10.7910/dvn/aek5t2,Replication Data for: How occupation shapes awareness and preferences for European funding,"Lattmann, Johannes; Schweizer, David",Harvard Dataverse
10.4232/1.11584,"Langfrist-Online-Tracking, T19 (GLES)","Rattinger, Hans; Roßteutscher, Sigrid; Schmitt-Beck, Rüdiger; Weßels, Bernhard; Wolf, Christof",
10.4232/1.1535,"Wahlstudie 1987 (Panel: 3. Welle, Februar 1987)","Berger, Manfred; Gibowski, Wolfgang G.; Kaase, Max; Klingemann, Hans-Dieter; Küchler, Manfred; Pappi, Franz U.; Roth, Dieter; Schulte, Wolfgang",
10.4232/1.1139,Leadership in the Federal Republic of Germany (Mannheim Elite Study 1981),"Kaase, Max; Kaase, Max; Wildenmann, Rudolf; Wildenmann, Rudolf",GESIS Data Archive for the Social Sciences
10.4232/1.2559,Wahlstudie 1994: Politbarometer Ost 1994 (Trenduntersuchungen),"Berger, Manfred; Jung, Matthias; Roth, Dieter; Gibowski, Wolfgang G.; Kaase, Max; Klingemann, Hans-Dieter; Küchler, Manfred; Pappi, Franz U.; Semetko, Holli A.",
10.7910/dvn/a48jp7,Replication Data for: Conceptions of National Identity and Ambivalence towards Immigration,"Lindstam, Emmy; Mader, Matthias; Schoen, Harald",Harvard Dataverse
10.4232/1.12060,Langfrist-Panel 2009-2013-2017 (GLES 2013),"Rattinger, Hans; Roßteutscher, Sigrid; Schmitt-Beck, Rüdiger; Weßels, Bernhard; Wolf, Christof; Rudi, Tatjana; Blumenstiel, Jan Eric",
10.7910/dvn/23113,Replication data for: A Common Left-Right Scale for Voters and Parties in Europe,"Lo, James; Proksch, Sven-Oliver; Gschwend, Thomas",Harvard Dataverse
10.7910/dvn/n6m2oq,"Risk Mitigation, Regimes Security, and Militias: Beyond Coup-proofing","Carey, Sabine C.; Colaresi, Michael P.; Mitchell, Neil J.",Harvard Dataverse
10.4232/1.12047,Langfrist-Online-Tracking zur Landtagswahl Sachsen 2014 (GLES),"Rattinger, Hans; Roßteutscher, Sigrid; Schmitt-Beck, Rüdiger; Weßels, Bernhard; Wolf, Christof",
10.57770/vow6ci,Replication Data for: STD2P: RGBD Semantic Segmentation Using Spatio-Temporal Data-Driven Pooling,"He, Yang; Chiu, Wei-Chen; Keuper, Margret; Fritz, Mario",
10.7910/dvn/wg8vck,"Replication Data for It's Not Only What You Say, It's Also How You Say It: The Strategic Use of Campaign Sentiment","Indridason, Indridi; Crabtree, Charles; Golder, Matt; Gschwend, Thomas",Harvard Dataverse
10.5281/zenodo.485151,Unsupervised Does Not Mean Uninterpretable: The Case For Word Sense Induction And Disambiguation,"Panchenko, Alexander; Ruppert, Eugen; Faralli, Stefano; Ponzetto, Simone Paolo; Biemann, Chris",Zenodo
10.7910/dvn/df4dfh,Replication Data for: Left/Right or U? Estimating the Dimensionality of National Party Competition in Europe,"König, Thomas; Marbach, Moritz; Osnabrügge, Moritz",Harvard Dataverse
10.7910/dvn/e2hfkn,Replication Data for: Ein Umschwung in den letzten Wochen des Landtagswahlkampfes: Befunde einer mehrwelligen Wiederholungsbefragung zur niedersächsischen Landtagswahl 2017,"Wuttke, Alexander; Schoen, Harald; Kratz, Agatha; Preißinger, Maria",Harvard Dataverse
10.4232/1.2600,Pre-Election Study on the Federal Parliament Election 1994: Policy and Party Preference,"Pappi, Franz U.; Pappi, Franz U.; Berger, Manfred; Berger, Manfred; Jung, Matthias; Jung, Matthias; Roth, Dieter; Roth, Dieter; Gibowski, Wolfgang G.; Gibowski, Wolfgang G.; Kaase, Max; Kaase, Max; Klingemann, Hans-Dieter; Klingemann, Hans-Dieter; Küchler, Manfred; Küchler, Manfred; Semetko, Holli A.; Semetko, Holli A.",GESIS Data Archive for the Social Sciences
10.7910/dvn/fow7en,Harnessing GPT for Enhanced Academic Writing: Evidence from a Field Experiment with Early-Career Researchers in the Social Sciences,"Ratkovic, Marc",Harvard Dataverse
10.4232/1.2522,Comparative Election Study 1990 (Political Conversation Partners),"Kaase, Max; Kaase, Max",GESIS Data Archive for the Social Sciences
10.4232/1.4330,Study on Social Security Reform 2004,"Pappi, Franz U.; Pappi, Franz U.; Shikano, S.; Shikano, S.",GESIS Data Archive for the Social Sciences
10.7910/dvn/oesr62,"Replication Data for: “The Unequal Distribution of Speaking Time in Parliamentary Party Groups” by Hanna Bäck, Markus Baumann, Marc Debus and Jochen Müller.","Müller, Jochen; Bäck, Hanna; Baumann, Markus; Debus, Marc",Harvard Dataverse
10.7910/dvn/g0w9mh,Replication Data for Gendered discrimination against immigrants,"Gereke, Johanna",Harvard Dataverse
10.4232/1.11198,State Election in Bavaria 1966 (Preliminary Investigation),"Wildenmann, Rudolf; Wildenmann, Rudolf; Kaase, Max; Kaase, Max",GESIS Data Archive for the Social Sciences
10.4232/1.0963,Political Indicators (Panel 1974-1976),"Muller, Edward N.; Muller, Edward N.; Wildenmann, Rudolf; Wildenmann, Rudolf",GESIS Data Archive for the Social Sciences
10.4232/1.14200,GLES Codierung des wichtigsten politischen Problems (2018-2022),"Roßteutscher, Sigrid; Debus, Marc; Faas, Thorsten; Schoen, Harald",
10.4232/1.11606,Langfrist-Medienagenda-Analyse (GLES 2009),"Rattinger, Hans; Roßteutscher, Sigrid; Schmitt-Beck, Rüdiger; Weßels, Bernhard",
10.4232/1.12141,Language skills of qualified persons in education (SprachKoPF),"Thoma, Dieter; Thoma, Dieter; Tracy, Rosemarie; Tracy, Rosemarie",GESIS Data Archive for the Social Sciences
10.7910/dvn/bqpp7z,"Replication Data for: Preißinger, Maria and Schoen, Harald (2018): Entity and incremental theory of personality: Revisiting the validity of indicators. Personality and Individual Differences 130: 21-25.","Preißinger, Maria",Harvard Dataverse
10.4232/1.10766,Langfrist-Online-Tracking zur Landtagswahl Baden-Württemberg 2011 (GLES 2009),"Rattinger, Hans; Roßteutscher, Sigrid; Schmitt-Beck, Rüdiger; Weßels, Bernhard",
10.7910/dvn/hon8ft,Replication Data for: Protecting civilians in inter-communal conflict through remote sensing of climate impacts,"Sauter, Melanie; Dworschak, Christoph",
10.7910/dvn/upoclt,Reproduction files for: Ideological voting in context: The case of Germany during the Merkel era,"Mader, Matthias; Schoen, Harald",Harvard Dataverse
10.4232/1.11803,Rolling Cross-Section-Wahlkampfstudie mit Nachwahl-Panelwelle (GLES 2013),"Rattinger, Hans; Roßteutscher, Sigrid; Schmitt-Beck, Rüdiger; Weßels, Bernhard; Wolf, Christof",
10.4232/1.13463,"German Internet Panel, Wave 40 (March 2019)","Blom, Annelies G.; Blom, Annelies G.; Fikel, Marina; Fikel, Marina; Friedel, Sabine; Friedel, Sabine; Höhne, Jan Karem; Höhne, Jan Karem; Krieger, Ulrich; Krieger, Ulrich; Rettig, Tobias; Rettig, Tobias; Wenz, Alexander; Wenz, Alexander; SFB 884 ´Political Economy of Reforms´, Universität Mannheim; SFB 884 ´Political Economy of Reforms´, Universität Mannheim",GESIS Data Archive for the Social Sciences
10.4232/1.12420,"Langfrist-Online-Tracking, Kumulation 2009-2014, Modulfragen (GLES)","Rattinger, Hans; Roßteutscher, Sigrid; Schmitt-Beck, Rüdiger; Weßels, Bernhard; Wolf, Christof; Henckel, Simon; Bieber, Ina; Scherer, Philipp",
10.4232/1.1023,"Hospital Structure, Stress and Conduct Regarding Patients in the Hospital (Personnel Survey)","Bartholomeyczik, Eike; Bartholomeyczik, Eike; Bartholomeyczik, Sabine; Bartholomeyczik, Sabine; Beckmann, M.; Beckmann, M.; Bernhard, W.; Bernhard, W.",GESIS Data Archive for the Social Sciences
10.7910/dvn/rb9ch9,Government Agenda-Setting and Bicameral Conflict Resolution,"Fortunato, David; König, Thomas; Proksch, Sven-Oliver",Harvard Dataverse
10.5441/002/edbt.2020.13,Explaining Differences Between Unaligned Table Snapshots,"Fink, Manuel; Meilicke, Christian; Stuckenschmidt, Heiner",
10.7910/dvn/cli4ol,Reproduction files for: Crumbling in the face of cost? How cost considerations affect public support for European security and defence cooperation.,"Mader, Matthias; Münchow, Felix",Harvard Dataverse
10.4232/1.13681,"German Internet Panel, Wave 48 (July 2020)","Blom, Annelies G.; Blom, Annelies G.; Fikel, Marina; Fikel, Marina; Friedel, Sabine; Friedel, Sabine; Krieger, Ulrich; Krieger, Ulrich; Rettig, Tobias; Rettig, Tobias; SFB 884 ´Political Economy of Reforms´, Universität Mannheim; SFB 884 ´Political Economy of Reforms´, Universität Mannheim",GESIS Data Archive for the Social Sciences
10.7910/dvn/juvcnj,Replication Data for: When Europe hits the subnational authorities: The transposition of EU directives in Germany between 1990 and 2018,"Paasch, Jana; Stecker, Christian",Harvard Dataverse
10.7910/dvn/qwpdqj,Replication data for: Validating estimates of latent traits from textual data using human judgement as a benchmark,"Lowe, Will; Benoit, Kenneth",Harvard Dataverse
10.7910/dvn/prxhpm,Replication Data for: How to Deal With Reverse Causality Using Panel Data? Recommendations for Researchers Based on a Simulation Study,"Leszczensky, Lars; Wolbring, Tobias",Harvard Dataverse
10.4232/1.1342,Spelling Ability among Beginning Trainees (Panel: 2nd Wave 1980),"Huber, Wolfgang; Huber, Wolfgang",GESIS Data Archive for the Social Sciences
10.1037/e512592013-203,How specific is source memory for faces of cheaters? Evidence for categorical emotional tagging,R. Bell; A. Buchner; E. Erdfelder; T. Giang; C. Schain; N. Riether,American Psychological Association (APA)
10.7910/dvn/3kby7y,"Replication Data for: Maxwell, Helbling, Munzert &amp; Traunmueller: The importance of citizenship for deserving COVID-19 treatment.","Traunmueller, Richard",Harvard Dataverse
10.7910/dvn/gk9vch,Replication Data for: Strategic ambiguity of party positions in multiparty competition,"Bräuninger, Thomas; Giger, Nathalie",Harvard Dataverse
10.7910/dvn/kks1r0,"Replication Data for: Presidents, Policy Compromise and Legislative Success","Doyle, David; Arnold, Christian; Wiesehomeier, Nina",Harvard Dataverse
10.7910/dvn/sm7lzk,Replication Data for: Das Potential offener Listen für die Wahl von Frauen zum Bundestag. Ergebnisse eines Survey-Experiments,"Rudolph, Lukas; Däubler, Thomas; Menzner, Jan",Harvard Dataverse
10.7910/dvn/yhjucj,Replication Data for: Gender Differences In How Scientists Present The Importance Of Their Research,"Lerchenmueller, Marc",Harvard Dataverse
10.4232/1.13679,"German Internet Panel, Wave 46 (March 2020)","Blom, Annelies G.; Blom, Annelies G.; Fikel, Marina; Fikel, Marina; Friedel, Sabine; Friedel, Sabine; Krieger, Ulrich; Krieger, Ulrich; Rettig, Tobias; Rettig, Tobias; SFB 884 ´Political Economy of Reforms´, Universität Mannheim; SFB 884 ´Political Economy of Reforms´, Universität Mannheim",GESIS Data Archive for the Social Sciences
10.4232/1.11204,State Election in Rhineland-Palatinate 1967 (Preliminary Investigation),"Wildenmann, Rudolf; Wildenmann, Rudolf",GESIS Data Archive for the Social Sciences
10.4232/1.4924,Ethnical Boundaries and Social Context,"Esser, Hartmut; Esser, Hartmut; Ganter, Stephan; Ganter, Stephan; Jäger, Angela; Jäger, Angela",GESIS Data Archive for the Social Sciences
10.4232/1.12057,Langfrist-Online-Tracking zur Landtagswahl Thüringen 2014 (GLES),"Rattinger, Hans; Roßteutscher, Sigrid; Schmitt-Beck, Rüdiger; Weßels, Bernhard; Wolf, Christof",
10.7910/dvn/ony6wj,Replication Data for: Computing quantities of interest and their uncertainty using Bayesian simulation,"Murr, Andreas; Traunmueller, Richard; Gill, Jeff",Harvard Dataverse
10.7910/dvn/q2wlfs,Unpacking the effects of burdensome state actions on citizens’ policy perceptions,"Sievert, Martin; Bruder, Jonas",
10.7910/dvn/wqrzhs,Replication Data for: 'Leader of the Free World or Pioneer in Democracy’s Decline?',"Wuttke, Alexander",Harvard Dataverse
10.7910/dvn/nvkq5v,"Reproduction files for: The European refugee crisis, party competition, and voters’ responses in Germany","Mader, Matthias",Harvard Dataverse
10.4232/1.4978,Survey of members of the German Association for Political Sciences (DVPW),"Schmitt-Beck, Rüdiger; Schmitt-Beck, Rüdiger; Faas, Thorsten; Faas, Thorsten",GESIS Data Archive for the Social Sciences
10.7910/dvn/0qxypf,"Reproduction files for ""Deliberative Qualities of Generic News Frames""","Rinke, Eike Mark",Harvard Dataverse
10.7910/dvn/fflnyr,"Replication Data for: ""Advocates of Climate Action? The Age of Members of Parliament and their Activity in Legislative Debates on Climate Change""","Debus, Marc; Himmelrath, Noam",Harvard Dataverse
10.7910/dvn/5th3xy,Reproduction files for: National Identities and Mass Belief Systems on Foreign and Security Policy in Germany,"Mader, Matthias; Pötzschke, Jana",Harvard Dataverse
10.4232/1.10062,Saving and old-age provision in Germany (SAVE) 2009,"Börsch-Supan, Axel; Börsch-Supan, Axel; Coppola, Michela; Coppola, Michela; Ziegelmeyer, Michael; Ziegelmeyer, Michael",GESIS Data Archive for the Social Sciences
10.5281/zenodo.15223262,Knowledge Graph Functions in NFDI,"Shigapov, Renat; Schubotz, Moritz; Fliegl, Heike; Norouzi, Ebrahim; Fortmann-Grote, Carsten; Becker, Markus; Rossenova, Lozana; Tietz, Tabea; Posthumus, Etienne; Zapilko, Benjamin; Dietze, Stefan; Gesese, Genet-Asefa; Degbelo, Auriol; Grieb, Jonas; Rebecca Ondraszek, Sarah; Voss, Jakob; Thiery, Florian; W. Mees, Allard; Goedicke, Michael; Kaplan, Angelika",Zenodo
10.7910/dvn/najikb,Replication Data for: The Sensitivity of Spatial Regression Models to Network Misspecification,"Juhl, Sebastian",Harvard Dataverse
10.7910/dvn/ootxiw,Replication Data for: Longitudinal Analyses of Gender Differences in First Authorship Publications Related to COVID-19,"Lerchenmueller, Marc",Harvard Dataverse
10.7910/dvn/frek34,Replication data for: The strategic nature of compliance: An empirical evaluation of law implementation in the central monitoring system of the EU,"König, Thomas; Mäder, Lars",Harvard Dataverse
10.7910/dvn/gapiqo,Replication Data for: Wheeling and Dealing Behind Closed Doors: Estimating the Causal Effect of Transparency on Policy Evaluations Using a Survey Experiment,"Juhl, Sebastian; Hilpert, David",Harvard Dataverse
10.7910/dvn/22bgvu,Replication Data for: Die programmatischen Positionen der deutschen Parteien zur Bundestagswahl 2017: Ergebnisse einer Expertenbefragung,"Bräuninger, Thomas; Debus, Marc; Müller, Jochen; Stecker, Christian",Harvard Dataverse
10.7910/dvn/4t7q6u,Replication Data for: The role of issue salience and competitive advantages in spatial models of political competition,"Kurella, Anna",Harvard Dataverse
10.4232/1.13794,"German Internet Panel, Wave 52 (March 2021)","Blom, Annelies G.; Blom, Annelies G.; Gonzalez Ocanto, Marisabel; Gonzalez Ocanto, Marisabel; Fikel, Marina; Fikel, Marina; Krieger, Ulrich; Krieger, Ulrich; Rettig, Tobias; Rettig, Tobias; SFB 884 ´Political Economy of Reforms´, Universität Mannheim; SFB 884 ´Political Economy of Reforms´, Universität Mannheim",GESIS Data Archive for the Social Sciences
10.7910/dvn/khut6x,Replication Data for: Environmental Pollution and Authoritarian Politics,"Horz, Carlo M.; Marbach, Moritz; Steinert, Christoph Valentin",Harvard Dataverse
10.7910/dvn/mgm5qy,Replication Data for: The Gendered Costs of Stigma: How Experiences of Conflict-Related Sexual Violence Encourage Civic Engagement for Women and Men,"Koos, Carlo; Traunmueller, Richard",Harvard Dataverse
10.4232/1.12357,Europäische Kandidatenstudie 2014 (GLES),"Roßteutscher, Sigrid; Schmitt-Beck, Rüdiger; Schoen, Harald; Weßels, Bernhard; Wolf, Christof",
10.4232/1.11379,Allgemeine Bevölkerungsumfrage der Sozialwissenschaften ALLBUS - Kumulation 1980-2010,"Allerbeck, Klaus; Allmendinger, Jutta; Andreß, Hans-Jürgen; Bürklin, Wilhelm; Diekmann, Andreas; Feger, Hubert; Fetchenhauer, Detlef; Huinink, Johannes; Kiefer, Marie Luise; Kühnel, Steffen; Lepsius, M. Rainer; Liebig, Stefan; Mayer, Karl Ulrich; Meulemann, Heiner; Müller, Walter; Opp, Karl Dieter; Pappi, Franz Urban; Ziegler, Rolf; Scheuch, Erwin K.; Schmitt-Beck, Rüdiger; Solga, Heike; Trappe, Heike; Wagner, Michael",
10.7910/dvn/gj0gai,Replication Data for: How Party Competition Shapes Ethnic Parties’ Positions on Migration and Immigration,"Debus, Marc; Schulte, Felix",Harvard Dataverse
10.4232/1.11773,Landtagswahl Hessen 2013 (GLES),"Rattinger, Hans; Roßteutscher, Sigrid; Schmitt-Beck, Rüdiger; Weßels, Bernhard; Wolf, Christof",
10.7910/dvn/kkreya,Replication Data for: Do Public Fund Windfalls Increase Corruption? Evidence From a Natural Disaster,"Marinov, Nikolay; Nikolova, Elena",Harvard Dataverse
10.7910/dvn/kb4rjy,Replication Data for: When are populist parties populist? A study of populist sentiment in election manifestos of Germany’s AfD and Die LINKE,"Siefken, Leon",Harvard Dataverse
10.7910/dvn/346y30,Replication Data for: The potential of online sampling for studying political activists around the world and across time,"Jäger, Kai",Harvard Dataverse
10.21227/smmv-fk44,CRAWDAD tools/analyze/location/locana,"King, Thomas ;  Kopf, Stephan; Butter, Thomas ; Lemelson, Hendrik ; Effelsberg, Wolfgang ",
10.7910/dvn/3lrafl,Replication Data for: Climate Change Literacy and Migration Potential: Micro-Level Evidence from Africa,"Helbling, Marc",Harvard Dataverse
10.4232/1.12740,Sustainable media events? Production and discursive effects of staged global political media events in the area of climate change,"Wessler, Hartmut; Wessler, Hartmut",GESIS Data Archive for the Social Sciences
10.4232/1.12048,Angebot von Zusatzvariablen zur ALLBUS Kumulation 1980-2012,"Allerbeck, Klaus; Allmendinger, Jutta; Andreß, Hans-Jürgen; Bürklin, Wilhelm; Diekmann, Andreas; Feger, Hubert; Fetchenhauer, Detlef; Huinink, Johannes; Kiefer, Marie Luise; Kühnel, Steffen; Lepsius, M. Rainer; Liebig, Stefan; Mayer, Karl Ulrich; Meulemann, Heiner; Müller, Walter; Opp, Karl Dieter; Pappi, Franz Urban; Scheuch, Erwin K.; Schmitt-Beck, Rüdiger; Solga, Heike; Trappe, Heike; Wagner, Michael; Ziegler, Rolf",
10.4232/1.13731,"German Business Panel, Covid-19 Survey (2020/2021). Data file for on-site use","Bischof, Jannis; Bischof, Jannis; Doerrenberg, Philipp; Doerrenberg, Philipp; Rostam-Afschar, Davud; Rostam-Afschar, Davud; Simons, Dirk; Simons, Dirk; Voget, Johannes; Voget, Johannes",GESIS Data Archive for the Social Sciences
10.7910/dvn/law8um,Replication Data for: Pro-Government Militias and Conflict,"Carey, Sabine C.; Mitchell, Neil J.; Scharpf, Adam",Harvard Dataverse
10.7910/dvn/wxsco9,Replication Data for: Who’s Afraid of Sahra - Understanding the Shift in Votes Towards Germany’s Bündnis Sahra Wagenknecht,"Heckmann, Leon; Wurthmann, L. Constantin; Wagner, Sarah",Harvard Dataverse
10.4232/1.10445,Allgemeine Bevölkerungsumfrage der Sozialwissenschaften ALLBUS 2010,"Diekmann, Andreas; Fetchenhauer, Detlef; Kühnel, Steffen; Liebig, Stefan; Schmitt-Beck, Rüdiger; Trappe, Heike; Wagner, Michael",
10.4232/1.13008,Wahlkampf-Panel - Welle zur Niedersachsenwahl (GLES 2017),"Roßteutscher, Sigrid; Schmitt-Beck, Rüdiger; Schoen, Harald; Weßels, Bernhard; Wolf, Christof; Preißinger, Maria; Kratz, Agatha; Wuttke, Alexander",
10.4232/1.0472,Landtagswahl in Bayern 1966 (Voruntersuchung),"Wildenmann, Rudolf; Wolfgang, Adrian; Berger, Manfred",
10.4232/1.4995,Pre-Election Study Belgium 2003,"Gschwend, Thomas; Gschwend, Thomas; Pappi, Franz Urban; Pappi, Franz Urban",GESIS Data Archive for the Social Sciences
10.21227/n460-mf63, CRAWDAD tools/collect/location/loctrace,"King, Thomas ;  Kopf, Stephan; Butter, Thomas ;  Haenselmann, Thomas; Effelsberg, Wolfgang ",
10.7910/dvn/dtbwgp,Replication Data for `Divergent Perceptions of Peace in Post-Conflict Societies: Insights from Sri Lanka',"Carey, Sabine",Harvard Dataverse
10.4232/1.0519,"Landtagswahl in Baden-Württemberg 1968 (Voruntersuchung, September 1967)","Kaase, Max; Schleth, Uwe; Wildenmann, Rudolf",
10.7910/dvn/hvv0so,Replication Data for: Welche Auswirkungen haben größere Wahlkreise auf das politische Verhalten? Ein empirischer Beitrag zur Wahlrechtsreform,"Rittmann, Oliver; Souhnius, Marie-Lou; Gcshwend, Thomas",Harvard Dataverse
10.7910/dvn/eclkvq,"Replication materials for: Schoen, Harald. 2022. Ein halber Regierungswechsel nach einer politischen Achterbahnfahrt. Eine Analyse der öffentlichen Meinung zur vierten Regierung Merkel und des Wahlverhaltens bei der Bundestagswahl 2021, in: R. Zohlnhöfer/F.Engler (eds.), Das Ende der Merkel-Jahre. Wiesbaden: Springer.","Schoen, Harald",Harvard Dataverse
10.4232/1.3000,Allgemeine Bevölkerungsumfrage der Sozialwissenschaften ALLBUS 1998,"Allerbeck, Klaus R.; Allmendinger, Jutta; Bürklin, Wilhelm; Kiefer, Marie-Luise; Müller, Walter; Opp, Karl-Dieter; Scheuch, Erwin K.",
10.7910/dvn/v5aoxd,"Replication Data for: Between Strategy and Protest: How Policy Demand, Political Dissatisfaction and Strategic Incentives Matter for Far Right Voting","Cohen, Denis",Harvard Dataverse
10.21227/t8pc-rq85,CRAWDAD mannheim/compass ,"King, Thomas ; Kopf, Stephan ; Haenselmann, Thomas; Lubberger, Christian ; Effelsberg, Wolfgang ",
10.7910/dvn/dq1wfb,Replication Data for: Constructive and Destructive Legislative Review: The Government-Opposition Divide in Parliamentary Oversight,"Behrens, Lion",Harvard Dataverse
10.7910/dvn/cpyhug,"Reproduction files for: Predispositions, Mission-Specific Beliefs, and Public Support for Military Missions: The Case of the German ISAF Mission in Afghanistan","Mader, Matthias; Jedinger, Alexander",Harvard Dataverse
10.4232/1.10380,Landtagswahl Nordrhein-Westfalen 2010 (GLES 2009),"Rattinger, Hans; Roßteutscher, Sigrid; Schmitt-Beck, Rüdiger; Weßels, Bernhard",
10.7910/dvn/tj0riv,"Replication Data for: Extended Reality in Business-to-Business Sales: Performance Implications, Adoption Drivers, and Contingency Effects","Mettler, Janina; Lanzrath, Aline; Homburg, Christian",Harvard Dataverse
10.4232/1.1061,"Wahlstudie 1980 (Politbarometer, September 1980)","Berger, Manfred; Gibwoski, Wolfgang G.; Roth, Dieter; Schulte, Wolfgang; Schleth, Uwe; Fuchs, Dieter; Kaase, Max; Klingemann, Hans-Dieter",
10.4232/1.13475,"GLES Panel 2016-2019, Wellen 1-10","Roßteutscher, Sigrid; Schmitt-Beck, Rüdiger; Schoen, Harald; Weßels, Bernhard; Wolf, Christof",
10.7910/dvn/lk52ql,PGMD summary information version 1.0,"Carey, Sabine",Harvard Dataverse
10.7910/dvn/kqjl5k,"Replication Data for: Value Conflicts Revisited: Muslims, Gender Equality and Gestures of Respect","Ivarsflaten, Elisabeth; Helbling, Marc; Sniderman, Paul M.; Traunmüller, Richard",Harvard Dataverse
10.7910/dvn/ofcaae,"Replication Data for: ""Agenda Control and Timing of Bill Initiation: A Temporal Perspective on Coalition Governance in Parliamentary Democracies""","König, Thomas; Lin, Nick; Lu, Xiao; N. Silva, Thiago; Yordanova, Nikoleta; Zudenkova, Galina",Harvard Dataverse
10.4232/1.10405,"Langfrist-Online-Tracking, T11 (GLES 2009)","Rattinger, Hans; Roßteutscher, Sigrid; Schmitt-Beck, Rüdiger; Weßels, Bernhard",
10.7910/dvn/pygbdo,Parliaments day-by-day,"Turner-Zwinkels, Tomas; Huywler, Oliver; Frech, Elena; Manow, Philip; Bailer, Stefanie; Goet, Niels; Hug, Simon",Harvard Dataverse
10.7910/dvn/3wilxi,Replication Data for: Simulating party shares,"Hanretty, Chris; Cohen, Denis",Harvard Dataverse
10.7910/dvn/q5f157,Replication Data for: The Influence of Age on Citizens’ Preferences for Age‐Related Descriptive Representation,"Kurz, Kira Renée; Wurthmann, L. Constantin; Gross, Martin",Harvard Dataverse
10.7910/dvn/sev0sz,Survey Experiment on Perspective-Taking and Household Labor Fairness Perceptions Among Fathers,"Bach, Ruben",Harvard Dataverse
10.4232/1.2520,"Comparative Election Study 1990 (Spouses, 1st Wave)","Kaase, Max; Kaase, Max",GESIS Data Archive for the Social Sciences
10.4232/1.0870,Politics in the Saarland (April 1975),"Kaase, Max; Kaase, Max",GESIS Data Archive for the Social Sciences
10.7910/dvn/sworps,"Replication Data for ""Cue-taking, satisficing, or both? Quasi-experimental evidence for ballot position effects""","Däubler, Thomas; Rudolph, Lukas",Harvard Dataverse
10.4232/1.4888,Pre-election Survey on the Nationalrat Election in Austria 2006: Expectations and Strategic Voting,"Gschwend, Thomas; Gschwend, Thomas; Meffert, Michael; Meffert, Michael; Pappi, Franz Urban; Pappi, Franz Urban",GESIS Data Archive for the Social Sciences
10.4232/1.13465,"German Internet Panel, Wave 42 (July 2019)","Blom, Annelies G.; Blom, Annelies G.; Fikel, Marina; Fikel, Marina; Friedel, Sabine; Friedel, Sabine; Höhne, Jan Karem; Höhne, Jan Karem; Krieger, Ulrich; Krieger, Ulrich; Rettig, Tobias; Rettig, Tobias; Wenz, Alexander; Wenz, Alexander; SFB 884 ´Political Economy of Reforms´, Universität Mannheim; SFB 884 ´Political Economy of Reforms´, Universität Mannheim",GESIS Data Archive for the Social Sciences
10.5441/002/edbt.2017.57,Entity Matching on Web Tables: a Table Embeddings approach for Blocking,"Gentile, Anna Lisa; Ristoski, Petar; Eckel, Steffen; Ritze, Dominique; Paulheim, Heiko",
10.7910/dvn/2xsnpc,Replication Data for: Coalition bargaining duration in multiparty democracies,"Ecker, Alejandro",Harvard Dataverse
10.4232/1.11820,Vorwahl-Querschnitt (GLES 2013),"Rattinger, Hans; Roßteutscher, Sigrid; Schmitt-Beck, Rüdiger; Weßels, Bernhard; Wolf, Christof",
10.4232/1.12987,Wahlkampf-Panel 2017 – Kontrollquerschnitt III (zu Welle 8) (GLES),"Roßteutscher, Sigrid; Schmitt-Beck, Rüdiger; Schoen, Harald; Weßels, Bernhard; Wolf, Christof; Preißinger, Maria; Kratz, Agatha; Wuttke, Alexander",
10.4232/1.0865,"Saarland Election Investigation 1975 (Panel: Preliminary Investigation, May 1973)","Kaase, Max; Kaase, Max",GESIS Data Archive for the Social Sciences
10.4232/1.2975,Determinants of Divorce (Pilot Study),"Esser, Hartmut; Esser, Hartmut; von Gotomski, Christian B.; von Gotomski, Christian B.; Diefenbach, Heike; Diefenbach, Heike; Hartmann, Jürgen; Hartmann, Jürgen; Kopp, Johannes; Kopp, Johannes",GESIS Data Archive for the Social Sciences
10.7910/dvn/gbwb8i,Replication Data for: Does Accommodation Work? Mainstream Party Strategies and the Success of Radical Right Parties,"Krause, Werner; Cohen, Denis; Abou-Chadi, Tarik",Harvard Dataverse
10.7910/dvn/edtknw,Replication Data for: The Zweitstimme Model: A Dynamic Forecast of the 2021 German Federal Election,"Neunhoeffer, Marcel; Gschwend, Thomas; Müller, Klara; Munzert, Simon; Stoetzer, Lukas F.",Harvard Dataverse
10.7910/dvn/rioeay,Replication Data for: The Externalities of Inequality: Fear of Crime and Preferences for Redistribution in Western Europe,"Rueda, David; Stegmueller, Daniel",Harvard Dataverse
10.4232/1.12989,Vor- und Nachwahl-Querschnitt (Kumulation) (GLES 2017),"Roßteutscher, Sigrid; Schmitt-Beck, Rüdiger; Schoen, Harald; Weßels, Bernhard; Wolf, Christof; Bieber, Ina; Stövsand, Lars-Christopher; Dietz, Melanie; Scherer, Philipp; Wagner, Aiko",
10.5164/iab.cils4eu-de-adiab7523.de.en.v1,Children of Immigrants Longitudinal Survey in Four European Countries – Germany verknüpft mit administrativen Daten des IAB (CILS4EU-DE-ADIAB) – Version 7523 v1,"Antoni, Manfred; Dollmann, Jörg; Schmucker, Alexandra; Weißmann, Markus; Arnold, Lena; Bauer, Marlene; Graf, Tobias; Grießemer, Stephan; Kalter, Frank; Kogan, Irena; Köhler, Markus; Lehnert, Claudia; Moczall, Andreas; Oertel, Martina; Schneider, Andreas; Soiné, Hannah",
10.7910/dvn/khimos,Replication Data for: The Wisdom of Crowds Design for Sensitive Survey Questions,"Lehrer, Roni; Juhl, Sebastian; Gschwend, Thomas",Harvard Dataverse
10.7910/dvn/dzryb0,"Replication Data for: Negative campaign statements, coalition heterogeneity, and the support for government parties","Debus, Marc; Tuttnauer, Or",Harvard Dataverse
10.7910/dvn/ycdjnt,Replication Data for: Divided We Unite: The Nature of Partyism and the Role of Coalition Partnership in Europe,"Hahm, Hyeonho; Hilpert, David; König, Thomas",Harvard Dataverse
10.4232/1.1486,Demands on the State by the Citizens (1985/86),"Kaase, Max; Kaase, Max",GESIS Data Archive for the Social Sciences
10.7910/dvn/tmwjyl,Replication data for: Apples and Oranges? The Problem of Equivalence in Comparative Research,"Stegmueller, Daniel",Harvard Dataverse
10.7910/dvn/h6nxuh,"Replication Data for: 'Wealth of Two Nations: The U.S. Racial Wealth Gap, 1860-2020'","Derenoncourt, Ellora; Kim, Chi Hyun; Kuhn, Moritz; Schularick, Moritz",Harvard Dataverse
10.7910/dvn/a1gkpo,"Replication Data for: Navigating a Changing Privacy Landscape: The Effect of Data Requests on the Acquisition, Retention, and Deletion of Consumers’ Information","Kumar, Smriti; Miller, Elizabeth G.; Milne, George",Harvard Dataverse
10.7910/dvn/dumglt,"Reproduction files for: Unemployment, Trust in Government and Satisfaction with Democracy: An Empirical Investigation","Bauer, Paul C.",Harvard Dataverse
10.4232/pairfam.5678.4.0.0,Beziehungs- und Familienpanel (pairfam),"Nauck, Bernhard; Brüderl, Josef; Huinink, Johannes; Walper, Sabine; Arránz Becker, Oliver; Boldin, Elena; Buhr, Petra; Castiglioni, Laura; Fiedrich, Stefan; Fuß, Daniel; Gschwendtner, Christina; Hajek, Kristin; Huyer-May, Bernadette; Keller, Sabine; Lois, Nadia; Müller, Bettina; Salzburger, Veronika; Schmahl, Franziska; Schmiedeberg, Claudia; Schumann, Nina; Schütze, Philipp; Thönnissen, Carolin; Wendt, Eva-Verena; Wilhelm, Barbara",
10.4232/1.2997,Attitude of Bank Customers to Self-Service,"Zentrum für Umfragen, Methoden und Analysen (ZUMA), Mannheim; Zentrum für Umfragen, Methoden und Analysen (ZUMA), Mannheim; Gerke, Wolfgang; Gerke, Wolfgang",GESIS Data Archive for the Social Sciences
10.7910/dvn/rcu7ls,Replication Data for: Do electoral candidates reflect or select campaign issues? The Influence of Electoral Manifestos on Online Communication,"Berger, Valentin; Jäger, Felix",Harvard Dataverse
10.4232/1.10377,"Kandidatenstudie, Befragung und Strukturdaten (GLES 2009)","Zittel, Thomas; Wüst, Andreas; Schmitt, Hermann; Gschwend, Thomas; Schmitt-Beck, Rüdiger; Weßels, Bernhard; Roßteutscher, Sigrid; Rattinger, Hans",
10.4232/1.1220,Politics in the Federal Republic of Germany (1978),"Wildenmann, Rudolf; Wildenmann, Rudolf",GESIS Data Archive for the Social Sciences
10.4232/1.2656,Comparative Election Study 1990: Media Reporting,"Kaase, Max; Kaase, Max; Klingemann, Hans-Dieter; Klingemann, Hans-Dieter; Küchler, Manfred; Küchler, Manfred; Pappi, Franz U.; Pappi, Franz U.",GESIS Data Archive for the Social Sciences
10.4232/1.11875,Nachwahl-Querschnitt (GLES 2013),"Rattinger, Hans; Roßteutscher, Sigrid; Schmitt-Beck, Rüdiger; Weßels, Bernhard; Wolf, Christof",
10.7910/dvn/yfpcbp,Process or Candidate: The International Community and the Demand for Electoral Integrity,"Bubeck, Johannes; Marinov, Nikolay",Harvard Dataverse
10.7910/dvn/uuhrs4,PGMD country-year dataset version 1.1-2017,"Carey, Sabine",Harvard Dataverse
10.7910/dvn/ucrhwn,Replication Data for: Keeping One’s Seat: The Competitiveness of MP Renomination in Mixed-Member Electoral Systems,"Baumann, Markus; Debus, Marc; Klingelhöfer, Tristan",Harvard Dataverse
10.4232/1.10201,"European Parliament Election Study 2009, Candidate Study (Europäische Kandidatenstudie 2009)","Weßels, Bernhard; Giebler, Heiko; Wüst, Andreas; Schmitt, Hermann; Kritzinger, Silvia; De Winter, Lieven; Cholova, Blagovesta; Papageorgiou, Bambos; Linek, Lukáš; Klemmensen, Robert; Ehin, Piret; Mattila, Mikko; Raunio, Tapio; Rozenberg, Olivier; Chadjipandelis, Theodore; Teperoglou, Eftichia; Enyedi, Zsolt; Marsh, Michael; Sudulich, Maria Laura; Andretta, Massimiliano; Bardi, Luciano; Ikstens, Janis; Krupavicius, Algis; Dumont, Patrick; Spreitzer, Astrid; Fenech, Dominic; Rosema, Martin; Czesnik, Mikolaj; Freire, André; Popescu, Marina; Gyarfasova, Olga; Toplak, Cirila; Molina, Ignacio; Sanz Cazorla, Alberto; Haglund, Louise; Holmberg, Sören; Saalfeld, Thomas",
10.7910/dvn/zfas3y,Reproduction files for: Citizens’ Perceptions of Policy Objectives and Support for Military Action: Looking for Prudence in Germany,"Mader, Matthias",Harvard Dataverse
10.7910/dvn/v294kt,Replication Data for: Assessing the relative influence of party unity on vote choice: Evidence from a conjoint experiment,"Lehrer, Roni",Harvard Dataverse
10.6084/m9.figshare.c.8411332.v1,"Testing a digitally administered intervention to increase social participation, physical fitness, and health awareness among healthy older adults by means of tablet-based app use: study protocol of the SMART-AGE randomized controlled trial","Memmer, Nicole; Snijder-Steinhilber, Meike; Burkhardt, Heinrich; Hellmund, Claudia; Jansen, Carl-Philipp; Kölsch, Verena M.; Krönung, Julia; Kuhlmann, Beatrice G.; Masia, Lorenzo; Oswald, Frank; Paech, Barbara; Radeck, Leon; Schlomann, Anna; Schmidt, Laura I.; Stefanakis, Marios E.; Wanka, Anna; Kramer-Gmeiner, Franziska; Böttinger, Melissa; Ewert, Janina; Kniepkamp, Sophie; Gordt-Osterwind, Katharina; Litz, Elena; Mertens, Alica; Sperling, Uwe; Ehni, Hans-Jörg; Becker, Clemens; Wahl, Hans-Werner; Schubert, Anna-Lena; Eckert, Tobias; Bauer, Jürgen",figshare
10.7910/dvn/ldumny,Reproduction files for: Trust and cooperative behavior: Evidence from the realm of data-sharing,"Bauer, Paul Cornelius; Keusch, Florian; Kreuter, Frauke",Harvard Dataverse
10.4232/1.11091,"Langfrist-Online-Tracking, T16 (GLES 2009)","Rattinger, Hans; Roßteutscher, Sigrid; Schmitt-Beck, Rüdiger; Weßels, Bernhard",
10.7910/dvn/lmrrzb,Replication Data for: Social group appeals in party rhetoric: Effects on policy support and polarization,"Huber, Lena Maria; Meyer, Thomas M.; Wagner, Markus",Harvard Dataverse
10.7910/dvn/s6h88q,"Project ""White Vote""","Dentler, Klara",Harvard Dataverse
10.7910/dvn/ukzaex,Replication Data for: Can Monuments to Victims Increase Tolerance?,"Ruipérez Núñez, Ana; Sauter, Melanie",
10.7910/dvn/iglwyd,Why Dominant Governing Parties Are Cross-Nationally Influential,"Böhmelt, Tobias; Ezrow, Lawrence; Lehrer, Roni; Schleiter, Petra; Ward, Hugh",Harvard Dataverse
10.4232/1.4923,German Candidate Survey for the National Parliament Election 2005 (German Candidate Study 2005),"Gschwend, Thomas; Gschwend, Thomas; Schmitt, Hermann; Schmitt, Hermann; Wüst, Andreas; Wüst, Andreas; Zittel, Thomas; Zittel, Thomas",GESIS Data Archive for the Social Sciences
10.4232/1.11416,Online Survey on the Census 2011,"Rattinger, Hans; Rattinger, Hans",GESIS Data Archive for the Social Sciences
10.7910/dvn/2n8j92,"Reproduction files for: Determinanten der Bevölkerungseinstellungen zum Afghanistaneinsatz. Prädispositionen, Erfolgswahrnehmungen und die moderierende Wirkung individueller Mediennutzung","Mader, Matthias; Fiebig, Rüdiger",Harvard Dataverse
10.4232/1.13680,"German Internet Panel, Wave 47 (May 2020)","Blom, Annelies G.; Blom, Annelies G.; Gonzalez Ocanto, Marisabel; Gonzalez Ocanto, Marisabel; Fikel, Marina; Fikel, Marina; Krieger, Ulrich; Krieger, Ulrich; Rettig, Tobias; Rettig, Tobias; SFB 884 ´Political Economy of Reforms´, Universität Mannheim; SFB 884 ´Political Economy of Reforms´, Universität Mannheim",GESIS Data Archive for the Social Sciences
10.4232/1.11757,Long-term-Online-Tracking of State Election Schleswig-Holstein 2012 (GLES 2009),"Rattinger, Hans; Rattinger, Hans; Roßteutscher, Sigrid; Roßteutscher, Sigrid; Schmitt-Beck, Rüdiger; Schmitt-Beck, Rüdiger; Weßels, Bernhard; Weßels, Bernhard; Wolf, Christof; Wolf, Christof",GESIS Data Archive for the Social Sciences
10.7910/dvn/ictg9z,Replication Data for: Measurement Uncertainty in Spatial Models: A Bayesian Dynamic Measurement Model,"Juhl, Sebastian",Harvard Dataverse
10.4232/1.10770,Langfrist-Online-Tracking zur Landtagswahl Hamburg 2011 (GLES 2009),"Rattinger, Hans; Roßteutscher, Sigrid; Schmitt-Beck, Rüdiger; Weßels, Bernhard",
10.7910/dvn/iqzygc,Replication Data for: The European Court of Justice and Legal European Integration,"König, Thomas; Eschenwecker, Stefan",
10.4232/1.1487,Demands on the State by the Citizens (1985/86) (Integrated Study 1985/86 and 1989),"Kaase, Max; Kaase, Max",GESIS Data Archive for the Social Sciences
10.4232/1.14349,"GLES Panel 2024, Welle 26","Roßteutscher, Sigrid; Debus, Marc; Faas, Thorsten; Schoen, Harald",
10.7804/cses.module2.2007-06-27,CSES Module 2 Full Release,"Ilirjani, Altin; Bean, Clive; Gibson, Rachel K.; McAllister, Ian; De Winter, Lieven; Billiet, Jaak; Frognier, Andre-Paul; Swyngedouw, Marc; De Almeida, Alberto C.; Meneguello, Rachel; Popova, Radosveta; Blais, André; Everitt, Joanna; Fournier, Patrick; Gidengil, Elisabeth; Nevitte, Neil; Lagos, Marta; Linek, Lukas; Mansfeldova, Zdenka; Seidlova, Adela; Andersen, Jørgen G.; Rathlev, Jakob; Paloheimo, Heikki; Pehkonen, Juhani; Gschwend, Thomas; Schmitt, Hermann; Schmitt, Hermann; Weßels, Bernhard; Rattinger, Hans; Gabriel, Oscar; Curtice, John; Fisher, Steve; Thomson, Katarina; Pang-Kwong, Li; Tóka, Gábor; Hardarson, Ólafur T.; Marsh, Michael; Arian, Asher; Shamir, Michal; Schadee, Hans; Segatti, Paolo; Hirano, Hiroshi; Ikeda, Ken´Ichi; Kobayashi, Yoshiaki; Kim, Hyung J.; Kim, Wook; Lee, Nam Y.; Isaev, Kusein; Beltrán Ugarte, Ulises; Nacif, Benito; Ocampo Alcantar, Rolando; Pérez, Olivia; Irwin, Galen A.; Van Holsteyn, Joop J.M.; Vowles, Jack; Aardal, Bernt; Valen, Henry; Romero, Catalina; Sulmont, David; Guerrero, Linda Luz B.; Licudine, Vladymir J.; Sandoval, Gerardo; Jasiewicz, Krzysztof; Markowski, Radoslaw; Barreto, Antonio; Freire, Andre; Lobo, Marina C.; Magalhães, Pedro; Barreto, António; Freire, André; Lobo, Marina C.; Magalhães, Pedro; Badescu, Gabriel; Gheorghita, Andrei; Sum, Paul; Colton, Timothy; Hale, Henry; Kozyreva, Polina; McFaul, Michael; Stebe, Janez; Tos, Niko; Díez Nicolás, Juan; Holmberg, Sören; Oscarsson, Henrik; Selb, Peter; Huang, Chi; Huang, Chi; Hawang, Shiow-Duan; Burns, Nancy; Dalton, Russell; Kinder, Donald R.; Shively, W. Phillips; American National Election Studies (ANES); Center For Political Studies, Institute For Social Research, University Of Michigan, United States",
10.4232/1.4740,Saving and old-age provision in Germany (SAVE) 2007,"Börsch-Supan, Axel; Börsch-Supan, Axel; Coppola, Michela; Coppola, Michela",GESIS Data Archive for the Social Sciences
10.4232/1.0557,"Federal Parliament Election 1965 (Follow-Up Survey, October 1965, II)","Kaase, M.; Kaase, M.; Wildenmann, R.; Wildenmann, R.",GESIS Data Archive for the Social Sciences
10.7910/dvn/wl1pke,Election Campaigns and Voter Decision-making in a Multi-Party System: The 2009 and 2013 German Federal Elections,"Schoen, Harald; Rattinger, Hans; Preißinger, Maria; Gavras, Konstantin; Steinbrecher, Markus",Harvard Dataverse
10.4232/1.12395,Attitudes on Foreign and Security Policy in Germany 2010,"Rattinger, Hans; Rattinger, Hans; Schoen, Harald; Schoen, Harald",GESIS Data Archive for the Social Sciences
10.1037/e633942013-636,When negative expectancies turn into negative performance: The role of ease of retrieval,Herbert Bless; Johannes Keller; Rainer Greifeneder,American Psychological Association (APA)
10.4232/1.13389,"German Internet Panel, Wave 36 (July 2018)","Blom, Annelies G.; Blom, Annelies G.; Fikel, Marina; Fikel, Marina; Friedel, Sabine; Friedel, Sabine; Höhne, Jan Karem; Höhne, Jan Karem; Krieger, Ulrich; Krieger, Ulrich; Rettig, Tobias; Rettig, Tobias; Wenz, Alexander; Wenz, Alexander; SFB 884 ´Political Economy of Reforms´, Universität Mannheim; SFB 884 ´Political Economy of Reforms´, Universität Mannheim",GESIS Data Archive for the Social Sciences
10.4232/1.2752,Party Preferences in 1995: Attitudes and Party Perceptions on Political Issues,"Pappi, Franz U.; Pappi, Franz U.",GESIS Data Archive for the Social Sciences
10.4232/1.11064,"Langfrist-Online-Tracking, T15 (GLES 2009)","Rattinger, Hans; Roßteutscher, Sigrid; Schmitt-Beck, Rüdiger; Weßels, Bernhard",
10.4232/1.0326,"Politics and Democracy in the Federal Republic of Germany (Students, January 1968)","Kaase, Max; Kaase, Max; Wildenmann, Rudolf; Wildenmann, Rudolf",GESIS Data Archive for the Social Sciences
10.7910/dvn/gwuyuz,Reproduction files for: Intra-Party Heterogeneity in Policy Preferences and Its Effect on Issue Salience: Developing and Applying a Measure Based on Elite Survey Data,"Steiner, Nils D.; Mader, Matthias",Harvard Dataverse
10.4232/1.2599,Pre-Election Study 1994 (Trend Investigations),"Berger, Manfred; Berger, Manfred; Jung, Matthias; Jung, Matthias; Roth, Dieter; Roth, Dieter; Gibowski, Wolfgang G.; Gibowski, Wolfgang G.; Kaase, Max; Kaase, Max; Klingemann, Hans-Dieter; Klingemann, Hans-Dieter; Küchler, Manfred; Küchler, Manfred; Pappi, Franz U.; Pappi, Franz U.; Semetko, Holli A.; Semetko, Holli A.",GESIS Data Archive for the Social Sciences
10.4232/1.4437,Saving and old-age provision in Germany (SAVE) 2005,"Börsch-Supan, Axel; Börsch-Supan, Axel; Schunk, Daniel; Schunk, Daniel",GESIS Data Archive for the Social Sciences
10.4232/1.12029,Wiederholungsbefragte der Wahlkampfpanels zu den Bundestagswahlen 2009 und 2013 (GLES),"Rattinger, Hans; Roßteutscher, Sigrid; Schmitt-Beck, Rüdiger; Weßels, Bernhard; Wolf, Christof; Steinbrecher, Markus; Plischke, Thomas; Wiegand, Elena",
10.4232/1.2661,Party Preference: Trend Data 1953-1992,"Kohler, Ulrich; Kohler, Ulrich; Esser, Hartmut; Esser, Hartmut",GESIS Data Archive for the Social Sciences
10.4232/1.0523,"Politics and Democracy in the Federal Republic (Students, June 1968)","Wildenmann, Rudolf; Wildenmann, Rudolf; Kaase, Max; Kaase, Max",GESIS Data Archive for the Social Sciences
10.7910/dvn/qfriov,Reproduction files for: Alles eine Frage des Blickwinkels? Framing-Effekte und Bevölkerungsurteile über einen möglichen Bundeswehreinsatz in Libyen,"Mader, Matthias; Schoen, Harald",Harvard Dataverse
10.7910/dvn/dlj33w,Replication Data for: Mass Emigration and the Erosion of Liberal Democracy,"Auer, Daniel; Schaub, Max",Harvard Dataverse
10.4232/1.4997,Federal Parliament Election 2005 Campaign Dynamics - Television News Analysis,"Schmitt-Beck, Rüdiger; Schmitt-Beck, Rüdiger; Krewel, Mona; Krewel, Mona; Wolsing, Ansgar; Wolsing, Ansgar",GESIS Data Archive for the Social Sciences
10.4232/1.13388,"German Internet Panel, Wave 35 (May 2018)","Blom, Annelies G.; Blom, Annelies G.; Fikel, Marina; Fikel, Marina; Friedel, Sabine; Friedel, Sabine; Höhne, Jan Karem; Höhne, Jan Karem; Krieger, Ulrich; Krieger, Ulrich; Rettig, Tobias; Rettig, Tobias; Wenz, Alexander; Wenz, Alexander; SFB 884 ´Political Economy of Reforms´, Universität Mannheim; SFB 884 ´Political Economy of Reforms´, Universität Mannheim",GESIS Data Archive for the Social Sciences
10.4232/1.0084,Workbook: Voter Behavior in the Federal Republic,"Norpoth, Helmut; Norpoth, Helmut; Scheuch, Erwin K.; Scheuch, Erwin K.; Baumert, Gerhard; Baumert, Gerhard; Klingemann, Hans-Dieter; Klingemann, Hans-Dieter; Pappi, Franz Urban; Pappi, Franz Urban; Wildenmann, Rudolf; Wildenmann, Rudolf; Forschungsgruppe Wahlen, Mannheim; Forschungsgruppe Wahlen, Mannheim",GESIS Data Archive for the Social Sciences
10.4232/1.12169,Langfrist-Panel 2005-2009-2013 (GLES),"Rattinger, Hans; Roßteutscher, Sigrid; Schmitt-Beck, Rüdiger; Weßels, Bernhard; Kühnel, Steffen; Niedermayer, Oskar; Westle, Bettina; Rudi, Tatjana; Blumenstiel, Jan Eric",
10.4232/1.12040,Langfrist-Online-Tracking zur Landtagswahl Hessen 2013 (GLES),"Rattinger, Hans; Roßteutscher, Sigrid; Schmitt-Beck, Rüdiger; Weßels, Bernhard; Wolf, Christof",
10.4232/1.12920,Vorwahl-Querschnitt (GLES 2017),"Roßteutscher, Sigrid; Schmitt-Beck, Rüdiger; Schoen, Harald; Weßels, Bernhard; Wolf, Christof; Bieber, Ina; Scherer, Philipp; Stövsand, Lars-Christopher",
10.4232/1.12488,Monitoring Democracy in Baden-Wuerttemberg 2013/2014: Citizens and Democracy in Baden-Wuerttemberg,"Deth, Jan W. van; Deth, Jan W. van; Schmitt-Beck, Rüdiger; Schmitt-Beck, Rüdiger; Perry, Sarah; Perry, Sarah; Faas, Thorsten; Faas, Thorsten",GESIS Data Archive for the Social Sciences
10.5441/002/edbt.2020.65,Fast Entropy Maximization for Selectivity Estimation of Conjunctive Predicates on CPUs and GPUs,"Havenstein, Diego; Lysakovski, Peter; May, Norman; Moerkotte, Guido; Steidl, Gabriele",
10.4232/1.12311,Effects of demographic changes on political attitudes and political behavior in Germany,"Rattinger, Hans; Rattinger, Hans; Konzelmann, Laura; Konzelmann, Laura",GESIS Data Archive for the Social Sciences
10.4232/1.12890,"German Internet Panel, Wave 28 (March 2017)","Blom, Annelies G.; Blom, Annelies G.; Bruch, Christian; Bruch, Christian; Felderer, Barbara; Felderer, Barbara; Gebhard, Franziska; Gebhard, Franziska; Herzing, Jessica; Herzing, Jessica; Krieger, Ulrich; Krieger, Ulrich; SFB 884 ´Political Economy of Reforms´, Universität Mannheim; SFB 884 ´Political Economy of Reforms´, Universität Mannheim",GESIS Data Archive for the Social Sciences
10.4232/1.14141,"GLES Panel 2023, Welle 24","Roßteutscher, Sigrid; Debus, Marc; Faas, Thorsten; Schoen, Harald",
10.7910/dvn/hl64wc,Replication Data for: Coalition-directed Voting under Uncertainty,"Stoetzer, Lukas F.; Bahnsen, Oke; Gschwend, Thomas",Harvard Dataverse
10.7910/dvn/669z5l,Replication data for: Estimating Party Positions across Countries and Time - A Dynamic Latent Variable Model for Manifesto Data,"Konig, Thomas; Marbach, Moritz; Osnabrugge, Moritz",Harvard Dataverse
10.4232/1.0520,"Landtagswahl in Baden-Württemberg 1968 (Voruntersuchung, März 1968)","Wildenmann, Rudolf",
10.7910/dvn/yk8l4i,Pro-Government Militias Database 2.1,"Carey, Sabine C.; Mitchell, Neil J.",Harvard Dataverse
10.4232/1.11199,"State Election in Baden-Wuerttemberg 1968 (Preliminary Investigation, September 1967)","Wildenmann, Rudolf; Wildenmann, Rudolf; Wolfgang, Adrian; Wolfgang, Adrian; Berger, Manfred; Berger, Manfred",GESIS Data Archive for the Social Sciences
10.4232/1.1231,Leadership in the Federal Republic of Germany (Population Survey for the Mannheim Elite Study 1981),"Kaase, Max; Kaase, Max; Wildenmann, Rudolf; Wildenmann, Rudolf",GESIS Data Archive for the Social Sciences
10.4232/1.10423,Saving and old-age provision in Germany (SAVE) 2010,"Börsch-Supan, Axel; Börsch-Supan, Axel; Coppola, Michela; Coppola, Michela; Ziegelmeyer, Michael; Ziegelmeyer, Michael",GESIS Data Archive for the Social Sciences
10.7910/dvn/nhsjmj,Replication Data for: Backlash to Policy Decisions. How Citizens React to Immigrants’ Rights to Demonstrate,"Traunmueller, Richard",Harvard Dataverse
10.7910/dvn/kzwkt6,Replication Data for: How to Improve the Substantive Interpretation of Regression Results when the Dependent Variable is Logged,"Neunhoeffer, Marcel; Rittmann, Oliver; Gschwend, Thomas",Harvard Dataverse
10.7910/dvn/3ny4bi,Reproduction files for: Did the GDPR increase trust in data collectors? Evidence from observational and experimental data,"Bauer, Paul Cornelius",Harvard Dataverse
10.7910/dvn/mdhsxp,"Replication Data for: ""Scaling Court Decisions with Citation Networks""","Arnold, Christian; Engst, Benjamin; Gschwend, Thomas",Harvard Dataverse
10.7910/dvn/29231,Does Electoral Proximity Affect Security Policy?,"Marinov, Nikolay; Nomikos, William G.; Robbins, Josh",
10.7910/dvn/1wzcea,Replication Data for: Discrete Choice Data with Unobserved Heterogeneity: A Conditional Binary Quantile Model,"Lu, Xiao",Harvard Dataverse
10.7910/dvn/2ly2wb,Age Structure and Political Violence: A Re-Assessment of the ‘Youth Bulge’ Hypothesis,"Weber, Hannes",Harvard Dataverse
10.7910/dvn/vcsrmx,Replication Data for: Multidimensional spatial voting with non-separable preferences,"Stoetzer, Lukas; Zittlau, Steffen",Harvard Dataverse
10.4232/1.0923,"Security Policy Planning Problems of the Federal Republic of Germany (Elites, 1976)","Schössler, Dieter; Schössler, Dieter; Enke, Edo; Enke, Edo",GESIS Data Archive for the Social Sciences
10.21227/k75x-1f76,CRAWDAD mannheim/compass (v. 2006-09-13),"King, Thomas;  Kopf, Stephan; Haenselmann, Thomas ; Lubberger, Christian Lubberger; Effelsberg, Wolfgang",
10.7804/cses.module1.2003-08-04,CSES Module 1 Full Release,"Rotman, David; McAllister, Ian; Levitskaya, Irina; Veremeeva, Natalia; Billiet, Jaak; Frognier, André-Paul; Blais, André; Gidengil, Elisabeth; Nevitte, Neil; Nadeau, Richard; Lagos, Marta; Tóka, Gábor; Andersen, Jørgen G.; Schmitt, Hermann; Weßels, Bernhard; Curtice, John; Heath, Anthony; Norris, Pippa; Jowell, Roger; Pang-Kwong, Li; Tóka, Gábor; Hardarson, Ólafur T.; Arian, Asher; Shamir, Michal; Nishizawa, Yoshitaka; Lee, Nam-Young; Alisauskiene, Rasa; Liubsiene, Elena; Beltrán, Ulises; Nacif Hernández, Benito; Aimer, Peter; Aarts, Kees; Karp, Jeffrey A.; Banducci, Susan; Vowles, Jack; Aardal, Bernt; Valen, Henry; Romero, Catalina; Jasiewicz, Krzysztof; Markowski, Radoslaw; Barreto, Antonio; Freire, Andre; Badescu, Gabriel; Sum, Paul; Colton, Timothy; Kozyreva, Polina; Stebe, Janez; Tos, Niko; Díez Nicolás, Juan; Holmberg, Sören; Hardmeier, Sibylle; Selb, Peter; Chu, Yun-Han; Albritton, Robert B.; Bureekul, Thawilwadee; Balakireva, Olga; Sapiro, Virginia; Shively, W. Phillips; American National Election Studies (ANES), Center For Political Studies, Institute For Social Research, University Of Michigan, Ann Arbor, United States; American National Election Studies (ANES), Center For Political Studies, Institute For Social Research, University Of Michigan, Ann Arbor, United States",
10.7910/dvn/tjtzt2,Replication Data for: How to increase turnout in low-salience elections. Quasi-experimental evidence on the effect of concurrent second-order elections on political participation,"Leininger, Arndt; Rudolph, Lukas; Zittlau, Steffen",Harvard Dataverse
10.4232/1.0637,"Wahlstudie 1972 (Panel: Nachuntersuchung, Dezember 1972)","Berger, Manfred; Wildenmann, Rudolf; Schleth, Uwe; Roth, Dieter; Kaase, Max; Gibowski, Wolfgang G.",
10.7910/dvn/al0v9k,Replication data for: Foreign Anti-Mainstream Propaganda and Democratic Publics,"Mader, Matthias; Marinov, Nikolay; Schoen, Harald",Harvard Dataverse
10.7910/dvn/lrzmb7,Reproduction files for: Stabilität und Wandel der nationalen Identität in der deutschen Bevölkerung,"Mader, Matthias",Harvard Dataverse
10.60600/yu/veru3g,Voter Attitudes When Democracy Promotion Turns Partisan: Evidence From a Survey-Experiment in Lebanon,"Marinov, Nikolay",Yale Dataverse
10.4232/1.10446,Allgemeine Bevölkerungsumfrage der Sozialwissenschaften ALLBUScompact 2010,"Diekmann, Andreas; Kühnel, Steffen; Fetchenhauer, Detlef; Liebig, Stefan; Schmitt-Beck, Rüdiger; Trappe, Heike; Wagner, Michael",
10.7910/dvn/w9ygcb,"Reproduction files for: How political are national identities? A comparison of the United States, the United Kingdom, and Germany in the 2010s","Mader, Matthias; Scotto, Thomas J.; Reifler, Jason; Gries, Peter H.; Isernia, Pierangelo; Schoen, Harald",Harvard Dataverse
10.7910/dvn/amdmmu,"Replication Data for ""Rebel Recruitment and Migration: Theory and Evidence From Southern Senegal""","Schaub, Max; Auer, Daniel",Harvard Dataverse
10.4232/1.11770,Landtagswahl Bayern 2013 (GLES),"Rattinger, Hans; Roßteutscher, Sigrid; Schmitt-Beck, Rüdiger; Weßels, Bernhard; Wolf, Christof",
10.4232/1.12213,Langfrist-Online-Tracking T27 (GLES),"Roßteutscher, Sigrid; Schmitt-Beck, Rüdiger; Schoen, Harald; Weßels, Bernhard; Wolf, Christof",
10.4232/1.4970,Saving and old-age provision in Germany (SAVE) 2008,"Börsch-Supan, Axel; Börsch-Supan, Axel; Coppola, Michela; Coppola, Michela; Ziegelmeyer, Michael; Ziegelmeyer, Michael",GESIS Data Archive for the Social Sciences
10.4232/1.2518,"Comparative Election Study 1990 (Primary Respondents, 2nd Wave)","Kaase, Max; Kaase, Max",GESIS Data Archive for the Social Sciences
10.4232/1.1805,Perspectives in Rural Areas,"Streit, Manfred E.; Streit, Manfred E.; Wildenmann, Rudolf; Wildenmann, Rudolf; Forschungsstelle für gesellschaftliche Entwicklungen (FEE), Universität Mannheim; Forschungsstelle für gesellschaftliche Entwicklungen (FEE), Universität Mannheim",GESIS Data Archive for the Social Sciences
10.7910/dvn/vxp23s,Replication Data for: Party campaign statements and portfolio allocation in coalition governments,"Däubler, Thomas; Debus, Marc; Ecker, Alejandro",Harvard Dataverse
10.4232/1.10375,"TV Debate Analysis, Content Analyses Special Broadcast (Statements Chancellor Candidates) (GLES 2009)","Rattinger, Hans; Rattinger, Hans; Roßteutscher, Sigrid; Roßteutscher, Sigrid; Schmitt-Beck, Rüdiger; Schmitt-Beck, Rüdiger; Weßels, Bernhard; Weßels, Bernhard",GESIS Data Archive for the Social Sciences
10.4232/1.13150,Wahlkampf-Panel (GLES 2017),"Roßteutscher, Sigrid; Schmitt-Beck, Rüdiger; Schoen, Harald; Weßels, Bernhard; Wolf, Christof; Preißinger, Maria; Kratz, Agatha; Wuttke, Alexander; Gärtner, Lea",
10.60600/yu/2xl4v3,Which Elections Can Be Lost?,"Marinov, Nikolay; D. Hyde, Susan",Yale Dataverse
10.4232/1.14067,Monitoring Democracy in Baden-Wuerttemberg 2016/2017: Citizens and Democracy in Baden-Wuerttemberg,"Deth, Jan W. van; Deth, Jan W. van; Schmitt-Beck, Rüdiger; Schmitt-Beck, Rüdiger; Perry, Sarah; Perry, Sarah",GESIS Data Archive for the Social Sciences
10.7910/dvn/t2xfxg,Replication Data for: Candidate awareness in mixed-member electoral systems: A data-driven approach,"Rittmann, Oliver; Gschwend, Thomas; Sohnius, Marie-Lou",Harvard Dataverse
10.4232/1.3718,Allgemeine Bevölkerungsumfrage der Sozialwissenschaften ALLBUScompact 1996,"Allerbeck, Klaus; Allmendinger, Jutta; Bürklin, Wilhelm; Kiefer, Marie Luise; Müller, Walter; Opp, Karl-Dieter; Scheuch, Erwin K.",
10.7910/dvn/u2591t,Replication Data for: The Gendered Costs of Stigma: How Experiences of Wartime Sexual Violence Encourage Civic Engagement for Women and Men,"Koos, Carlo; Traunmüller, Richard",Harvard Dataverse
10.4232/1.12205,Democracy Audit Mannheim (DAMA),"Deth, Jan W. van; Deth, Jan W. van; Schmitt-Beck, Rüdiger; Schmitt-Beck, Rüdiger; Perry, Sarah; Perry, Sarah; Faas, Thorsten; Faas, Thorsten",GESIS Data Archive for the Social Sciences
10.7910/dvn/8rogi1,Replication Data for: Instability in the Stability and Growth Pact: The Contribution of Member State Power and Euroskepticism to the Euro Crisis,"Baerg, Nicole Rae; Hallerberg, Mark",Harvard Dataverse
10.7910/dvn/0fndhw,"Reproduction files for: ""Has Trust in the European Parliament Polarized?""","Bauer, Paul Cornelius; Morisi, Davide",Harvard Dataverse
10.7910/dvn/qzmpsn,Replication Data for: Learning at Home and Abroad: How Competition Conditions the Diffusion of Party Strategies,"Juhl, Sebastian; Williams, Laron K.",Harvard Dataverse
10.7910/dvn/lzhtbe,"Replication Data for ""Grist to the Mill of Subversion: Strikes and Coups in Counterinsurgencies""","Scharpf, Adam; Gläßel, Christian; González, Belén",Harvard Dataverse
10.4232/1.1142,Welfare Survey 1980,"Brachtl, Wolfgang; Brachtl, Wolfgang; Habich, Roland; Habich, Roland; Glatzer, Wolfgang; Glatzer, Wolfgang; Lang, Sabine; Lang, Sabine; Müller-Andritzky, Maria; Müller-Andritzky, Maria; Noll, Heinz-Herbert; Noll, Heinz-Herbert; Siara, Christian S.; Siara, Christian S.; Zapf, Wolfgang; Zapf, Wolfgang; ZUMA, Mannheim; ZUMA, Mannheim",GESIS Data Archive for the Social Sciences
10.4232/1.12054,Langfrist-Online-Tracking zur Landtagswahl Brandenburg 2014 (GLES),"Rattinger, Hans; Roßteutscher, Sigrid; Schmitt-Beck, Rüdiger; Weßels, Bernhard; Wolf, Christof",
10.7910/dvn/28639,Replication data for: Locus of Control and Job Search Strategies,"Caliendo, Marco; Uhlendorff, Arne; Cobb-Clark, Deobrah",Harvard Dataverse
10.7910/dvn/by4obr,Replication Data for: Understanding Journalist Killings,"Carey, Sabine C.; Gohdes, Anita R.",Harvard Dataverse
10.7910/dvn/pfqwrm,Replication Data for: The legislative consequences of internal conflict and inter-party divisions,"Haber, Matthias",Harvard Dataverse
10.4232/1.4436,Saving and old-age provision in Germany (SAVE) 2003/04,"Börsch-Supan, Axel; Börsch-Supan, Axel; Schunk, Daniel; Schunk, Daniel; Essig, Lothar; Essig, Lothar",GESIS Data Archive for the Social Sciences
10.7910/dvn/ffuwsf,Replication Data for: Terrorism and Immigration Policy Preferences,"Helbling, Marc",Harvard Dataverse
10.7910/dvn/jluvyu,Replication Data for: The State and the Emergence of the First American Party System: Roll Call Voting in the New York State Assembly during the Early Republic,"Rohr, Benjamin",
10.7910/dvn/46udei,Replication Data for: Comparative vote switching,"Cohen, Denis; Krause, Werner; Abou-Chadi, Tarik",Harvard Dataverse
10.5164/iab.inv-bio-adiab8014.de.en.v1,Erfinderbiografiedaten verknüpft mit administrativen Daten des IAB 8014 v1,"Dorner, Matthias; Harhoff, Dietmar; Gaessler, Fabian; Hoisl, Karin; Poege, Felix; Graf, Tobias; Grießemer, Stephan; Kaimer, Steffen; Köhler, Markus; Lehnert, Claudia; Oertel, Martina",
10.7910/dvn/24640,Replication data for: Fiscal Governance in the Eurozone: How effectively does the Stability and Growth Pact limit governmental debt in the Euro countries?,"Koehler, Sebastian; Koenig, Thomas",Harvard Dataverse
10.4232/1.10406,"Langfrist-Online-Tracking, T12 (GLES 2009)","Rattinger, Hans; Roßteutscher, Sigrid; Schmitt-Beck, Rüdiger; Weßels, Bernhard",
10.7910/dvn/nheqy4,Replication Data for: The Effects of Combating Corruption on Institutional Trust and Political Engagement: Evidence from Latin America,"Poertner, Mathias; Zhang, Nan",Harvard Dataverse
10.4232/1.11583,Landtagswahl Niedersachsen 2013 (GLES),"Rattinger, Hans; Roßteutscher, Sigrid; Schmitt-Beck, Rüdiger; Weßels, Bernhard; Wolf, Christof",
10.4232/1.13047,Wahlkampf-Panel 2017 (GLES),"Roßteutscher, Sigrid; Schmitt-Beck, Rüdiger; Schoen, Harald; Weßels, Bernhard; Wolf, Christof; Preißinger, Maria; Kratz, Agatha; Wuttke, Alexander; Manger, Lea",
10.4232/1.1839,Welfare Survey 1988,"Glatzer, Wolfgang; Glatzer, Wolfgang; Noll, Heinz-Herbert; Noll, Heinz-Herbert; Zapf, Wolfgang; Zapf, Wolfgang",GESIS Data Archive for the Social Sciences
10.7910/dvn/oayqa8,Replication Data for: Gender Disparities in Altmetric Attention Scores for Cardiovascular Research,"Schmallenbach, Leo",Harvard Dataverse
10.7910/dvn/9ixmm1,Reproduction files for: Grundhaltungen zur Außen- und Sicherheitspolitik in Deutschland,"Mader, Matthias",Harvard Dataverse
10.7910/dvn/yzpgsv,Replication For: (How) Do Information Campaigns Influence Migration Decisions?,"Morgenstern, Sandra",Harvard Dataverse
10.4232/1.1024,"Hospital Structure, Stress and Conduct Regarding Patients in the Hospital (Aggregate Data about the Wards)","Bartholomeyczik, Eike; Bartholomeyczik, Eike; Bartholomeyczik, Sabine; Bartholomeyczik, Sabine; Beckmann, M.; Beckmann, M.; Bernhard, W.; Bernhard, W.",GESIS Data Archive for the Social Sciences
10.7910/dvn/wutlh8,Replication Data for: How open lists undermine the electoral support of cohesive parties,"Bräuninger, Thomas; Däubler, Thomas; Huber, Robert; Rudolph, Lukas",Harvard Dataverse
10.7910/dvn/exr3jn,Replication Data for Minimum Wages and Insurance within the Firm,"Adamopoulou, Effrosyni; Manaresi, Francesco; Rachedi, Omar; Yurdagul, Emircan",Harvard Dataverse
10.7910/dvn/unfgrs,Replication Data for: 'LinkedOut? A Field Experiment on Discrimination in Job Network Formation',"Evsyukova, Yulia; Rusche, Felix; Mill, Wladislaw",Harvard Dataverse
10.7910/dvn/pyohga,Replication Data for: Challenging the Challengers? Quasi-Experimental Evidence on the Impact of the Bündnis Sahra Wagenknecht on German Party Competition,"Eschenwecker, Stefan; König, Thomas",
10.4232/1.0524,Politics in the Federal Republic (November 1967),"Kaase, Max; Kaase, Max; Schleth, Uwe; Schleth, Uwe; Wildenmann, R.; Wildenmann, R.",GESIS Data Archive for the Social Sciences
10.7910/dvn/w4xwvu,"Replication Data for: Die „Sonntagsfrage“, Soziale Erwünschtheit und die AfD: Wie alternative Messmethoden der Politikwissenschaft Weiterhelfen Können","Gschwend, Thomas; Juhl, Sebastian; Lehrer, Roni",Harvard Dataverse
10.4232/1.3720,Allgemeine Bevölkerungsumfrage der Sozialwissenschaften ALLBUScompact 2000 - Integrierte Version,"Allmendinger, Jutta; Andreß, Hans-Jürgen; Bürklin, Wilhelm; Diekmann, Andreas; Feger, Hubert; Huinink, Johannes; Meulemann, Heiner; Müller, Walter; Opp, Karl-Dieter; Scheuch, Erwin K.; Solga, Heike",
10.4232/1.1202,The Way One Sees Oneself and Political Consciousness of Jurists,"Riegel, Manfred; Riegel, Manfred; Werle, Raymund; Werle, Raymund; Wildenmann, Rudolf; Wildenmann, Rudolf",GESIS Data Archive for the Social Sciences
10.4232/1.10403,"Langfrist-Online-Tracking, T9 (GLES 2009)","Rattinger, Hans; Roßteutscher, Sigrid; Schmitt-Beck, Rüdiger; Weßels, Bernhard",
10.4232/1.0667,On the Problem of Homework,"Eigler, Gunther; Eigler, Gunther; Krumm, Volker; Krumm, Volker",GESIS Data Archive for the Social Sciences
10.5281/zenodo.7442425,NeMig - A Bilingual News Collection and Knowledge Graph about Migration,"Iana, Andreea; Alam, Mehwish; Grote, Alexander; Ludwig, Katharina; Müller, Philipp; Weinhardt, Christof; Paulheim, Heiko",Zenodo
10.7910/dvn/tm694o,Replication Data for: What do Germans of Russian and Turkish migration background think about sanctions against Russia?,"Debus, Marc; Diener, Julius; Himmelrath, Noam; Stecker, Christian",Harvard Dataverse
10.7910/dvn/y9kmjw,Replication Data for: How Cross-Validation Can Go Wrong and What to Do About it.,"Neunhoeffer, Marcel; Sternberg, Sebastian",Harvard Dataverse
10.7910/dvn/6jclfu,"Reproduction file for: On the Relationship Between Strategic Cultures and Support for European Defence: A Comment on Irondelle, Mérand and Foucault","Mader, Matthias",Harvard Dataverse
10.7910/dvn/leepgf,Replication Data for: The Growing Gap Between Churches and Christian Democratic Parties: Evidence from Germany,"Debus, Marc",Harvard Dataverse
10.4232/1.1735,Employee Survey 1980/81,"Helberger, Christof; Helberger, Christof",GESIS Data Archive for the Social Sciences
10.7910/dvn/lmdueq,Replication Data for: How Gendered is the Peer Review Process? A Mixed-Design Analysis of Reviewer Feedback,"König, Thomas; Ropers, Guido",Harvard Dataverse
10.4232/1.1902,"Political Attitudes in East and West, March 1990 (Comparative Survey FRG - GDR)","Wildenmann, Rudolf; Wildenmann, Rudolf",GESIS Data Archive for the Social Sciences
10.7910/dvn/jloq6v,"Reproduction files for: Conceptions of national identity, turnout and party preference","Mader, Matthias; Pesthy, Maria; Schoen, Harald",Harvard Dataverse
10.7801/485,RegioRadar 2025,"Kickum, Astrid; Derkau, Julia",
10.4232/1.0983,The Employment of Foreign Workers in the Perspective of Private Enterprise (Survey of Companies),"Gaugler, Eduard; Gaugler, Eduard; Sozialforschung Brög, München; Sozialforschung Brög, München",GESIS Data Archive for the Social Sciences
10.21227/prrw-s463,CRAWDAD tools/analyze/location/loceva,"King, Thomas ;  Kopf, Stephan; Butter, Thomas ; Lemelson, Hendrik ; Haenselmann, Thomas ; Effelsberg, Wolfgang ",
10.7910/dvn/wg9kvf,School Closures During the 1918 Pandemic,"Nencka, Peter; Karger, Ezra; Eriksson, Katherine; Ager, Phillipp; Melissia A. Thomasson",Harvard Dataverse
10.4232/1.1141,Welfare Survey 1978,"Brachtl, Wolfgang; Brachtl, Wolfgang; Gransche, Elisabeth; Gransche, Elisabeth; Lang, Sabine; Lang, Sabine; Siara, Christian S.; Siara, Christian S.; Volkert, Marieke; Volkert, Marieke; Zapf, Wolfgang; Zapf, Wolfgang; ZUMA, Mannheim; ZUMA, Mannheim",GESIS Data Archive for the Social Sciences
10.7910/dvn/zy3rv7,ParlEE plenary speeches data set: Annotated full-text of 21.6 million sentence-level plenary speeches of eight EU states,"Sylvester, Christine; Greene, Zachary; Ebing, Benedikt",Harvard Dataverse
10.7910/dvn/kpfydd,Replication Data for: The Zweitstimme Forecast for the German Federal Election 2025: Coalition Majorities and Vacant Districts,"Erfort, Cornelius; Stoetzer, Lukas F.; Gschwend, Thomas; Koch, Elias; Munzert, Simon; Rajski, Hannah",Harvard Dataverse
10.4232/1.0514,Landtagswahl in Hessen 1970 (Nachuntersuchung),"Adrian, Wolfgang; Berger, Manfred",
10.7910/dvn/xkod8d,Replication Data for Fueling Electrification: The Impact of Gas Prices on Hybrid Car Usage,"Grigolon, Laura; Park, Eunseong; Remmy, Kevin",Harvard Dataverse
10.4232/1.13156,"German Internet Panel, Wave 34 (March 2018)","Blom, Annelies G.; Blom, Annelies G.; Felderer, Barbara; Felderer, Barbara; Höhne, Jan Karem; Höhne, Jan Karem; Krieger, Ulrich; Krieger, Ulrich; Rettig, Tobias; Rettig, Tobias; SFB 884 ´Political Economy of Reforms´, Universität Mannheim; SFB 884 ´Political Economy of Reforms´, Universität Mannheim",GESIS Data Archive for the Social Sciences
10.4232/1.0866,"Saarland Election Investigation 1975 (Panel: Preliminary Investigation, March 1974)","Kaase, Max; Kaase, Max",GESIS Data Archive for the Social Sciences
10.7910/dvn/ippshd,"Replication Data for: A comparison of individual needs and support of violence among radicals, extremists and fundamentalists in Western Europe","Jungkunz, Sebastian; Osenbrügge, Nina",
10.7910/dvn/bokfa0,"Replication Data for: ""The Weekend Effect in Online Reviews""","Bayerl, Andreas; Schoenmueller, Verena; Goldenberg, Jacob; Stahl, Florian",
10.7910/dvn/pls50o,"Replication material for ""Coalition Policy Perceptions""","Bowler, Shaun; Gschwend, Thomas; Indridason, Indridi H.",Harvard Dataverse
10.4232/1.1730,Communication Channels and Leisure Behavior in the Local Area: Influence of Cable Television,"Kaase, Max; Kaase, Max",GESIS Data Archive for the Social Sciences
10.7910/dvn/o80skq,Replication Data for: Military Service and Immigrants' Integration: Evidence from the Vietnam Draft Lotteries,"Zhang, Nan; Lee, Melissa",
10.7910/dvn/ylbhax,Replication Data for: The Role of Topic Expertise for Interruption Behavior in Parliament - A Dyadic Approach,"Diener, Julius",Harvard Dataverse
10.7910/dvn/pgfoxw,Replication Data for: Why Underachievers Dominate Secret Police Organizations: Evidence from Autocratic Argentina,"Scharpf, Adam; Gläßel, Christian",Harvard Dataverse
10.7910/dvn/jqyldq,"Replication Data for: ""Who tweets, and how freely? Evidence from an elite survey among German politicians""","Bauer, Paul Cornelius; Ecker, Alejandro; Imre, Michael; Landesvatter, Camille; Malich, Sonja",Harvard Dataverse
10.7910/dvn/t3g5md,"Replication Code for ""Social Connectedness in Bank Lending""","Rehbein, Oliver; Rother, Simon",Harvard Dataverse
10.4232/1.14577,Conversations of Democracy - Reduced Version,"Schmitt-Beck, Rüdiger; Schmitt-Beck, Rüdiger; Grill, Christiane; Grill, Christiane",GESIS Data Archive for the Social Sciences
10.4232/1.4217,German CSES Study for the National Election Study 2002 - ´Drop off´ Survey and Post-Election telephone survey,"Weßels, Bernhard; Weßels, Bernhard; Rattinger, Hans; Rattinger, Hans; Schmitt, Hermann; Schmitt, Hermann; Falter, Jürgen W.; Falter, Jürgen W.; Gabriel, Oscar W.; Gabriel, Oscar W.; Faas, Thorsten; Faas, Thorsten",GESIS Data Archive for the Social Sciences
10.4232/1.0521,"Politics and Democracy in the Federal Republic (Population, 1968)","Wildenmann, Rudolf; Wildenmann, Rudolf; Kaase, Max; Kaase, Max",GESIS Data Archive for the Social Sciences
10.7910/dvn/mltzie,Replication Data for: Permissibility of Electoral Systems: A New Look at an Old Question,"Kedar, Orit; Harsgor, Liran; Tuttnauer, Or",Harvard Dataverse
10.7910/dvn/qnasjj,Reproduction files for: Party institutionalization and intra-party preference homogeneity,"Mader, Matthias; Steiner, Nils D.",Harvard Dataverse
10.4232/1.0796,West German Leadership,"Wildenmann, Rudolf; Wildenmann, Rudolf; Kaltefleiter, Werner; Kaltefleiter, Werner",GESIS Data Archive for the Social Sciences
10.4232/1.11380,Allgemeine Bevölkerungsumfrage der Sozialwissenschaften ALLBUScompact - Kumulation 1980-2010,"Allerbeck, Klaus; Allmendinger, Jutta; Andreß, Hans-Jürgen; Bürklin, Wilhelm; Diekmann, Andreas; Feger, Hubert; Fetchenhauer, Detlef; Huinink, Johannes; Kiefer, Marie Luise; Kühnel, Steffen; Lepsius, M. Rainer; Liebig, Stefan; Mayer, Karl Ulrich; Meulemann, Heiner; Müller, Walter; Opp, Karl Dieter; Pappi, Franz Urban; Scheuch, Erwin K.; Schmitt-Beck, Rüdiger; Solga, Heike; Trappe, Heike; Wagner, Michael; Ziegler, Rolf",
10.7910/dvn/y1ug9p,Replication Data for: A Political History Forecast of Bloc Support in the 2025 German Federal Elections,"Quinlan, Dr Stephen; Schnaudt, Christian; Lewis-Beck, Michael",Harvard Dataverse
10.7910/dvn/qe1xnm,Replication Data for: Improving Studies of Sensitive Topics Using Prior Evidence: An Informative Bayesian Approach for List Experiments,"Lu, Xiao; Traunmüller, Richard",
10.4232/1.12009,Europe in Context - Full Version,"Deth, Jan W. van; Deth, Jan W. van; Tausendpfund, Markus; Tausendpfund, Markus",GESIS Data Archive for the Social Sciences
10.7910/dvn/1dmaaj,"Pre-Analysis Plan for a Survey Experiment on Committees, Voting Rules and Voters' Beliefs","Marbach, Moritz; Swalve, Tilko",Harvard Dataverse
10.4232/1.13835,"German Internet Panel, Wave 54 (July 2021)","Blom, Annelies G.; Blom, Annelies G.; Fikel, Marina; Fikel, Marina; Gonzalez Ocanto, Marisabel; Gonzalez Ocanto, Marisabel; Krieger, Ulrich; Krieger, Ulrich; Rettig, Tobias; Rettig, Tobias; SFB 884 ´Political Economy of Reforms´, Universität Mannheim; SFB 884 ´Political Economy of Reforms´, Universität Mannheim",GESIS Data Archive for the Social Sciences
10.4232/1.4216,German CSES Study for the National Election Study 2002 - Post-Election telephone survey,"Weßels, Bernhard; Weßels, Bernhard; Schmitt, Hermann; Schmitt, Hermann",GESIS Data Archive for the Social Sciences
10.7910/dvn/tewt1n,"Replication Data for: Institutional Personalism and Personalised Behaviour: Electoral Systems, Candidate Selection Methods, and Politicians’ Campaign Strategy","Tuttnauer, Or; Rahat, Gideon",Harvard Dataverse
10.4232/1.13464,"German Internet Panel, Wave 41 (May 2019)","Blom, Annelies G.; Blom, Annelies G.; Fikel, Marina; Fikel, Marina; Friedel, Sabine; Friedel, Sabine; Höhne, Jan Karem; Höhne, Jan Karem; Krieger, Ulrich; Krieger, Ulrich; Rettig, Tobias; Rettig, Tobias; Wenz, Alexander; Wenz, Alexander; SFB 884 ´Political Economy of Reforms´, Universität Mannheim; SFB 884 ´Political Economy of Reforms´, Universität Mannheim",GESIS Data Archive for the Social Sciences
10.4232/1.12008,Europe in Context - Reduced Version,"Deth, Jan W. van; Deth, Jan W. van; Tausendpfund, Markus; Tausendpfund, Markus",GESIS Data Archive for the Social Sciences
10.4232/1.14052,"German Internet Panel, Recruitment 2018","Blom, Annelies G.; Blom, Annelies G.; Gonzalez Ocanto, Marisabel; Gonzalez Ocanto, Marisabel; Krieger, Ulrich; Krieger, Ulrich; Rettig, Tobias; Rettig, Tobias; Ungefucht, Marina; Ungefucht, Marina; SFB 884 ´Political Economy of Reforms´, Universität Mannheim; SFB 884 ´Political Economy of Reforms´, Universität Mannheim",GESIS Data Archive for the Social Sciences
10.7910/dvn/mlynx0,Replication Data for: Forecasting Elections in Multi-Party Systems: A Bayesian Approach Combining Polls and Fundamentals,"Neunhoeffer, Marcel; Stoetzer, Lukas F.; Gschwend, Thomas; Munzert, Simon; Sternberg, Sebastian",Harvard Dataverse
10.4232/1.4072,Pre-election survey on the Federal Parliament Election 1998,"Pappi, Franz U.; Pappi, Franz U.",GESIS Data Archive for the Social Sciences
10.4232/1.12175,"Zwischenerhebung der 2005, 2009 und 2013 gestarteten Langfrist-Panels und des Wahlkampf-Panels 2013 (GLES)","Rattinger, Hans; Roßteutscher, Sigrid; Schmitt-Beck, Rüdiger; Weßels, Bernhard; Wolf, Christof",
10.4232/1.1339,Welfare Survey 1984,"Glatzer, Wolfgang; Glatzer, Wolfgang; Noll, Heinz-Herbert; Noll, Heinz-Herbert; Zapf, Wolfgang; Zapf, Wolfgang",GESIS Data Archive for the Social Sciences
10.7910/dvn/rgamls,"Replication Data for: Preißinger, Maria and Schoen, Harald (2016): It's not always the campaign - Explaninig inter-election switching in Germany, 2009-2013. Electoral Studies 44: 109-119.","Preißinger, Maria",Harvard Dataverse
10.4232/1.12954,Nachwahl-Querschnitt (GLES 2017),"Roßteutscher, Sigrid; Schmitt-Beck, Rüdiger; Schoen, Harald; Weßels, Bernhard; Wolf, Christof; Wagner, Aiko",
10.7910/dvn/6vya0u,Replication Data for: Everyday Discrimination in Public Spaces: A Field Experiment in the Milan Metro,"Gereke, Johanna",Harvard Dataverse
10.7910/dvn/cjuwrl,Replication Data for: A Large-Scale Field Experiment to Reduce Non-Payments for Water: From Diagnosis to Treatment,"Rockenbach, Bettina; Tonke, Sebastian; Weiss, Arne",Harvard Dataverse
10.7910/dvn/28603,"Governments, Informal Links to Militias and Accountability","Carey, Sabine; Colaresi, Michael; Mitchell. Neil",Harvard Dataverse
10.7910/dvn/spltli,Replication Data for: How a history of migration affects individuals' political attitudes,"Himmelrath, Noam; Debus, Marc; Stecker, Christian",Harvard Dataverse
10.4232/1.3450,Allgemeine Bevölkerungsumfrage der Sozialwissenschaften ALLBUS 2000 (Integrierte Version),"Allmendinger, Jutta; Andreß, Hans-Jürgen; Bürklin, Wilhelm; Diekmann, Andreas; Feger, Hubert; Huinink, Johannes; Meulemann, Heiner; Müller, Walter; Opp, Karl-Dieter; Scheuch, Erwin K.; Solga, Heike",
10.7910/dvn/dgoqwh,Replication Data for: Spoilers of peace: Pro-government militias as risk factors for conflict recurrence,"Carey, Sabine; Steinert, Christoph; Steinert, Janina",Harvard Dataverse
10.4232/1.4521,Saving and old-age provision in Germany (SAVE) 2006,"Börsch-Supan, Axel; Börsch-Supan, Axel; Schunk, Daniel; Schunk, Daniel",GESIS Data Archive for the Social Sciences
10.4232/1.13262,"TV-Duell-Analyse, Real-Time-Response-Daten Fünfkampf (pushbutton) (GLES 2017)","Roßteutscher, Sigrid; Schmitt-Beck, Rüdiger; Schoen, Harald; Weßels, Bernhard; Wolf, Christof",
10.4232/1.2800,Allgemeine Bevölkerungsumfrage der Sozialwissenschaften ALLBUS 1996,"Allerbeck, Klaus R.; Allmendinger, Jutta; Bürklin, Wilhelm; Kiefer, Marie-Luise; Müller, Walter; Opp, Karl-Dieter; Scheuch, Erwin K.",
10.4232/1.0867,"Saarland Election Investigation 1975 (Panel: Preliminary Investigation, October 1974)","Kaase, Max; Kaase, Max",GESIS Data Archive for the Social Sciences
10.4232/1.0522,"Politics and Democracy in the Federal Republic (Young People, 1968)","Wildenmann, Rudolf; Wildenmann, Rudolf; Kaase, Max; Kaase, Max",GESIS Data Archive for the Social Sciences
10.7910/dvn/kyqbht,"Replication Data for: Mode of candidacy, electoral prospects, and the ideological deviation of candidacy-seeking politicians from their party leadership","Debus, Marc; Lattmann, Johannes; Wagner, Sarah",Harvard Dataverse
10.4232/1.1190,"Political Ideology II (Panel Study 1980, 2nd Wave)","Allerbeck, Klaus R.; Allerbeck, Klaus R.; Kaase, Max; Kaase, Max; Klingemann, Hans-Dieter; Klingemann, Hans-Dieter",GESIS Data Archive for the Social Sciences
10.7910/dvn/czljs6,Replication Data for Forecasting Bloc Support in German Federal Elections: A Political History Model,"Quinlan, Dr Stephen; Schnaudt, Dr Christian; Lewis-Beck, Prof Michael S.",Harvard Dataverse
10.1037/e518332013-658,Expanding Crossover Research: The Crossover of Job-Related Self-Efficacy Within Couples,Angela Neff; Cornelia Niessen; Sabine Sonnentag; Dana Unger,American Psychological Association (APA)
10.7910/dvn/7qne9o,Replication data for: The Manifesto Project data extended to include the logit scales and standard errors,"Lowe, Will; Benoit, Kenneth; Mikhaylov, Slava; Laver, Michael",Harvard Dataverse
10.4232/1.10753,Landtagswahl Hamburg 2011 (GLES 2009),"Rattinger, Hans; Roßteutscher, Sigrid; Schmitt-Beck, Rüdiger; Weßels, Bernhard",
10.7910/dvn/lh8tgd,Replication Data for: Management Practices and Climate Policy in China,"Soo Keong, Yong; J. Wagner, Ulrich; Shen, Peiyao; Preux, Laure de; Muuls, Mirabelle; Martin, Ralf; Cao, Jing",Harvard Dataverse
10.4232/1.12358,Langfrist-Online-Tracking T28 (GLES),"Roßteutscher, Sigrid; Schmitt-Beck, Rüdiger; Schoen, Harald; Weßels, Bernhard; Wolf, Christof; Henckel, Simon; Bieber, Ina; Scherer, Philipp",
10.7910/dvn/jtksrw,Impacts of increasing community resilience through humanitarian aid in Pakistan,"Avdeenko, Alexandra; Frölich, Markus",Harvard Dataverse
10.7910/dvn/8qzzjx,Replication Data for Can role models influence female's decision to participate in the labor market? Evidence from a field experiment,"Martini, Christina A.; Uruena, Viviana",Harvard Dataverse
10.7910/dvn/xee99u,Replication Data for: Making Comprehensible Speeches When Your Constituents Need It,"Lin, Nick; Osnabrügge, Moritz",Harvard Dataverse
10.1037/e633982013-719,Beyond procedure's content--Cognitive subjective experiences in procedural justice judgments,Rainer Greifeneder; Patrick A. Muller; Dagmar Stahlberg; Herbert Bless; Svenja K. Schattka,American Psychological Association (APA)
10.4232/1.1022,"Hospital Structure, Stress and Conduct Regarding Patients in the Hospital (Patients Survey)","Bartholomeyczik, Eike; Bartholomeyczik, Eike; Bartholomeyczik, Sabine; Bartholomeyczik, Sabine; Beckmann, M.; Beckmann, M.; Bernhard, W.; Bernhard, W.",GESIS Data Archive for the Social Sciences
10.7910/dvn/98anea,"Replication Data for: ""Teacher Performance Pay and Student Learning: Evidence from a Nationwide Program in Peru”. Economic Development and Cultural Change","Lombardi, Maria; Bellés-Obrero, Cristina",Harvard Dataverse
10.7910/dvn/gec2ls,Replication Data for: Eliciting Beliefs as Distributions in Online Surveys,"Leemann, Lucas; Traunmueller, Richard; Stoetzer, Lukas F.",Harvard Dataverse
10.7910/dvn/wihaov,Reproduction Material for: Subjective Losers of Globalization,"Steiner, Nils D.; Matthias, Mader; Schoen, Harald",Harvard Dataverse
10.7910/dvn/74qeo9,Replication Data for: From Pluribus to Unum? The Civil War and Imagined Sovereignty in Nineteenth-Century America,"Lee, Melissa M.; Zhang, Nan; Herchenröder, Tilmann",Harvard Dataverse
10.7910/dvn/27505,Replication data for: Evidence of Treatment Spillovers Within Markets,"Ferracci, Marc; Jolivet, Gregory; Van den Berg, Gerard J.",Harvard Dataverse
10.7910/dvn/e2187a,"Replication Data for ""Holding Individual Representatives Accountable: The Role of Electoral Systems""","Rudolph, Lukas; Däubler, Thomas",Harvard Dataverse
10.7910/dvn/vmfsoz,"Replication Data for: Regional Labor Markets, Residential Mobility, and Anti-Immigration Sentiment","Cohen, Denis; Pardos-Prado, Sergi",
10.7910/dvn/uq4sfe,"Replication Data for: Preißinger, Maria. 2017. Always late? Stability and Change in Individuals' Time of Vote Decision. In: Harald Schoen, Sigrid Roßteutscher, Rüdiger Schmitt-Beck, Bernhard Weßels &amp; Christof Wolf. Voters &amp; Voting in Context. Multiple Contexts &amp; the Heterogeneous German Electorate. Oxford: Oxford University Press. 230-248.","Preißinger, Maria",Harvard Dataverse
10.4232/1.12234,"Langfrist-Online-Tracking, Kumulation 2009 – 2014, Kernfragen (GLES)","Rattinger, Hans; Roßteutscher, Sigrid; Schmitt-Beck, Rüdiger; Weßels, Bernhard; Wolf, Christof",
10.4232/1.2933,Welfare Surveys 1978 to 1993 (Cumulated Data Set),"Zapf, Wolfgang; Zapf, Wolfgang; Siara, Christian S.; Siara, Christian S.; Glatzer, Wolfgang; Glatzer, Wolfgang; Noll, Heinz-Herbert; Noll, Heinz-Herbert; Habich, Roland; Habich, Roland; Müller-Andritzky, Maria; Müller-Andritzky, Maria; Lang, Sabine; Lang, Sabine; Volkert, Marieke; Volkert, Marieke; Brachtl, Wolfgang; Brachtl, Wolfgang; Gransche, Elisabeth; Gransche, Elisabeth; Glatzer, Wolfgang; Glatzer, Wolfgang; Zapf, Wolfgang; Zapf, Wolfgang; Noll, Heinz-Herbert; Noll, Heinz-Herbert; Zentralinstitut für Jugendforschung (ZIJ), Leipzig; Zentralinstitut für Jugendforschung (ZIJ), Leipzig; Spellerberg, Annette; Spellerberg, Annette",GESIS Data Archive for the Social Sciences
10.7910/dvn/weseby,Replication Data for: Age and Representation Styles: Are Young Candidates more likely to Prioritize their Voters over their Own Opinion or their Party?,"Diener, Julius",
10.7910/dvn/azfhyn,"Replication Data for: Sometimes Less Is More: Censorship, News Falsification, and Disapproval in 1989 East Germany","Gläßel, Christian; Paula, Katrin",Harvard Dataverse
10.4232/1.4225,German Candidate Study for the Federal Parliament Election 2002 (German Candidate Study 2002),"Schmitt, Hermann; Schmitt, Hermann; Wüst, Andreas M.; Wüst, Andreas M.; Semetko, Holli A.; Semetko, Holli A.; Karp, Jeffrey; Karp, Jeffrey",GESIS Data Archive for the Social Sciences
10.7910/dvn/tyqnae,Replication Data for: Rental Market Risk and Radical Right Support,"Abou-Chadi, Tarik; Cohen, Denis; Kurer, Thomas",Harvard Dataverse
10.4232/1.0064,Political Attitudes (January 1964),"Wildenmann, Rudolf; Wildenmann, Rudolf",GESIS Data Archive for the Social Sciences
10.5281/zenodo.259352,Data For Item-Method Directed Forgetting And Working Memory Capacity Study,Ivan Marevic; Nina R. Arnold; Jan Rummel,Zenodo
10.4232/1.2140,Allgemeine Bevölkerungsumfrage der Sozialwissenschaften ALLBUS 1992,"Allerbeck, Klaus R.; Allmendinger, Jutta; Müller, Walter; Opp, Karl-Dieter; Pappi, Franz U.; Scheuch, Erwin K.; Ziegler, Rolf",
10.7910/dvn/6zyxml,"Replication Data for: A Replication of ""Representative Bureaucracy and the Willingness to Coproduce""","Sievert, Martin",Harvard Dataverse
10.4232/1.11752,Langfrist-Online-Tracking zur Landtagswahl Nordrhein-Westfalen 2012 (GLES),"Rattinger, Hans; Roßteutscher, Sigrid; Schmitt-Beck, Rüdiger; Weßels, Bernhard; Wolf, Christof",
10.4232/1.2517,"Comparative Election Study 1990 (Primary Respondents, 1st Wave)","Kaase, Max; Kaase, Max",GESIS Data Archive for the Social Sciences
10.4232/1.12314,Langfrist-Online-Tracking T28 (GLES),"Roßteutscher, Sigrid; Schmitt-Beck, Rüdiger; Schoen, Harald; Weßels, Bernhard; Wolf, Christof",
10.4232/1.0924,"Security Policy Planning Problems of the Federal Republic of Germany (Elites, 1977)","Schössler, Dieter; Schössler, Dieter; Enke, Edo; Enke, Edo",GESIS Data Archive for the Social Sciences
10.4232/1.1124,The Sexual Conduct of Women in the Federal Republic of Germany,"Gruner + Jahr, Hamburg; Gruner + Jahr, Hamburg; Dallenbach-Hellwig, Gisela; Dallenbach-Hellwig, Gisela; Dogs, Wilfried; Dogs, Wilfried; Graumann, Carl-Friedrich; Graumann, Carl-Friedrich; Weinert, Franz E.; Weinert, Franz E.; Wildenmann, Rudolf; Wildenmann, Rudolf",GESIS Data Archive for the Social Sciences
10.7910/dvn/cy7ywe,Replication Data for: The Wald Test of Common Factors in Spatial Model Specification Search Strategies,"Juhl, Sebastian",Harvard Dataverse
10.4232/1.2519,"Comparative Election Study 1990 (Primary Respondents, 3rd Wave)","Kaase, Max; Kaase, Max",GESIS Data Archive for the Social Sciences
10.7910/dvn/03umdf,Replication Data for : The structure of West European policy spaces: A stable mismatch or increasing alignment between voters and parties?,"Kurella, Anna",Harvard Dataverse
10.4232/1.10378,"Kandidatenstudie, Befragung (GLES 2009)","Rattinger, Hans; Roßteutscher, Sigrid; Schmitt-Beck, Rüdiger; Weßels, Bernhard; Gschwend, Thomas; Schmitt, Hermann; Wüst, Andreas; Zittel, Thomas",
10.7910/dvn/tat2yf,Replication Data for: Conspiracy beliefs and perceptions of electoral integrity: Cross-national evidence from 29 countries,"Schnaudt, Christian",Harvard Dataverse
10.7910/dvn/fwwrhq,Muslim Bias or Fear of Fundamentalism? A Survey Experiment in Five Western European Democracies,"Helbling, Marc; Jäger, Felix; Traunmüller, Richard",Harvard Dataverse
10.4232/1.1053,Election Study 1980 (Data Pool),"Berger, Manfred; Berger, Manfred; Gibowski, Wolfgang G.; Gibowski, Wolfgang G.; Fuchs, Dieter; Fuchs, Dieter; Kaase, Max; Kaase, Max; Klingemann, Hans-Dieter; Klingemann, Hans-Dieter; Roth, Dieter; Roth, Dieter; Schleth, Uwe; Schleth, Uwe; Schulte, Wolfgang; Schulte, Wolfgang",GESIS Data Archive for the Social Sciences
10.7910/dvn/m4fuwk,"Russian State Duma Transcripts, 2000–2025","Avagian, David; Baranov, Artur",
10.7910/dvn/qwrvhb,Replication Data for: The Political Consequences of Wartime Sexual Violence. Evidence from a List Experiment,"Gonzalez, Belen; Traunmueller, Richard",Harvard Dataverse
10.4232/1.1341,Spelling Ability among Beginning Trainees (Panel: 1st Wave 1979),"Huber, Wolfgang; Huber, Wolfgang",GESIS Data Archive for the Social Sciences
10.7910/dvn/jqlnct,Replication Data for: 'Bringing the World to the Classroom: Teaching Statistics and Programming in a Project-Based Setting',"Meyer, Cosima",Harvard Dataverse
10.7910/dvn/v46qhm,"Replication Data for: Former Social Democratic Partisanship, Working-Class Background, and Support for Right-Wing Populist Parties: A Research Note","Debus, Marc",
10.4232/1.0525,Politik in der Bundesrepublik (August 1969),"Kaase, Max; Schleth, Uwe; Wildenmann, Rudolf; Berger, Manfred; Gibowski, Wolfgang G.; Roth, Dieter",
10.7910/dvn/lfsprx,"Replication Data for: An Emotional Climate: Legislators' Emotional Engagement with Climate Issues across Age, Party and Time","Diener, Julius",Harvard Dataverse
10.4232/1.0558,"Federal Parliament Election 1965 (Follow-Up Survey, November 1965)","Kaase, M.; Kaase, M.; Wildenmann, R.; Wildenmann, R.",GESIS Data Archive for the Social Sciences
10.4232/1.4051,Saving and old-age provision in Germany (SAVE) 2001,"Börsch-Supan, Axel; Börsch-Supan, Axel; Essig, Lothar; Essig, Lothar",GESIS Data Archive for the Social Sciences
10.5441/002/edbt.2017.20,Matching Web Tables To DBpedia - A Feature Utility Study,"Ritze, Dominique; Bizer, Christian",
10.4232/1.2870,Determinants of Divorce (Methods Study),"Esser, Hartmut; Esser, Hartmut; Babka von Gostomski, Christian; Babka von Gostomski, Christian; Hartmann, Josef; Hartmann, Josef",GESIS Data Archive for the Social Sciences
10.4232/1.1343,Spelling Ability among Beginning Trainees (Panel 1979-1980),"Huber, Wolfgang; Huber, Wolfgang",GESIS Data Archive for the Social Sciences
10.7910/dvn/ejywck,Reproduction files: Believing and Sharing Information by Fake Sources: An Experiment,"Bauer, Paul Cornelius; m von Hohenberg, Bernhard von",Harvard Dataverse
10.4232/1.1221,Politics in the Federal Republic of Germany (1980),"Bürklin, Wilhelm P.; Bürklin, Wilhelm P.; Wildenmann, Rudolf; Wildenmann, Rudolf; Wollweber, S.; Wollweber, S.",GESIS Data Archive for the Social Sciences
10.7910/dvn/soewuz,Replication Data for: How to place non-majoritarian institutions and political actors in a common policy space: Spatial modeling of court--executive interactions,"Engst, Benjamin G.; Grundmanns, David M.; Gschwend, Thomas",Harvard Dataverse
10.7910/dvn/oppc8v,Impacts of linking savings group to formal financial service providers and strengthening their internal group insurance mechanism in Zambia,"Frölich, Markus; Nguyen, Linh",Harvard Dataverse
10.7910/dvn/2zophq,"Replication Data for: Security vs. Civil Liberties: How citizens cope with threat, restriction and ideology","Jäger, Felix",Harvard Dataverse
10.4232/1.3716,Allgemeine Bevölkerungsumfrage der Sozialwissenschaften ALLBUScompact 1992,"Allerbeck, Klaus; Allmendinger, Jutta; Müller, Walter; Opp, Karl-Dieter; Pappi, Franz Urban; Scheuch, Erwin K.; Ziegler, Rolf",
10.7910/dvn/fjxh5g,"Replication Data for ""How valid are trust survey measures? New insights from open-ended probing data and supervised machine learning""","Landesvatter, Camille; Bauer, Paul C.",Harvard Dataverse
10.4232/1.11145,Langfrist-Panel 2005-2009-2013 (GLES 2009),"Rattinger, Hans; Roßteutscher, Sigrid; Schmitt-Beck, Rüdiger; Weßels, Bernhard; Kühnel, Steffen; Niedermayer, Oskar; Westle, Bettina",
10.7910/dvn/4mtmxw,Empty Promises and Nonincorporation in Mercosur,"Arnold, Christian",Harvard Dataverse
10.7910/dvn/kps1ky,Replication Data for: 'When the Whole is Greater Than the Sum of its Parts: On the Concept and Measurement of Populist Attitudes and Other Multi-dimensional Constructs',"Wuttke, Alexander; Schimpf, Christian; Schoen, Harald",Harvard Dataverse
10.4232/1.2657,Comparative Election Study 1990: Policy Options on German Unity,"Kaase, Max; Kaase, Max; Klingemann, Hans-Dieter; Klingemann, Hans-Dieter; Küchler, Manfred; Küchler, Manfred; Pappi, Franz U.; Pappi, Franz U.",GESIS Data Archive for the Social Sciences
10.7910/dvn/cgxpf5,"Replication Data for: ""Bilateral or Multilateral? International Financial Flows and the Dirty-Work Hypothesis""","Lang, Valentin; Dreher, Axel; Rosendorff, B. Peter; Vreeland, James Raymond",Harvard Dataverse
10.4232/1.14054,"German Internet Panel, Wave 58 (March 2022)","Blom, Annelies G.; Blom, Annelies G.; Gonzalez Ocanto, Marisabel; Gonzalez Ocanto, Marisabel; Krieger, Ulrich; Krieger, Ulrich; Rettig, Tobias; Rettig, Tobias; Ungefucht, Marina; Ungefucht, Marina; SFB 884 ´Political Economy of Reforms´, Universität Mannheim; SFB 884 ´Political Economy of Reforms´, Universität Mannheim",GESIS Data Archive for the Social Sciences
10.4232/1.10765,Langfrist-Online-Tracking zur Landtagswahl Rheinland-Pfalz 2011 (GLES 2009),"Rattinger, Hans; Roßteutscher, Sigrid; Schmitt-Beck, Rüdiger; Weßels, Bernhard",
10.7910/dvn/1xgqf2,"Replication Data for: ""Using party press releases and Wikipedia page view data to analyse developments and determinants of parties’ issue prevalence: Evidence for the right-wing populist ‘Alternative for Germany’","Debus, Marc; Florczak, Christopher",Harvard Dataverse
10.4232/1.3719,Allgemeine Bevölkerungsumfrage der Sozialwissenschaften ALLBUScompact 1998,"Allerbeck, Klaus; Allmendinger, Jutta; Bürklin, Wilhelm; Kiefer, Marie Luise; Müller, Walter; Opp, Karl-Dieter; Scheuch, Erwin K.",
10.4232/1.10763,"Langfrist-Online-Tracking, T14 (GLES 2009)","Rattinger, Hans; Roßteutscher, Sigrid; Schmitt-Beck, Rüdiger; Weßels, Bernhard",
10.4232/1.13834,"German Internet Panel, Wave 53 (May 2021)","Blom, Annelies G.; Blom, Annelies G.; Fikel, Marina; Fikel, Marina; Gonzalez Ocanto, Marisabel; Gonzalez Ocanto, Marisabel; Krieger, Ulrich; Krieger, Ulrich; Rettig, Tobias; Rettig, Tobias; SFB 884 ´Political Economy of Reforms´, Universität Mannheim; SFB 884 ´Political Economy of Reforms´, Universität Mannheim",GESIS Data Archive for the Social Sciences
10.7910/dvn/yny90h,Replication Data for: Who Settles Disputes? Treaty Design and Trade Attitudes Toward the Transatlantic Trade and Investment Partnership (TTIP),"Hahm, Hyeonho; König, Thomas; Osnabrügge, Moritz; Frech, Elena",Harvard Dataverse
10.7910/dvn/mb2uku,Replication Data for: When Do Campaign Effects Persist for Years? Evidence from a Natural Experiment,"Jäger, Kai",Harvard Dataverse
10.7910/dvn/zfw6tn,"Replication data for: The life, death and diversity of pro-government militias: The fully revised pro-government militias database version 2.0","Carey, Sabine; Mitchell, Neil J.; Paula, Katrin",Harvard Dataverse
10.7910/dvn/5jj6oe,"Replication Data for: Monetary Policy, Markup Dispersion, and Aggregate TFP","Meier, Matthias; Reinelt, Timo",
10.4232/1.10368,"TV Debate Analysis, Survey (GLES 2009)","Rattinger, Hans; Rattinger, Hans; Roßteutscher, Sigrid; Roßteutscher, Sigrid; Schmitt-Beck, Rüdiger; Schmitt-Beck, Rüdiger; Weßels, Bernhard; Weßels, Bernhard",GESIS Data Archive for the Social Sciences
10.7910/dvn/pllbqj,"Replication Data for: Foreign Aid, Human Rights and Democracy Promotion: Evidence from a Natural Experiment","Carnegie, Allison; Marinov, Nikolay",Harvard Dataverse
10.4232/1.11743,"Langfrist-Online-Tracking, T20 (GLES)","Rattinger, Hans; Roßteutscher, Sigrid; Schmitt-Beck, Rüdiger; Weßels, Bernhard; Wolf, Christof",
10.4232/1.13462,"German Internet Panel, Welle 39 (Januar 2019)","Blom, Annelies G.; Blom, Annelies G.; Fikel, Marina; Fikel, Marina; Friedel, Sabine; Friedel, Sabine; Höhne, Jan Karem; Höhne, Jan Karem; Krieger, Ulrich; Krieger, Ulrich; Rettig, Tobias; Rettig, Tobias; Wenz, Alexander; Wenz, Alexander; SFB 884 ´Political Economy of Reforms´, Universität Mannheim; SFB 884 ´Political Economy of Reforms´, Universität Mannheim",GESIS Data Archive for the Social Sciences
10.4232/1.3911,"The European Voter Database. Continuity Files of National Election studies in Denmark, Germany, Great Britain, the Netherlands, Norway and Sweden","Andersen, Johannes; Andersen, Johannes; Andersen, Jörgen Goul; Andersen, Jörgen Goul; Klingemann, Hans-Dieter; Klingemann, Hans-Dieter; Schmitt, Hermann; Schmitt, Hermann; Wessels, Bernhard; Wessels, Bernhard; Binder, Tanja; Binder, Tanja; Curtice, John; Curtice, John; Thomassen, Jacques; Thomassen, Jacques; Aarts, Kees; Aarts, Kees; Eijk, Cees van der; Eijk, Cees van der; Wijnen, Pieter van; Wijnen, Pieter van; Aardal, Bernt; Aardal, Bernt; Knutsen, Oddbjörn; Knutsen, Oddbjörn; Listhaug, Ola; Listhaug, Ola; Berglund, Frode; Berglund, Frode; Holmberg, Sören; Holmberg, Sören; Oscarsson, Henrik; Oscarsson, Henrik; Oskarson, Maria; Oskarson, Maria; Kumlin, Staffan; Kumlin, Staffan",GESIS Data Archive
10.4232/1.12496,Langfrist-Online-Tracking T30 (GLES),"Roßteutscher, Sigrid; Schmitt-Beck, Rüdiger; Schoen, Harald; Weßels, Bernhard; Wolf, Christof; Henckel, Simon; Bieber, Ina; Scherer, Philipp",
10.6084/m9.figshare.c.6728515.v1,Getting specific: participation preference in urooncological decision-making,"Büdenbender, Björn; Köther, Anja K.; Kriegmair, Maximilian C.; Grüne, Britta; Michel, Maurice S.; Alpers, Georg W.",
10.3886/e170941v1,"Wealth of two nations: The U.S. racial wealth gap, 1860-2020","Derenoncourt, Ellora; Kim, Chi Hyun; Kuhn, Moritz; Schularick, Moritz",ICPSR - Interuniversity Consortium for Political and Social Research
10.4232/1.12179,"German Internet Panel, Welle 14 (November 2014)","Blom, Annelies G.; Blom, Annelies G.; Bossert, Dayana; Bossert, Dayana; Gebhard, Franziska; Gebhard, Franziska; Herzing, Jessica; Herzing, Jessica; Krieger, Ulrich; Krieger, Ulrich; SFB 884 ´Political Economy of Reforms´; SFB 884 ´Political Economy of Reforms´",GESIS Data Archive for the Social Sciences
10.4232/1.11981,"Wahlstudie 1972 (Panel: Voruntersuchungen, September - Oktober 1972, Oktober - November 1972; Nachuntersuchung, Dezember 1972)","Berger, Manfred; Wildenmann, Rudolf; Schleth, Uwe; Kaase, Max; Gibowski, Wolfgang G.; Roth, Dieter",
10.5281/zenodo.19676519,"Replication package for: ""The Bright Side of Tax Evasion""","Mill, Wladislaw; Schneider, Cornelius",Zenodo
10.3886/e143182v1,Data and Code for: The Effect of Immigration Restrictions on Local Labor Markets: Lessons from the 1920s Border Closure,"Abramitzky, Ran; Ager, Philipp; Boustan, Leah; Cohen, Elior; Hansen, Casper W.",
10.4232/1.12830,"European Parliament Election Study 1979-2014, Euromanifesto Study","Schmitt, Hermann; Braun, Daniela; Popa, Sebastian A.; Mikhaylov, Slava; Dwinger, Felix",GESIS Data Archive
10.25384/sage.c.6630261,Extending Migrants’ Rights but Limiting Long-Term Settlement: Migrant Integration Policy Trends in EU and OECD Countries Between 2010 and 2019,"Solano, Giacomo; Schmid, Samuel D.; Helbling, Marc",
10.4232/1.0635,"Wahlstudie 1972 (Panel: Voruntersuchung, September - Oktober 1972)","Berger, Manfred; Wildenmann, Rudolf; Schleth, Uwe; Kaase, Max; Gibowski, Wolfgang G.; Roth, Dieter",
10.6084/m9.figshare.c.6280107.v1,Trustworthiness judgments and Borderline Personality Disorder: an experimental study on the interplay of happiness and trustworthiness appraisals and the effects of wearing face masks during the Covid-19 pandemic in Germany,"Biermann, Miriam; Schulze, Anna; Unterseher, Franziska; Hamm, Marie; Atanasova, Konstantina; Stahlberg, Dagmar; Lis, Stefanie",
10.5281/zenodo.8422036,SOTAB V2 for SemTab 2023,"Korini, Keti; Peeters, Ralph; Bizer, Christian",Zenodo
10.5281/zenodo.10183273,Access to digital finance: Equity crowdfunding across countries and platforms,"Estrin, Saul; Khavul, Susanna; Kritikos, Alexander; Löher, Jonas",Zenodo
10.5281/zenodo.3482774,Uncovering the Semantics of Wikipedia Categories - Axioms and Assertions,"Heist, Nicolas; Paulheim, Heiko",Zenodo
10.5281/zenodo.1320006,Rdf2Vec Dbpedia Inverse Predicate Frequency Embeddings,"Cochez, Michael; Ristoski, Petar; Ponzetto, Simone Paulo; Paulheim, Heiko",Zenodo
10.7910/dvn/rkvwnc,Replication Data for: Forecasting Migration Movements using Prediction Markets,"Strijbis, Oliver; Morgenstern, Sandra",Harvard Dataverse
10.3886/e193730,"Data and code for ""Changes in the Distribution of Black and White Wealth Since the US Civil War""","Derenoncourt, Ellora; Kim, Chi Hyun; Kuhn, Moritz; Schularick, Moritz",
10.4232/1.12064,Vor- und Nachwahl-Querschnitt (Kumulation) (GLES2013),"Rattinger, Hans; Roßteutscher, Sigrid; Schmitt-Beck, Rüdiger; Weßels, Bernhard; Wolf, Christof; Wagner, Aiko; Giebler, Heiko; Bieber, Ina; Scherer, Philipp",
10.3886/e167024v1,Code for: Pay Transparency and the Gender Wage Gap: Evidence from Austria,"Gulyas, Andreas; Seitz, Sebastian; Sinha, Sourav",
10.17026/ss/sls0d4,"Replication Data for: Diverging Ethnic Hierarchies? Cultural Distance, Right-Wing Authoritarianism, and Social Distance Perceptions in the Netherlands.",H. Soiné; B. Lancee,DANS Data Station Social Sciences and Humanities
10.4232/1.12301,"German Internet Panel, Welle 16 (März 2015)","Blom, Annelies G.; Bossert, Dayana; Gebhard, Franziska; Krieger, Ulrich; Jessica Herzing; SFB 884 ´Political Economy Of Reforms´",
10.3886/e193622,Data and Code for: The Status Quo and Belief Polarization of Inattentive Agents: Theory and Experiment,"Novák, Vladimír; Matveenko, Andrei ; Ravaioli, Silvio",
10.6084/m9.figshare.c.8250691,Unpacking the personality–cognitive ability link: a cross-national facet-level analysis of the Big Five,"Rammstedt, Beatrice; Vogel, Vera; Roth, Matthias; Lechner, Clemens",figshare
10.4232/1.3754,German General Social Survey - ALLBUScompact 1998,"Allerbeck, Klaus; Allerbeck, Klaus; Allmendinger, Jutta; Allmendinger, Jutta; Bürklin, Wilhelm; Bürklin, Wilhelm; Kiefer, Marie Luise; Kiefer, Marie Luise; Müller, Walter; Müller, Walter; Opp, Karl-Dieter; Opp, Karl-Dieter; Scheuch, Erwin K.; Scheuch, Erwin K.",GESIS Data Archive
10.4232/1.1537,Wahlstudie 1987 (Panelstudie),"Berger, Manfred; Gibowski, Wolfgang G.; Kaase, Max; Klingemann, Hans-Dieter; Küchler, Manfred; Pappi, Franz U.; Roth, Dieter; Schulte, Wolfgang",
10.3886/e195662v1,"Data and Code for: ""Status Externalities in Education and Low Birth Rates in Korea""","Kim, Seongeun; Tertilt, Michele; Yum, Minchul",ICPSR - Interuniversity Consortium for Political and Social Research
10.6084/m9.figshare.c.7487507,Forecasting migration movements using prediction markets,"Morgenstern, Sandra; Strijbis, Oliver",
10.6084/m9.figshare.c.8309948,Artificial intelligence in K-12 instruction: the role of teacher professional development,"Mah, Dana-Kristin; Groß, Nele; Egloffstein, Marc; Prilop, Christopher Neil",figshare
10.17632/dd2vnmsgzz,Long-term effect of childhood trauma: Role of inflammation and white matter in mood disorders,"Poletti, Sara; Paolini, Marco; Ernst, Julia; Bollettini, Irene; Melloni, Elisa Maria Teresa; Vai, Benedetta; Harrington, Yasmin; Bravi, Beatrice; Calesella, Federico; Lorenzi, Cristina; Zanardi, Raffaella; Benedetti, Francesco",
10.7802/2721,Replication data for: Between Urgency and Data Quality: Assessing the FAIRness of Data in Social Science Research on the COVID-19 Pandemic,"Batzdorfer, Veronika; Batzdorfer, Veronika; Zenk-Möltgen, Wolfgang; Zenk-Möltgen, Wolfgang; Young, Laura; Young, Laura; Katsanidou, Alexia; Katsanidou, Alexia; Breuer, Johannes; Breuer, Johannes; Bishop, Libby; Bishop, Libby",GESIS Data Archive
10.1257/rct.4406,The Effects of Decentralized and Video-based Extension on the Adoption of Integrated Soil Fertility Management – Experimental Evidence from Ethiopia,Denise Hörner,American Economic Association
10.4232/1.11963,Langfrist-Online-Tracking T24 (GLES),"Rattinger, Hans; Roßteutscher, Sigrid; Schmitt-Beck, Rüdiger; Weßels, Bernhard; Wolf, Christof",
10.5281/zenodo.15398296,Beyond Edge Addition,"Hertling, Sven; Möller, Cedric; Mihindukulasooriya, Nandana; Usbeck, Ricardo",Zenodo
10.4232/1.11489,German General Social Survey - ALLBUScompact - Cumulation 1980-2010,"Allerbeck, Klaus; Allerbeck, Klaus; Allmendinger, Jutta; Allmendinger, Jutta; Andreß, Hans-Jürgen; Andreß, Hans-Jürgen; Bürklin, Wilhelm; Bürklin, Wilhelm; Diekmann, Andreas; Diekmann, Andreas; Feger, Hubert; Feger, Hubert; Fetchenhauer, Detlef; Fetchenhauer, Detlef; Huinink, Johannes; Huinink, Johannes; Kiefer, Marie Luise; Kiefer, Marie Luise; Kühnel, Steffen; Kühnel, Steffen; Lepsius, M. Rainer; Lepsius, M. Rainer; Liebig, Stefan; Liebig, Stefan; Mayer, Karl Ulrich; Mayer, Karl Ulrich; Meulemann, Heiner; Meulemann, Heiner; Müller, Walter; Müller, Walter; Opp, Karl Dieter; Opp, Karl Dieter; Pappi, Franz Urban; Pappi, Franz Urban; Scheuch, Erwin K.; Scheuch, Erwin K.; Schmitt-Beck, Rüdiger; Schmitt-Beck, Rüdiger; Solga, Heike; Solga, Heike; Trappe, Heike; Trappe, Heike; Wagner, Michael; Wagner, Michael; Ziegler, Rolf; Ziegler, Rolf",GESIS Data Archive
10.4232/1.10399,"Langfrist-Online-Tracking, T7 (GLES 2009)","Rattinger, Hans; Roßteutscher, Sigrid; Schmitt-Beck, Rüdiger; Weßels, Bernhard",
10.4232/1.10998,Nachwahl-Querschnitt (GLES 2009),"Rattinger, Hans; Roßteutscher, Sigrid; Schmitt-Beck, Rüdiger; Weßels, Bernhard; Wagner, Aiko",
10.5281/zenodo.15224731,Knowledge Graph Functions in NFDI,"Shigapov, Renat; Schubotz, Moritz; Fliegl, Heike; Norouzi, Ebrahim; Fortmann-Grote, Carsten; Becker, Markus; Rossenova, Lozana; Tietz, Tabea; Posthumus, Etienne; Zapilko, Benjamin; Dietze, Stefan; Gesese, Genet-Asefa; Degbelo, Auriol; Grieb, Jonas; Rebecca Ondraszek, Sarah; Voss, Jakob; Thiery, Florian; W. Mees, Allard; Goedicke, Michael; Kaplan, Angelika; Limani, Fidan",Zenodo
10.7804/cses.module1.2015-12-15,CSES Module 1 Full Release,"Rotman, David; Rotman, David; McAllister, Ian; McAllister, Ian; Levitskaya, Irina; Levitskaya, Irina; Veremeeva, Natalia; Veremeeva, Natalia; Billiet, Jaak; Billiet, Jaak; Frognier, André-Paul; Frognier, André-Paul; Blais, André; Blais, André; Gidengil, Elisabeth; Gidengil, Elisabeth; Nevitte, Neil; Nevitte, Neil; Nadeau, Richard; Nadeau, Richard; Lagos, Marta; Lagos, Marta; Tóka, Gábor; Tóka, Gábor; Andersen, Jørgen G.; Andersen, Jørgen G.; Schmitt, Hermann; Schmitt, Hermann; Weßels, Bernhard; Weßels, Bernhard; Curtice, John; Curtice, John; Heath, Anthony; Heath, Anthony; Norris, Pippa; Norris, Pippa; Jowell, Roger; Jowell, Roger; Pang-kwong, Li; Pang-kwong, Li; Tóka, Gábor; Tóka, Gábor; Hardarson, Ólafur T.; Hardarson, Ólafur T.; Arian, Asher; Arian, Asher; Shamir, Michal; Shamir, Michal; Nishizawa, Yoshitaka; Nishizawa, Yoshitaka; Lee, Nam-Young; Lee, Nam-Young; Alisauskiene, Rasa; Alisauskiene, Rasa; Liubsiene, Elena; Liubsiene, Elena; Beltrán, Ulises; Beltrán, Ulises; Nacif Hernández, Benito; Nacif Hernández, Benito; Aimer, Peter; Aimer, Peter; Aarts, Kees; Aarts, Kees; Karp, Jeffrey A.; Karp, Jeffrey A.; Banducci, Susan; Banducci, Susan; Vowles, Jack; Vowles, Jack; Aardal, Bernt; Aardal, Bernt; Valen, Henry; Valen, Henry; Romero, Catalina; Romero, Catalina; Jasiewicz, Krzysztof; Jasiewicz, Krzysztof; Markowski, Radoslaw; Markowski, Radoslaw; Barreto, Antonio; Barreto, Antonio; Freire, Andre; Freire, Andre; Badescu, Gabriel; Badescu, Gabriel; Sum, Paul; Sum, Paul; Colton, Timothy; Colton, Timothy; Kozyreva, Polina; Kozyreva, Polina; Stebe, Janez; Stebe, Janez; Tos, Niko; Tos, Niko; Díez Nicolás, Juan; Díez Nicolás, Juan; Holmberg, Sören; Holmberg, Sören; Hardmeier, Sibylle; Hardmeier, Sibylle; Selb, Peter; Selb, Peter; Chu, Yun-Han; Chu, Yun-Han; Albritton, Robert B.; Albritton, Robert B.; Bureekul, Thawilwadee; Bureekul, Thawilwadee; American National Election Studies (ANES), Center for Political Studies, Institute for Social Research, University of Michigan, Ann Arbor, United States; American National Election Studies (ANES), Center for Political Studies, Institute for Social Research, University of Michigan, Ann Arbor, United States; Balakireva, Olga; Balakireva, Olga; Sapiro, Virginia; Sapiro, Virginia; Shively, W. Phillips; Shively, W. Phillips",GESIS Data Archive for the Social Sciences
10.6084/m9.figshare.c.6035570,Is treatment in certified cancer centers related to better survival in patients with pancreatic cancer? Evidence from a large German cohort study,"Roessler, Martin; Schmitt, Jochen; Bobeth, Christoph; Gerken, Michael; Kleihues-van Tol, Kees; Reissfelder, Christoph; Rau, Bettina M.; Distler, Marius; Piso, Pompiliu; Günster, Christian; Klinkhammer-Schalke, Monika; Schoffer, Olaf; Bierbaum, Veronika",
10.7802/2518,Mobilität in Baden-Württemberg,"Keusch, Florian; Keusch, Florian; Wenz, Alexander; Wenz, Alexander; Bauer, Marlene; Bauer, Marlene",GESIS Data Archive
10.4232/1.10384,"Langfrist-Online-Tracking, T2 (GLES 2009)","Rattinger, Hans; Roßteutscher, Sigrid; Schmitt-Beck, Rüdiger; Weßels, Bernhard",
10.6084/m9.figshare.c.7908175.v1,Digitalizing informed consent in healthcare: a scoping review,"Goldschmitt, Mascha; Gleim, Patricia; Mandelartz, Sekina; Kellmeyer, Philipp; Rigotti, Thomas",
10.7801/61,Formulating Effective Coordination Strategies in Agile Global Software Development Teams - Interview transcripts,"Li, Ye",Mannheim University Library
10.4232/1.1919,Wahlstudie 1990 (Panelstudie),"Kaase, Max; Klingemann, Hans-Dieter; Küchler, Manfred; Pappi, Franz U.; Semetko, Holli A.; Forschungsgruppe Wahlen, Mannheim",
10.4232/1.12977,"German Internet Panel, Welle 30 (Juli 2017)","Blom, Annelies G.; Felderer, Barbara; Herzing, Jessica; Krieger, Ulrich; Rettig, Tobias; SFB 884 ´Political Economy Of Reforms´, Universität Mannheim",
10.11588/data/l9tevq,Psychobiological Stress Regulation Through Group Music Therapy in Depressive Women,"Gaebel, Christine; Jarczok, Marc N.; Aguilar-Raab, Corina; Rittner, Sabine; Warth, Marco; Stoffel, Martin; Ditzen, Beate",heiDATA
10.5281/zenodo.3765218,RUEG Corpus,"Wiese, Heike; Alexiadou, Artemis; Allen, Shanley; Bunk, Oliver; Gagarina, Natalia; Iefremenko, Kateryna; Jahns, Esther; Klotz, Martin; Krause, Thomas; Labrenz, Annika; Lüdeling, Anke; Martynova, Maria; Neuhaus, Katrin; Pashkova, Tatiana; Rizou, Vicky; Rosemarie, Tracy; Schroeder, Christoph; Szucsich, Luka; Tsehaye, Wintai; Zerbian, Sabine; Zuban, Yulia",Zenodo
10.5281/zenodo.1320147,Kglove Dbpedia Uniform Embeddings,"Cochez, Michael; Ristoski, Petar; Ponzetto, Simone Paulo; Paulheim, Heiko",Zenodo
10.3886/e127241v1-157615,"Amazon-Google, Augmented Version, Fixed Splits","Primpeli, Anna; Bizer, Christian",
10.4232/1.1188,Political Action II,"Allerbeck, Klaus R.; Allerbeck, Klaus R.; Barnes, Samuel H.; Barnes, Samuel H.; Deth, Jan W. van; Deth, Jan W. van; Farah, Barbara G.; Farah, Barbara G.; Heunks, Felix J.; Heunks, Felix J.; Inglehart, Ronald; Inglehart, Ronald; Jennings, M. Kent; Jennings, M. Kent; Kaase, Max; Kaase, Max; Klingemann, Hans-Dieter; Klingemann, Hans-Dieter; Thomassen, Jacques J. A.; Thomassen, Jacques J. A.; Stouthard, Philip C.; Stouthard, Philip C.",GESIS Data Archive
10.4232/1.10354,Vor- und Nachwahl-Querschnitt (Kumulation) (GLES 2009),"Rattinger, Hans; Roßteutscher, Sigrid; Schmitt-Beck, Rüdiger; Weßels, Bernhard",
10.3886/e124902v2-102078,The Costs and Benefits of Home Office during the Covid-19 Pandemic - Evidence from Infections and an Input-Output Model for Germany,"Schymik, Jan; Fadinger, Harald",
10.4232/1.11782,German General Social Survey - ALLBUS 2010,"Diekmann, Andreas; Diekmann, Andreas; Fetchenhauer, Detlef; Fetchenhauer, Detlef; Kühnel, Steffen; Kühnel, Steffen; Liebig, Stefan; Liebig, Stefan; Schmitt-Beck, Rüdiger; Schmitt-Beck, Rüdiger; Trappe, Heike; Trappe, Heike; Wagner, Michael; Wagner, Michael",GESIS Data Archive
10.4232/1.13083,"German Internet Panel, MOCK 2012","Blom, Annelies G.; Blom, Annelies G.; Felderer, Barbara; Felderer, Barbara; Höhne, Jan Karem; Höhne, Jan Karem; Krieger, Ulrich; Krieger, Ulrich; Rettig, Tobias; Rettig, Tobias; SFB 884 ´Political Economy of Reforms´, Universität Mannheim; SFB 884 ´Political Economy of Reforms´, Universität Mannheim",GESIS Data Archive
10.5281/zenodo.6509714,DLCC Gold Standard,"Portisch, Jan; Paulheim, Heiko",Zenodo
10.4232/1.10362,Multi-Level-Panel (GLES 2009),"Schmitt-Beck, Rüdiger; Roßteutscher, Sigrid; Rattinger, Hans; Weßels, Bernhard",
10.25384/sage.c.6672610.v1,"Numbers, Selectivity, and Rights: The Conditional Nature of Immigration Policy Preferences","Helbling, Marc; Maxwell, Rahsaan; Traunmüller, Richard",
10.6084/m9.figshare.c.8225072.v1,Exposure to wartime sexual violence in Bosnia and Herzegovina: nationally representative prevalence 30 years after the 1992–1995 war,"Schaub, Max; Greiner-Filsinger, Alina; Henic, Ajla; Kasserra, Lennart",
10.4232/cils4eu-de.6656.1.0.0,Children of Immigrants Longitudinal Survey in Four European Countries - Germany (CILS4EU-DE) - Reduzierte Version. Reduzierter Datenbestand zum Download und zur off-site Nutzung,"Kalter, Frank; Kogan, Irena; Dollmann, Jörg",GESIS
10.7802/2390,digilog@bw—Dynamics of Participation in the Era of Digitalisation,"Navarrete, Rosa M.; Navarrete, Rosa M.; Eder, Christina; Eder, Christina; Debus, Marc; Debus, Marc; Schoen, Harald; Schoen, Harald; Chan, Chung-hong; Chan, Chung-hong; Wolf, Christof; Wolf, Christof",GESIS Data Archive
10.3886/e235542v1,Data and Code for: Gender-biased technological change: Milking machines and the exodus of women from farming,"Ager, Philipp; Goñi, Marc; Salvanes, Kjell G.",
10.3886/e179681,"Data and Code for JEEA: Alfaro, Cuñat, Fadinger, Liu, 2022 ""The Real Exchange Rate, Innovation and Productivity""","Alfaro, Laura; Cuñat, Alejandro; Fadinger, Harald; Liu, Yanping",
10.7910/dvn/fsyuk0,MEDW 2013 Lower Saxony Federal Election Study,"Zittlau, Stefen; Gschwend, Thomas; Stephenson, Laura; Blais, André",Harvard Dataverse
10.4232/1.3753,German General Social Survey - ALLBUS 1998,"Allerbeck, Klaus; Allerbeck, Klaus; Allmendinger, Jutta; Allmendinger, Jutta; Bürklin, Wilhelm; Bürklin, Wilhelm; Kiefer, Marie Luise; Kiefer, Marie Luise; Müller, Walter; Müller, Walter; Opp, Karl-Dieter; Opp, Karl-Dieter; Scheuch, Erwin K.; Scheuch, Erwin K.",GESIS Data Archive
10.4232/1.12889,"German Internet Panel, Welle 27 (Januar 2017)","Blom, Annelies G.; Blom, Annelies G.; Bruch, Christian; Bruch, Christian; Felderer, Barbara; Felderer, Barbara; Gebhard, Franziska; Gebhard, Franziska; Herzing, Jessica; Herzing, Jessica; Krieger, Ulrich; Krieger, Ulrich; SFB 884 ´Political Economy of Reforms´, Universität Mannheim; SFB 884 ´Political Economy of Reforms´, Universität Mannheim",GESIS Data Archive for the Social Sciences
10.4232/1.12990,Vorwahl-Querschnitt (GLES 2017),"Roßteutscher, Sigrid; Schmitt-Beck, Rüdiger; Schoen, Harald; Weßels, Bernhard; Wolf, Christof; Bieber, Ina; Stövsand, Lars-Christopher; Dietz, Melanie; Scherer, Philipp",
10.6084/m9.figshare.c.7079727,"Can we predict multi-party elections with Google Trends data? Evidence across elections, data windows, and model classes","Behnert, Jan; Lajic, Dean; Bauer, Paul C.",
10.4232/1.10442,Landtagswahl Rheinland-Pfalz 2011 (GLES 2009),"Rattinger, Hans; Roßteutscher, Sigrid; Schmitt-Beck, Rüdiger; Weßels, Bernhard",
10.4232/1.11783,German General Social Survey - ALLBUScompact 2010,"Diekmann, Andreas; Diekmann, Andreas; Fetchenhauer, Detlef; Fetchenhauer, Detlef; Kühnel, Steffen; Kühnel, Steffen; Liebig, Stefan; Liebig, Stefan; Schmitt-Beck, Rüdiger; Schmitt-Beck, Rüdiger; Trappe, Heike; Trappe, Heike; Wagner, Michael; Wagner, Michael",GESIS Data Archive
10.7802/1947,Code/Syntax: (K)eine Frage der Religion?,"Leszczensky, Lars; Leszczensky, Lars",GESIS Data Archive
10.6084/m9.figshare.c.6883572.v1,Microbial signatures in amniotic fluid at preterm birth and association with bronchopulmonary dysplasia,"Staude, Birte; Gschwendtner, Silvia; Frodermann, Tina; Oehmke, Frank; Kohl, Thomas; Kublik, Susanne; Schloter, Michael; Ehrhardt, Harald",
10.5683/sp3/tajmh0,Replication Data and Code for: Import Competition and Firm-Level CO2 Emissions: Evidence from the German Manufacturing Industry,"Lehr, Jakob",Other Borealis Collections
10.4232/1.10204,"European Parliament Election Study 2009, Euromanifesto Study","Braun, Daniela; Braun, Daniela; Mikhaylov, Slava; Mikhaylov, Slava; Schmitt, Hermann; Schmitt, Hermann",GESIS Data Archive
10.4232/1.11596,Allgemeine Bevölkerungsumfrage der Sozialwissenschaften ALLBUScompact 2012,"Diekmann, Andreas; Fetchenhauer, Detlef; Kühnel, Steffen; Liebig, Stefan; Schmitt-Beck, Rüdiger; Trappe, Heike; Wagner, Michael",
10.7801/352,Product Datasets from the MWPD2020 Challenge at the ISWC2020 Conference (Task 1),"Peeters, Ralph; Primpeli, Anna; Bizer, Christian",
10.7801/235,Seki-Williams Government and Ministers Data,"Seki, Katsunori; Williams, Laron",Harvard Dataverse
10.4232/1.12111,"German Internet Panel, Welle 5 (Mai 2013)","Blom, Annelies G.; Bossert, Dayana; Funke, Frederik; Gebhard, Franziska; Holthausen, Annette; Krieger, Ulrich; SFB 884 \\""Political Economy Of Reforms\\"" Universität Mannheim",
10.6084/m9.figshare.c.8392450,Are trainee teachers less prone to implement new educational technologies than in-service teachers? Determinants of implementing a simulation-based environment,"Gentner, Sophia Theresa; Seifried, Jürgen; Rausch, Andreas; Deutscher, Viola",figshare
10.5281/zenodo.20014335,"Loan Agreement Text Data: Contract Texts, Parsed Sections, and Clause Breakpoints from SEC EDGAR Filings (1996–2017)","Wardlaw, Malcolm; Ganglmair, Bernhard",Zenodo
10.5281/zenodo.6854189,Post-hypnotic suggestion improves confidence and speed of memory access with long-lasting effects,Barbara Schmidt; Justin Böhmer; Martin Schnürch; Tobias Koch; Sebastian Michelmann,Zenodo
10.5281/zenodo.2672881,Picker-routing problem instances,"Foroughi, Amir; Boysen, Nils; Emde, Simon; Schneider, Michael",Zenodo
10.4232/1.10349,Vorwahl-Querschnitt (GLES 2009),"Rattinger, Hans; Roßteutscher, Sigrid; Schmitt-Beck, Rüdiger; Weßels, Bernhard",
10.6084/m9.figshare.c.6295827.v1,Outcomes and risks in palliative pancreatic surgery: an analysis of the German StuDoQ|Pancreas registry,"Hofmann, Felix O.; Miksch, Rainer C.; Weniger, Maximilian; Keck, Tobias; Anthuber, Matthias; Witzigmann, Helmut; Nuessler, Natascha C.; Reissfelder, Christoph; Köninger, Jörg; Ghadimi, Michael; Bartsch, Detlef K.; Hartwig, Werner; Angele, Martin K.; D’Haese, Jan G.; Werner, Jens",
10.4232/1.0556,"Bundestagswahl 1965 (Voruntersuchung, September 1965)","Kaase, M.; Wildenmann, R.",
10.17632/hckwd744s6.1,"Replication Package for the article ""Tax evasion and the productivity distribution"" on Economic Modelling","Menoncin, Francesco; Modena, Andrea; Regis, Luca",Mendeley Data
10.7802/2836,Replication data and code: Invitation Messages for Business Surveys: A Multi-Armed Bandit Experiment,"Gaul, Johannes J.; Gaul, Johannes J.; Keusch, Florian; Keusch, Florian; Rostam-Afschar, Davud; Rostam-Afschar, Davud; Simon, Thomas; Simon, Thomas",GESIS Data Archive
10.4232/cils4eu‐de.6655.1.0.0,Children of Immigrants Longitudinal Survey in Four European Countries - Germany (CILS4EU-DE) - Vollversion. Datenbestand zur on-site Nutzung,"Kalter, Frank; Kogan, Irena; Dollmann, Jörg",GESIS
10.4232/1.13043,"German Internet Panel, Welle 32 (November 2017)","Blom, Annelies G.; Blom, Annelies G.; Felderer, Barbara; Felderer, Barbara; Höhne, Jan Karem; Höhne, Jan Karem; Krieger, Ulrich; Krieger, Ulrich; Rettig, Tobias; Rettig, Tobias; SFB 884 ´Political Economy of Reforms´, Universität Mannheim; SFB 884 ´Political Economy of Reforms´, Universität Mannheim",GESIS Data Archive for the Social Sciences
10.4232/1.12037,Langfrist-Online-Tracking T22 (GLES),"Rattinger, Hans; Roßteutscher, Sigrid; Schmitt-Beck, Rüdiger; Weßels, Bernhard; Wolf, Christof",
10.7910/dvn/x9kkqw,Analyses Single Rule Models,"Schumacher, Gijs J.S.; Lehrer, Roni; Challenges to Democratic Representation (AISSR, FMG)",Harvard Dataverse
10.11587/z1z34h,Replication Data for: Is satisficing responsible for response order effects in rating scale questions?,"Keusch, Florian; Yan, Ting",AUSSDA
10.4232/1.13874,"German Internet Panel, Welle 55 - Core Study (September 2021)","Blom, Annelies G.; Blom, Annelies G.; Gonzalez Ocanto, Marisabel; Gonzalez Ocanto, Marisabel; Krieger, Ulrich; Krieger, Ulrich; Rettig, Tobias; Rettig, Tobias; Ungefucht, Marina; Ungefucht, Marina; SFB 884 ´Political Economy of Reforms´, Universität Mannheim; SFB 884 ´Political Economy of Reforms´, Universität Mannheim",GESIS Data Archive for the Social Sciences
10.1257/rct.6724-1.0,Information Campaigns for Residential Energy Conservation,Mark A. Andor; Andreas Gerster,American Economic Association
10.21410/7e4/w6slts,Quelques questions sur l'Europe (ELIPSS 2015),"Naumann, Élias; Université de Mannheim, Collaborative Research Center “Political Economy of Reforms”; Sciences Po, Centre de données socio-politiques (CDSP), CNRS; GESIS – Leibniz Institute for the Social Sciences, GESIS Panel; CentERdata, LISS Panel",data.sciencespo
10.4232/1.5161,"European Parliament Election Study 2014, Voter Study, Supplementary Study","Schmitt, Hermann; Schmitt, Hermann; Popa, Sebastian Adrian; Popa, Sebastian Adrian; Devinger, Felix; Devinger, Felix",GESIS Data Archive for the Social Sciences
10.7802/2072,"Code/Syntax: Kognitive Homogenisierung, schulische Leistungen und soziale Bildungsungleichheit","Esser, Hartmut; Esser, Hartmut; Seuring, Julian; Seuring, Julian",GESIS Data Archive
10.4232/1.11943,TV-Duell-Analyse Inhaltsanalyse (GLES 2013),"Rattinger, Hans; Roßteutscher, Sigrid; Schmitt-Beck, Rüdiger; Weßels, Bernhard; Wolf, Christof; Faas, Thorsten; Maier, Jürgen; Maier, Michaela",
10.3886/e209201v1,(In-kind) Wages and labour relations in the Middle Ages: It's not (all) about the money,"Claridge, Jordan; Delabastita, Vincent; Gibbs, Spike",
10.4232/1.14243,"GLES Tracking November 2023, T56","Debus, Marc; Debus, Marc; Faas, Thorsten; Faas, Thorsten; Roßteutscher, Sigrid; Roßteutscher, Sigrid; Schoen, Harald; Schoen, Harald",GESIS
10.3886/e177961v1,Data and Code for: Who Runs the AEA?,"Hoover, Kevin D. ; Svorenčík, Andrej",
10.4232/1.11846,Wahlkampf-Panel 2013 (GLES),"Rattinger, Hans; Roßteutscher, Sigrid; Schmitt-Beck, Rüdiger; Weßels, Bernhard; Wolf, Christof",
10.4232/1.12917,Langfrist-Online-Tracking T37 (GLES),"Roßteutscher, Sigrid; Schmitt-Beck, Rüdiger; Schoen, Harald; Weßels, Bernhard; Wolf, Christof; Dietz, Melanie; Bieber, Ina; Scherer, Philipp",
10.4232/1.13081,Vor- und Nachwahl-Querschnitt (Kumulation) (GLES 2017),"Roßteutscher, Sigrid; Schmitt-Beck, Rüdiger; Schoen, Harald; Weßels, Bernhard; Wolf, Christof; Bieber, Ina; Stövsand, Lars-Christopher; Dietz, Melanie; Scherer, Philipp; Wagner, Aiko; Melcher, Reinhold; Giebler, Heiko",
10.4232/1.12108,"German Internet Panel, Welle 2 (November 2012)","Blom, Annelies G.; Blom, Annelies G.; Bossert, Dayana; Bossert, Dayana; Funke, Frederik; Funke, Frederik; Gebhard, Franziska; Gebhard, Franziska; Holthausen, Annette; Holthausen, Annette; Krieger, Ulrich; Krieger, Ulrich; SFB 884 \\""Political Economy of Reforms\\"" Universität Mannheim; SFB 884 \\""Political Economy of Reforms\\"" Universität Mannheim",GESIS Data Archive for the Social Sciences
10.4232/1.11952,German General Social Survey (ALLBUS) - Cumulation 1980-2012,"Allerbeck, Klaus; Allerbeck, Klaus; Allmendinger, Jutta; Allmendinger, Jutta; Andreß, Hans-Jürgen; Andreß, Hans-Jürgen; Bürklin, Wilhelm; Bürklin, Wilhelm; Diekmann, Andreas; Diekmann, Andreas; Feger, Hubert; Feger, Hubert; Fetchenhauer, Detlef; Fetchenhauer, Detlef; Huinink, Johannes; Huinink, Johannes; Kiefer, Marie Luise; Kiefer, Marie Luise; Kreuter, Frauke; Kreuter, Frauke; Kühnel, Steffen; Kühnel, Steffen; Kurz, Karin; Kurz, Karin; Lepsius, M. Rainer; Lepsius, M. Rainer; Liebig, Stefan; Liebig, Stefan; Mayer, Karl Ulrich; Mayer, Karl Ulrich; Meulemann, Heiner; Meulemann, Heiner; Müller, Walter; Müller, Walter; Opp, Karl-Dieter; Opp, Karl-Dieter; Pappi, Franz Urban; Pappi, Franz Urban; Scheuch, Erwin K.; Scheuch, Erwin K.; Schmitt-Beck, Rüdiger; Schmitt-Beck, Rüdiger; Solga, Heike; Solga, Heike; Trappe, Heike; Trappe, Heike; Wagner, Michael; Wagner, Michael; Westle, Bettina; Westle, Bettina; Ziegler, Rolf; Ziegler, Rolf",GESIS Data Archive
10.5281/zenodo.14911156,Mannheim Privacy Policy Panel (MaPPP),"Ganglmair, Bernhard; Gambato, Jacopo; Krämer, Julia",Zenodo
10.3886/e162161v1,Data and Code for: Estimating the Optimal Inflation Target from Trends in Relative Prices,"Adam, Klaus; Weber, Henning",
10.4232/1.12621,"German Internet Panel, Welle 15 (Januar 2015)","Blom, Annelies G.; Blom, Annelies G.; Bossert, Dayana; Bossert, Dayana; Gebhard, Franziska; Gebhard, Franziska; Herzing, Jessica; Herzing, Jessica; Krieger, Ulrich; Krieger, Ulrich; SFB 884 ´Political Economy of Reforms´; SFB 884 ´Political Economy of Reforms´",GESIS Data Archive for the Social Sciences
10.6084/m9.figshare.c.8259488,From cigarettes to symptoms: the association between smoking and depression in the German National Cohort (NAKO),"Völker, Maja P.; Callies, Carolin M.; Frank, Josef; Foo, Jerome C.; Reinhard, Iris; Zillich, Lea; Klinger-König, Johanna; Grabe, Hans Jörgen; Beule, Achim G.; Erhardt-Lehmann, Angelika; Pabst, Alexander; Riedel-Heller, Steffi G.; Baune, Bernhard T.; Trenkwalder, Claudia; Wagner, Michael; Krist, Lilian; Keil, Thomas; Pischon, Tobias; Nimptsch, Katharina; Schulze, Matthias B.; Schmidt, Börge; Mikolajczyk, Rafael; Obi, Nadia; Harth, Volker; Klett-Tammen, Carolina J.; Becher, Heiko; Greiser, Karin H.; Karch, André; Schipf, Sabine; Meinke-Franze, Claudia; Bohmann, Patricia; Leitzmann, Michael; Brenner, Hermann; Mons, Ute; Schwarz, Emanuel; Berger, Klaus; Mata, Jutta; Witt, Stephanie H.; Streit, Fabian",figshare
10.4232/1.13390,"German Internet Panel, Welle 37 - Core Study (September 2018)","Blom, Annelies G.; Blom, Annelies G.; Fikel, Marina; Fikel, Marina; Friedel, Sabine; Friedel, Sabine; Höhne, Jan Karem; Höhne, Jan Karem; Krieger, Ulrich; Krieger, Ulrich; Rettig, Tobias; Rettig, Tobias; Wenz, Alexander; Wenz, Alexander; SFB 884 ´Political Economy of Reforms´, Universität Mannheim; SFB 884 ´Political Economy of Reforms´, Universität Mannheim",GESIS Data Archive for the Social Sciences
10.6084/m9.figshare.c.5790869,Nudging and boosting children’s restaurant menus for healthier food choice: a blinded quasi-randomized controlled trial in a real life setting,"Schneider, Sven; Markovinovic, Jessica; Mata, Jutta",
10.4232/1.12109,"German Internet Panel, Welle 3 (Januar 2013)","Blom, Annelies G.; Blom, Annelies G.; Bossert, Dayana; Bossert, Dayana; Funke, Frederik; Funke, Frederik; Gebhard, Franziska; Gebhard, Franziska; Holthausen, Annette; Holthausen, Annette; Krieger, Ulrich; Krieger, Ulrich; SFB 884 \\""Political Economy of Reforms\\"" Universität Mannheim; SFB 884 \\""Political Economy of Reforms\\"" Universität Mannheim",GESIS Data Archive for the Social Sciences
10.3886/e208374,Code for: Communication Barriers and Infant Health: Intergenerational Effects of Randomly Allocating Refugees Across Language Region,"Auer, Daniel ; Kunz, Johannes S.",
10.4232/1.11565,Allgemeine Bevölkerungsumfrage der Sozialwissenschaften ALLBUS - Kumulation 1980-2010: Sensitive Regionaldaten,"Allerbeck, Klaus; Allmendinger, Jutta; Andreß, Hans-Jürgen; Bürklin, Wilhelm; Diekmann, Andreas; Feger, Hubert; Fetchenhauer, Detlef; Huinink, Johannes; Kiefer, Marie Luise; Kühnel, Steffen; Lepsius, M. Rainer; Liebig, Stefan; Mayer, Karl Ulrich; Meulemann, Heiner; Müller, Walter; Opp, Karl Dieter; Pappi, Franz Urban; Scheuch, Erwin K.; Schmitt-Beck, Rüdiger; Solga, Heike; Trappe, Heike; Wagner, Michael; Ziegler, Rolf",
10.5281/zenodo.8208245,Data Set: Promoting Open Science in Test-Driven Software Experiments,Marcus Kessel; Colin Atkinson,Zenodo
10.6084/m9.figshare.c.7936859.v1,Association of specific microbiota taxa in the amniotic fluid at birth with severe acute and longer-term outcomes of very preterm infants: a prospective observational study,"Staude, Birte; Gschwendtner, Silvia; Frodermann, Tina; Oehmke, Frank; Kohl, Thomas; Walch, Susanne; Schloter, Michael; Ehrhardt, Harald",
10.4232/1.11693,German General Social Survey - ALLBUScompact 2010,"Diekmann, Andreas; Fetchenhauer, Detlef; Kühnel, Steffen; Liebig, Stefan; Schmitt-Beck, Rüdiger; Trappe, Heike; Wagner, Michael",GESIS Data Archive
10.4232/1.12318,"European Parliament Election Study 2014, Voter Study, First Post-Election Survey","Schmitt, Hermann; Hobolt, Sara B.; Popa, Sebastian A.; Teperoglou, Eftichia; European Parliament, Directorate-General For Communication, Public Monitoring Unit; European Parliament, Directorate-General For Communication, Public Monitoring Unit",
10.4232/1.13473,"European Parliament Election Study 2019, Voter Study","Schmitt, Hermann; Schmitt, Hermann; Hobolt, Sara B.; Hobolt, Sara B.; Brug, Wouter van der; Brug, Wouter van der; Popa, Sebastian A.; Popa, Sebastian A.",GESIS
10.4232/1.11940,Nachwahl-Querschnitt (GLES 2013),"Rattinger, Hans; Roßteutscher, Sigrid; Schmitt-Beck, Rüdiger; Weßels, Bernhard; Wolf, Christof; Wagner, Aiko; Giebler, Heiko",
10.4232/1.10397,"Langfrist-Online-Tracking, T6 (GLES 2009)","Rattinger, Hans; Roßteutscher, Sigrid; Schmitt-Beck, Rüdiger; Weßels, Bernhard",
10.4232/1.12053,Langfrist-Online-Tracking T25 (GLES),"Rattinger, Hans; Roßteutscher, Sigrid; Schmitt-Beck, Rüdiger; Weßels, Bernhard; Wolf, Christof",
10.4232/1.12619,"German Internet Panel, Welle 13 - Core Study (September 2014)","Blom, Annelies G.; Blom, Annelies G.; Bossert, Dayana; Bossert, Dayana; Gebhard, Franziska; Gebhard, Franziska; Funke, Frederik; Funke, Frederik; Holthausen, Annette; Holthausen, Annette; Krieger, Ulrich; Krieger, Ulrich; SFB 884 ´Political Economy of Reforms´; SFB 884 ´Political Economy of Reforms´",GESIS Data Archive for the Social Sciences
10.7910/dvn/lfwgkz,"Replication Data for: Populist Radical Parties, Pariahs, and Coalition Bargaining Delays","Debus, Marc; Bäck, Hanna; Imre, Michael",Harvard Dataverse
10.5281/zenodo.11396621,Instruks Dataset - A dataset of Clinical Guidelines in Denmark,"Daniel, Grathwol; van der Aa, Han; López, Hugo-Andrés",Zenodo
10.4232/1.13967,2019 European Election Studies (EES) Stacked Data Matrix,"Carteny, Giuseppe; Carteny, Giuseppe; Schmitt, Hermann; Schmitt, Hermann; Häußling, Wilhelmine; Häußling, Wilhelmine; Leiser, Julian; Leiser, Julian; Körnig, Matthias; Körnig, Matthias",GESIS
10.4232/1.12454,European Candidate Study 2014 – Comparative Dataset (GLES),"Rattinger, Hans; Roßteutscher, Sigrid; Schmitt-Beck, Rüdiger; Weßels, Bernhard; Wolf, Christof; Elmelund-Præstekær, Christian; Giebler, Heiko; Melcher, Reinhold; Öhberg, Patrik; Wagner, Aiko",GESIS Data Archive
10.4232/1.13084,"German Internet Panel, MOCK 2014","Blom, Annelies G.; Blom, Annelies G.; Felderer, Barbara; Felderer, Barbara; Höhne, Jan Karem; Höhne, Jan Karem; Krieger, Ulrich; Krieger, Ulrich; Rettig, Tobias; Rettig, Tobias; SFB 884 ´Political Economy of Reforms´, Universität Mannheim; SFB 884 ´Political Economy of Reforms´, Universität Mannheim",GESIS Data Archive
10.5281/zenodo.7817022,Gollum: A Gold Standard for Large Scale\\Multi Source Knowledge Graph Matching,"Herting,Sven; Paulheim,Heiko",Zenodo
10.5281/zenodo.17091012,Benchmark Datasets for Ontology Alignment with General Relation Types,"Liu, Xianhao; Hertling, Sven; Hansen, Michael",Zenodo
10.4232/1.14315,"GLES Tracking März 2024, T57","Debus, Marc; Debus, Marc; Faas, Thorsten; Faas, Thorsten; Roßteutscher, Sigrid; Roßteutscher, Sigrid; Schoen, Harald; Schoen, Harald",GESIS Data Archive for the Social Sciences
10.4232/1.13011,"German Internet Panel, Welle 31 - Core Study (September 2017)","Blom, Annelies G.; Blom, Annelies G.; Felderer, Barbara; Felderer, Barbara; Höhne, Jan K.; Höhne, Jan K.; Krieger, Ulrich; Krieger, Ulrich; Rettig, Tobias; Rettig, Tobias; SFB 884 ´Political Economy of Reforms´, Universität Mannheim; SFB 884 ´Political Economy of Reforms´, Universität Mannheim",GESIS Data Archive for the Social Sciences
10.5683/sp3/hteijg,Replication Data and Code for: Exporting and labour demand: Micro-level evidence from Germany,"Lichter, Andreas; Peichl, Andreas; Siegloch, Sebastian",Other Borealis Collections
10.4232/1.11777,Wahlkampf-Panel 2013 - Kontrollquerschnitt I (zu Welle 3) (GLES),"Rattinger, Hans; Roßteutscher, Sigrid; Schmitt-Beck, Rüdiger; Weßels, Bernhard; Wolf, Christof",
10.3886/e224521,Data and Code for: The Welfare Economics of Reference Dependence,"Seibold, Arthur; Reck, Daniel",ICPSR - Interuniversity Consortium for Political and Social Research
10.3886/e178421,Data and Code for: Adverse Selection in Low-Income Health Insurance Markets: Evidence from an RCT in Pakistan,"Fischer, Torben; Frölich, Markus; Landmann, Andreas ",
10.4232/1.10409,"Langfrist-Online-Tracking, T13 (GLES 2009)","Rattinger, Hans; Roßteutscher, Sigrid; Schmitt-Beck, Rüdiger; Weßels, Bernhard",
10.5281/zenodo.6854190,Post-hypnotic suggestions of easy remembering increase subjective confidence of recognition with long-lasting effects,Barbara Schmidt; Justin Böhmer; Sebastian Michelmann; Martin Schnürch; Tobias Koch,Zenodo
10.4232/1.14456,CILS4EU Campus Use File,"Kalter, Frank; Kogan, Irena; Dollmann, Jörg; Horr, Andreas; Jacob, Konstanze; Kruse, Hanno; Salikutluk, Zerrin",GESIS
10.4232/1.10350,Nachwahl-Querschnitt (GLES 2009),"Rattinger, Hans; Roßteutscher, Sigrid; Schmitt-Beck, Rüdiger; Weßels, Bernhard",
10.4232/1.10106,German General Social Survey - ALLBUS 2000 - CAPI-PAPI,"Allmendinger, Jutta; Allmendinger, Jutta; Andreß, Hans-Jürgen; Andreß, Hans-Jürgen; Bürklin, Wilhelm; Bürklin, Wilhelm; Diekmann, Andreas; Diekmann, Andreas; Feger, Hubert; Feger, Hubert; Huinink, Johannes; Huinink, Johannes; Meulemann, Heiner; Meulemann, Heiner; Müller, Walter; Müller, Walter; Opp, Karl-Dieter; Opp, Karl-Dieter; Scheuch, Erwin K.; Scheuch, Erwin K.; Solga, Heike; Solga, Heike",GESIS Data Archive
10.6084/m9.figshare.27932657,Additional file 1 of Analyzing dropout intentions in vocational education and training: exploring the nexus between different dimensions of dropout reasons and the different directions of dropout intention,"Braunstein, Anke; Krötz, Maximilian; Deutscher, Viola; Seifried, Jürgen",
10.4232/1.12113,"German Internet Panel, Welle 7 - Core Study (September 2013)","Blom, Annelies G.; Blom, Annelies G.; Bossert, Dayana; Bossert, Dayana; Gebhard, Franziska; Gebhard, Franziska; Funke, Frederik; Funke, Frederik; Holthausen, Annette; Holthausen, Annette; Krieger, Ulrich; Krieger, Ulrich; SFB 884 \\""Political Economy of Reforms\\"" Universität Mannheim; SFB 884 \\""Political Economy of Reforms\\"" Universität Mannheim",GESIS Data Archive for the Social Sciences
10.3886/e156081v1,Data and codes for: Borrowing costs after sovereign debt relief,"Lang, Valentin; Mihalyi, David; Presbitero, Andrea",ICPSR - Interuniversity Consortium for Political and Social Research
10.7802/2975,Code/Syntax: Protected by Faith? Religion and COVID-19 Vaccination Uptake among Young Adults in Germany,"Arnold, Lena; Arnold, Lena; Dollmann, Joerg; Dollmann, Joerg",GESIS Data Archive
10.7802/2585,Political Identities and News Consumption in Election Times (PINCET),"Bach, Ruben; Bach, Ruben; Keusch, Florian; Keusch, Florian; Areal, João; Areal, João; Pankowska, Paulina; Pankowska, Paulina; Cernat, Alexandru; Cernat, Alexandru",GESIS Data Archive
10.4232/1.1403,International Workbook: Political Participation (Germany),"Asher, Herbert B.; Asher, Herbert B.; Berger, Manfred; Berger, Manfred; Gibowski, Wolfgang G.; Gibowski, Wolfgang G.; Kaase, Max; Kaase, Max; Richardson, Bradley M.; Richardson, Bradley M.; Roth, Dieter; Roth, Dieter; Schleth, Uwe; Schleth, Uwe; Weisberg, Herbert F.; Weisberg, Herbert F.; Wildenmann, Rudolf; Wildenmann, Rudolf",GESIS Data Archive
10.25384/sage.c.6023091,Social impacts of algorithmic decision-making: A research agenda for the social sciences,"Gerdon, Frederic; Bach, Ruben L; Kern, Christoph; Kreuter, Frauke",
10.4232/cils4eu.5994.2.0.0,CILS4EU Campus Use File,"Kalter, Frank; Kalter, Frank; Kogan, Irena; Kogan, Irena; Dollmann, Jörg; Dollmann, Jörg; Horr, Andreas; Horr, Andreas; Jacob, Konstanze; Jacob, Konstanze; Kruse, Hanno; Kruse, Hanno; Salikutluk, Zerrin; Salikutluk, Zerrin; Kroneberg, Clemens; Kroneberg, Clemens; Heath, Anthony F.; Heath, Anthony F.; Hewstone, Miles; Hewstone, Miles; Parameshwaran, Meenakshi; Parameshwaran, Meenakshi; Kalmijn, Matthijs; Kalmijn, Matthijs; Tubergen, Frank van; Tubergen, Frank van; Geven, Sara; Geven, Sara; Jaspers, Eva; Jaspers, Eva; Smith, Sanne; Smith, Sanne; Zantvliet, Pascale van; Zantvliet, Pascale van; Jonsson, Jan O.; Jonsson, Jan O.; Andersson Rydell, Linus; Andersson Rydell, Linus",GESIS
10.4232/1.13588,"German Internet Panel, Welle 45 (Januar 2020)","Blom, Annelies G.; Blom, Annelies G.; Fikel, Marina; Fikel, Marina; Friedel, Sabine; Friedel, Sabine; Höhne, Jan Karem; Höhne, Jan Karem; Krieger, Ulrich; Krieger, Ulrich; Rettig, Tobias; Rettig, Tobias; Wenz, Alexander; Wenz, Alexander; SFB 884 ´Political Economy of Reforms´, Universität Mannheim; SFB 884 ´Political Economy of Reforms´, Universität Mannheim",GESIS Data Archive for the Social Sciences
10.3886/icpsr03384.v2,"Mannheim Eurobarometer Trend File, 1970-1999","Schmitt, Hermann; Scholz, Evi",Inter-university Consortium for Political and Social Research (ICPSR)
10.5281/zenodo.2621578,Datasets for Watset: Local-Global Graph Clustering with Applications in Sense and Frame Induction,"Ustalov, Dmitry; Panchenko, Alexander; Biemann, Chris; Ponzetto, Simone Paolo",Zenodo
10.34894/vkqspo,ManifestoVault V1.0: Annotated full-text general election manifestos at the natural-sentence level of three European countries 1970-2025,"Dolinsky, Alona O.; Huber, Lena Maria; Horne, Will",DataverseNL
10.4232/1.11620,"Langfrist-Online-Tracking, T17 (GLES)","Rattinger, Hans; Roßteutscher, Sigrid; Schmitt-Beck, Rüdiger; Weßels, Bernhard; Wolf, Christof",
10.5281/zenodo.15368484,Generated synthetic graphs for runtime comparison for RDF2Vec packages,"Boeckling, Martin",Zenodo
10.4232/1.12107,"German Internet Panel, Welle 1 - Core Study (September 2012)","Blom, Annelies G.; Blom, Annelies G.; Bossert, Dayana; Bossert, Dayana; Funke, Frederik; Funke, Frederik; Gebhard, Franziska; Gebhard, Franziska; Holthausen, Annette; Holthausen, Annette; Krieger, Ulrich; Krieger, Ulrich; SFB 884 \\""Political Economy of Reforms\\"" Universität Mannheim; SFB 884 \\""Political Economy of Reforms\\"" Universität Mannheim",GESIS Data Archive for the Social Sciences
10.4232/1.12575,German General Social Survey - ALLBUScompact - Cumulation 1980-2014,Klaus Allerbeck; Klaus Allerbeck; Jutta Allmendinger; Jutta Allmendinger; Hans-Jürgen Andreß; Hans-Jürgen Andreß; Wilhelm Bürklin; Wilhelm Bürklin; Andreas Diekmann; Andreas Diekmann; Hubert Feger; Hubert Feger; Detlef Fetchenhauer; Detlef Fetchenhauer; Johannes Huinink; Johannes Huinink; Marie Luise Kiefer; Marie Luise Kiefer; Frauke Kreuter; Frauke Kreuter; Steffen Kühnel; Steffen Kühnel; Karin Kurz; Karin Kurz; M. Rainer Lepsius; M. Rainer Lepsius; Stefan Liebig; Stefan Liebig; Karl Ulrich Mayer; Karl Ulrich Mayer; Heiner Meulemann; Heiner Meulemann; Walter Müller; Walter Müller; Karl Dieter Opp; Karl Dieter Opp; Franz Urban Pappi; Franz Urban Pappi; Erwin K. Scheuch; Erwin K. Scheuch; Rüdiger Schmitt-Beck; Rüdiger Schmitt-Beck; Heike Solga; Heike Solga; Heike Trappe; Heike Trappe; Michael Wagner; Michael Wagner; Bettina Westle; Bettina Westle; Rolf Ziegler; Rolf Ziegler,GESIS Data Archive
10.5281/zenodo.1320004,Rdf2Vec Dbpedia Inverse Page Rank Split Embeddings,"Cochez, Michael; Ristoski, Petar; Ponzetto, Simone Paulo; Paulheim, Heiko",Zenodo
10.4232/1.14705,Allgemeine Bevölkerungsumfrage der Sozialwissenschaften (ALLBUScompact) - Kumulation 1980-2023,"Ackermann. Kathrin; Ackermann. Kathrin; Allerbeck, Klaus; Allerbeck, Klaus; Allmendinger, Jutta; Allmendinger, Jutta; Andreß, Hans-Jürgen; Andreß, Hans-Jürgen; Auspurg, Katrin; Auspurg, Katrin; Bauernschuster, Stefan; Bauernschuster, Stefan; Bühler, Christoph; Bühler, Christoph; Bürklin, Wilhelm; Bürklin, Wilhelm; Carol, Sarah; Carol, Sarah; Diekmann, Andreas; Diekmann, Andreas; Feger, Hubert; Feger, Hubert; Fetchenhauer, Detlef; Fetchenhauer, Detlef; Friehs, Maria-Therese; Friehs, Maria-Therese; Hadjar, Andreas; Hadjar, Andreas; Hillmert, Steffen; Hillmert, Steffen; Huinink, Johannes; Huinink, Johannes; Kiefer, Marie Luise; Kiefer, Marie Luise; Kreuter, Frauke; Kreuter, Frauke; Kühnel, Steffen; Kühnel, Steffen; Kurz, Karin; Kurz, Karin; Lepsius, M. Rainer; Lepsius, M. Rainer; Liebig, Stefan; Liebig, Stefan; Mayer, Karl Ulrich; Mayer, Karl Ulrich; Meulemann, Heiner; Meulemann, Heiner; Müller, Walter; Müller, Walter; Opp, Karl Dieter; Opp, Karl Dieter; Pappi, Franz Urban; Pappi, Franz Urban; Rosar, Ulrich; Rosar, Ulrich; Scheuch, Erwin K.; Scheuch, Erwin K.; Schmitt-Beck, Rüdiger; Schmitt-Beck, Rüdiger; Solga, Heike; Solga, Heike; Tausendpfund, Markus; Tausendpfund, Markus; Trappe, Heike; Trappe, Heike; Wagner, Michael; Wagner, Michael; Wagner, Ulrich; Wagner, Ulrich; Westle, Bettina; Westle, Bettina; Ziegler, Rolf; Ziegler, Rolf",GESIS
10.4232/1.14145,"GLES Tracking April 2023, T54","Debus, Marc; Debus, Marc; Faas, Thorsten; Faas, Thorsten; Roßteutscher, Sigrid; Roßteutscher, Sigrid; Schoen, Harald; Schoen, Harald",GESIS
10.7804/cses.trendfile.2016-05-31,CSES Module 1-3 Harmonized Trend File,"McAllister, Ian; McAllister, Ian; Rotman, David; Rotman, David; Veremeeva, Natalia; Veremeeva, Natalia; Levitskaya, Irina; Levitskaya, Irina; Frognier, André-Paul; Frognier, André-Paul; Billiet, Jaak; Billiet, Jaak; Blais, André; Blais, André; Gidengil, Elisabeth; Gidengil, Elisabeth; Nadeau, Richard; Nadeau, Richard; Nevitte, Neil; Nevitte, Neil; Lagos, Marta; Lagos, Marta; Tóka, Gábor; Tóka, Gábor; Andersen, Jørgen G.; Andersen, Jørgen G.; Schmitt, Hermann; Schmitt, Hermann; Weßels, Bernhard; Weßels, Bernhard; Curtice, John; Curtice, John; Heath, Anthony; Heath, Anthony; Jowell, Roger; Jowell, Roger; Norris, Pippa; Norris, Pippa; Pang-kwong, Li; Pang-kwong, Li; Hardarson, Ólafur T.; Hardarson, Ólafur T.; Arian, Asher; Arian, Asher; Shamir, Michal; Shamir, Michal; Nishizawa, Yoshitaka; Nishizawa, Yoshitaka; Lee, Nam-Young; Lee, Nam-Young; Alisauskiene, Rasa; Alisauskiene, Rasa; Liubsiene, Elena; Liubsiene, Elena; Beltrán, Ulises; Beltrán, Ulises; Nacif Hernández, Benito; Nacif Hernández, Benito; Aarts, Kees; Aarts, Kees; Aimer, Peter; Aimer, Peter; Vowles, Jack; Vowles, Jack; Banducci, Susan; Banducci, Susan; Karp, Jeffrey A.; Karp, Jeffrey A.; Aardal, Bernt; Aardal, Bernt; Valen, Henry; Valen, Henry; Romero, Catalina; Romero, Catalina; Jasiewicz, Krzysztof; Jasiewicz, Krzysztof; Markowski, Radoslaw; Markowski, Radoslaw; Barreto, Antonio; Barreto, Antonio; Freire, Andre; Freire, Andre; Badescu, Gabriel; Badescu, Gabriel; Sum, Paul; Sum, Paul; Colton, Timothy; Colton, Timothy; Kozyreva, Polina; Kozyreva, Polina; Stebe, Janez; Stebe, Janez; Tos, Niko; Tos, Niko; Díez Nicolás, Juan; Díez Nicolás, Juan; Holmberg, Sören; Holmberg, Sören; Hardmeier, Sibylle; Hardmeier, Sibylle; Selb, Peter; Selb, Peter; Chu, Yun-Han; Chu, Yun-Han; Albritton, Robert B.; Albritton, Robert B.; Bureekul, Thawilwadee; Bureekul, Thawilwadee; American National Election Studies (ANES), Center for Political Studies, Institute for Social Research, University of Michigan, Ann Arbor, United States; American National Election Studies (ANES), Center for Political Studies, Institute for Social Research, University of Michigan, Ann Arbor, United States; Center for Political Studies, Institute for Social Research, University of Michigan, United States; Center for Political Studies, Institute for Social Research, University of Michigan, United States; Balakireva, Olga; Balakireva, Olga; Sapiro, Virginia; Sapiro, Virginia; Shively, W. Phillips; Shively, W. Phillips; Ilirjani, Altin; Ilirjani, Altin; Bean, Clive; Bean, Clive; Gibson, Rachel K.; Gibson, Rachel K.; De Winter, Lieven; De Winter, Lieven; Swyngedouw, Marc; Swyngedouw, Marc; de Almeida, Alberto C.; de Almeida, Alberto C.; Meneguello, Rachel; Meneguello, Rachel; Popova, Radosveta; Popova, Radosveta; Everitt, Joanna; Everitt, Joanna; Fournier, Patrick; Fournier, Patrick; Linek, Lukas; Linek, Lukas; Mansfeldova, Zdenka; Mansfeldova, Zdenka; Seidlova, Adela; Seidlova, Adela; Rathlev, Jakob; Rathlev, Jakob; Paloheimo, Heikki; Paloheimo, Heikki; Pehkonen, Juhani; Pehkonen, Juhani; Gschwend, Thomas; Gschwend, Thomas; Rattinger, Hans; Rattinger, Hans; Gabriel, Oscar; Gabriel, Oscar; Fisher, Steve; Fisher, Steve; Thomson, Katarina; Thomson, Katarina; Schadee, Hans; Schadee, Hans; Marsh, Michael; Marsh, Michael; Segatti, Paolo; Segatti, Paolo; Hirano, Hiroshi; Hirano, Hiroshi; Ikeda, Ken´ichi; Ikeda, Ken´ichi; Kobayashi, Yoshiaki; Kobayashi, Yoshiaki; Kim, Hyung J.; Kim, Hyung J.; Kim, Wook; Kim, Wook; Isaev, Kusein; Isaev, Kusein; Ocampo Alcantar, Rolando; Ocampo Alcantar, Rolando; Pérez, Olivia; Pérez, Olivia; Irwin, Galen A.; Irwin, Galen A.; van Holsteyn, Joop J.M.; van Holsteyn, Joop J.M.; Sulmont, David; Sulmont, David; Guerrero, Linda Luz B.; Guerrero, Linda Luz B.; Licudine, Vladymir J.; Licudine, Vladymir J.; Sandoval, Gerardo; Sandoval, Gerardo; Costa Lobo, Marina; Costa Lobo, Marina; Magalhães, Pedro; Magalhães, Pedro; Gheorghita, Andrei; Gheorghita, Andrei",GESIS Data Archive for the Social Sciences
10.7802/2445,Code/Syntax: Differences in Political Trust between Migrants and Non-Migrants in Pandemic Times,"Weber, Florian; Weber, Florian; Gentile, Raffaela; Gentile, Raffaela; Reichelt, Hanna; Reichelt, Hanna; Horr, Andreas; Horr, Andreas; Taraszow, Tatjana; Taraszow, Tatjana; Springer, Angelina; Springer, Angelina",GESIS Data Archive
10.11587/z1z34h/xansbg,10026_qu_en_v1_0.pdf,"Keusch, Florian; Yan, Ting",AUSSDA
10.4232/1.10402,"Langfrist-Online-Tracking, T8 (GLES 2009)","Rattinger, Hans; Roßteutscher, Sigrid; Schmitt-Beck, Rüdiger; Weßels, Bernhard",
10.4232/1.10750,Landtagswahl Baden-Württemberg 2011 (GLES 2009),"Rattinger, Hans; Roßteutscher, Sigrid; Schmitt-Beck, Rüdiger; Weßels, Bernhard",
10.5281/zenodo.15648364,Chinese web archive: Organ donor compensation practices,"Robertson, Matthew",Zenodo
10.4232/1.1224,ZUMABUS 3 (1979),"Wildenmann, Rudolf; Wildenmann, Rudolf; Weill, S.; Weill, S.; ZUMA, Mannheim; ZUMA, Mannheim",GESIS Data Archive
10.3886/e207766,"Data and Code for: ""Organized voters: Elections and public funding of nonprofits""","Urvoy, Camille",
10.6084/m9.figshare.c.7712983.v1,Power asymmetry and embarrassment in shared decision-making: predicting participation preference and decisional conflict,"Scherer, Karin Antonia; Büdenbender, Björn; Blum, Anja K.; Grüne, Britta; Kriegmair, Maximilian C.; Michel, Maurice S.; Alpers, Georg W.",
10.6084/m9.figshare.30759794.v1,Additional file 1 of Quantifying age-related disparities in outpatient psychotherapy utilization: a representation quotient analysis of routine data from 29 university clinics in Germany,"Wrede, Nicolas; Itz, Marlena L.; Risch, Anne Katrin; Christiansen, Hanna; In-Albon, Tina; Hoyer, Jürgen; Lincoln, Tania M.; Lutz, Wolfgang; Margraf, Jürgen; Rubel, Julian; Stark, Rudolf; Velten, Julia; Werheid, Katja; Willutzki, Ulrike; Alpers, Georg W.; Bartholdy, Stephan; Berger, Elisa-Maria; Brakemeier, Eva-Lotta; Equit, Monika; Fehm, Lydia; Forkmann, Thomas; Fritz, Jessica; Glombiewski, Julia; Heider, Jens; Helbig-Lang, Sylvia; Hermann, Andrea; Hermann, Christiane; Kirsch, Anke; Klucken, Tim; Lueken, Ulrike; Odyniec, Patrizia; Pedersen, Anya; Pittig, Andre; Renneberg, Babette; Riesel, Anja; Rudolph, Almut; Schwartz, Brian; Teismann, Tobias; Vehlen, Antonia; Witthöft, Michael; Woud, Marcella L.; Wilz, Gabriele",
10.4232/1.12000,Vorwahl-Querschnitt (GLES 2013),"Rattinger, Hans; Roßteutscher, Sigrid; Schmitt-Beck, Rüdiger; Weßels, Bernhard; Wolf, Christof; Bieber, Ina; Scherer, Philipp",
10.4232/1.14309,GLES Pretest 2021,"Debus, Marc; Debus, Marc; Faas, Thorsten; Faas, Thorsten; Roßteutscher, Sigrid; Roßteutscher, Sigrid; Schoen, Harald; Schoen, Harald",GESIS
10.5281/zenodo.17791444,"Towards Observation Lakehouses: Living, Interactive Archives of Software Behavior: Dataset","Kessel, Marcus",Zenodo
10.4232/1.10366,"Wahlkampf-Medieninhaltsanalyse, Fernsehen (GLES 2009)","Rattinger, Hans; Roßteutscher, Sigrid; Schmitt-Beck, Rüdiger; Weßels, Bernhard",
10.4232/1.11634,Allgemeine Bevölkerungsumfrage der Sozialwissenschaften ALLBUS 2012,"Diekmann, Andreas; Fetchenhauer, Detlef; Kühnel, Steffen; Liebig, Stefan; Schmitt-Beck, Rüdiger; Trappe, Heike; Wagner, Michael",
10.5281/zenodo.1320151,Kglove Dbpedia Inverse Predicate Frequency Embeddings,"Cochez, Michael; Ristoski, Petar; Ponzetto, Simone Paulo; Paulheim, Heiko",Zenodo
10.4232/1.10365,Wahlkampf-Panel (GLES 2009),"Rattinger, Hans; Roßteutscher, Sigrid; Schmitt-Beck, Rüdiger; Weßels, Bernhard",
10.11588/data/qz6d8q,Hormonal synchrony in older couples' everyday life [Research data and script],"Hopf, Dora; Aguilar-Raab, Corina; Gödde, Johanna Ulrike; Schneider, Ekaterina; Ditzen, Beate; Eckstein, Monika",heiDATA
10.5683/sp3/ttnjci,Replication Data and Code for: Multilateral Bargaining with Proposer Selection Contest,"Kim, Duk Gyoo; Kim, Sang-Hyun",Other Borealis Collections
10.3886/e192302v1,"Data and Code for: ""Optimal Internality Taxation of Product Attributes""","Gerster, Andreas; Kramm, Michael ",
10.5281/zenodo.17751741,ODP-Reuse Datasets,"Norouzi, Ebrahim; Hertling, Sven; Waitelonis, Jörg; Sack, Harald",Zenodo
10.3886/e127243,"Web Data Commons Phones Dataset, Augmented Version, Fixed Splits","Primpeli, Anna; Bizer, Christian",
10.3886/e198105v1-157426,"Data and Code for: Race, Police Violence, and Financial Decision-Making","Bogan, Vicki; Kramer, Lisa; Liao, Chi; Niessen-Ruenzi, Alexandra",
10.6084/m9.figshare.c.7526362,How offline meetings affect online activities: the case of Wikipedia,"Schwitter, Nicole",
10.4232/1.10394,"Langfrist-Online-Tracking, T5 (GLES 2009)","Rattinger, Hans; Roßteutscher, Sigrid; Schmitt-Beck, Rüdiger; Weßels, Bernhard",
10.5281/zenodo.1174040,Improving Hypernymy Extraction With Distributional Semantic Classes,Alexander Panchenko; Dmitry Ustalov; Stefano Faralli; Simone P. Ponzetto; Chris Biemann,Zenodo
10.6084/m9.figshare.29602910.v1,Additional file 2 of Association of specific microbiota taxa in the amniotic fluid at birth with severe acute and longer-term outcomes of very preterm infants: a prospective observational study,"Staude, Birte; Gschwendtner, Silvia; Frodermann, Tina; Oehmke, Frank; Kohl, Thomas; Walch, Susanne; Schloter, Michael; Ehrhardt, Harald",
10.5281/zenodo.1320012,Rdf2Vec Dbpedia Inverse Predicate Object Frequency Embeddings,"Cochez, Michael; Ristoski, Petar; Ponzetto, Simone Paulo; Paulheim, Heiko",Zenodo
10.5281/zenodo.7777506,"Dataset for Manually Coded Firm Founding Dates, CEO Duality, and CEO Photograph Prominence in Annual Reports",Moritz Appels; Marc Kowalzick,Zenodo
10.3886/e205961,Code for: Learning When to Quit: An Empirical Model of Experimentation in Standards Development,"Ganglmair, Bernhard; Simcoe, Timothy; Tarantino, Emanuele",
10.5281/zenodo.7707901,"Replication package for: ""Observed Patterns of Free-Floating Car-Sharing Use""",Natalia Fabra; Catarina Pintassilgo; Mateus Souza,Zenodo
10.4232/1.10752,Landtagswahl Sachsen-Anhalt 2011 (GLES 2009),"Rattinger, Hans; Roßteutscher, Sigrid; Schmitt-Beck, Rüdiger; Weßels, Bernhard",
10.4232/1.13419,German General Social Survey - ALLBUScompact 2012,"Diekmann, Andreas; Diekmann, Andreas; Fetchenhauer, Detlef; Fetchenhauer, Detlef; Kühnel, Steffen; Kühnel, Steffen; Liebig, Stefan; Liebig, Stefan; Schmitt-Beck, Rüdiger; Schmitt-Beck, Rüdiger; Trappe, Heike; Trappe, Heike; Wagner, Michael; Wagner, Michael",GESIS Data Archive
10.4232/1.1189,The Political Action Panel Study,"Allerbeck, Klaus R.; Allerbeck, Klaus R.; Barnes, Samuel H.; Barnes, Samuel H.; Deth, Jan W. van; Deth, Jan W. van; Farah, Barbara G.; Farah, Barbara G.; Heunks, Felix J.; Heunks, Felix J.; Inglehart, Ronald; Inglehart, Ronald; Jennings, M. Kent; Jennings, M. Kent; Kaase, Max; Kaase, Max; Klingemann, Hans-Dieter; Klingemann, Hans-Dieter; Stouthard, Philip C.; Stouthard, Philip C.; Thomassen, Jacques J. A.; Thomassen, Jacques J. A.",GESIS Data Archive
10.11587/z1z34h/dlpym6,10026_co_en_1_0.pdf,"Keusch, Florian; Yan, Ting",AUSSDA
10.4232/1.3474,Family Policy Database,"Flora, Peter; Flora, Peter",GESIS Data Archive
10.5281/zenodo.1320014,Rdf2Vec Dbpedia Object Frequency Embeddings,"Cochez, Michael; Ristoski, Petar; Ponzetto, Simone Paulo; Paulheim, Heiko",Zenodo
10.4232/1.14120,"European Parliament Election Study 1979-2019, Euromanifesto Study","Carteny, Giuseppe; Carteny, Giuseppe; Reinl, Ann-Kathrin; Reinl, Ann-Kathrin; Braun, Daniela; Braun, Daniela; Popa, Sebastian A.; Popa, Sebastian A.; Schmitt, Hermann; Schmitt, Hermann",GESIS
10.5061/dryad.02v6wwq50,Stress induced TDP-43 mobility loss independent of stress granules,"Streit, Lisa; Kuhn, Timo; Vomhof, Thomas; Bopp, Verena; Ludolph, Albert C.; Weishaupt, Jochen H.; Gebhardt, J. Christof M.; Michaelis, Jens; Danzer, Karin M.",Dryad
10.5281/zenodo.1320166,Kglove Dbpedia Page Rank Frequency Embeddings,"Cochez, Michael; Ristoski, Petar; Ponzetto, Simone Paulo; Paulheim, Heiko",Zenodo
10.25384/sage.c.5123370,The Well-Being Benefits of Person-Culture Match Are Contingent on Basic Personality Traits,"Gebauer, Jochen E.; Eck, Jennifer; Entringer, Theresa M.; Bleidorn, Wiebke; Rentfrow, Peter J.; Potter, Jeff; Gosling, Samuel D.",
10.7804/cses.module3.2013-03-27,CSES Module 3 Full Release,"Bean, Clive; Bean, Clive; Gibson, Rachel; Gibson, Rachel; McAllister, Ian; McAllister, Ian; Plasser, Fritz; Plasser, Fritz; Lengauer, Günther; Lengauer, Günther; Kritzinger, Sylvia; Kritzinger, Sylvia; Müller, Wolfgang C.; Müller, Wolfgang C.; Rotman, David; Rotman, David; McAllister, Ian; McAllister, Ian; White, Stephen; White, Stephen; Meneguello, Rachel; Meneguello, Rachel; Young, Clifford; Young, Clifford; Melo de Almeida, Alberto Carlos; Melo de Almeida, Alberto Carlos; Meneguello, Rachel; Meneguello, Rachel; Maia, Marta; Maia, Marta; Gidengil, Elisabeth; Gidengil, Elisabeth; Fournier, Patrick; Fournier, Patrick; Everitt, Joanna; Everitt, Joanna; Nevitte, Neil; Nevitte, Neil; Lagos, Marta; Lagos, Marta; Zakosek, Nenad; Zakosek, Nenad; Cular, Goran; Cular, Goran; Linek, Lukás; Linek, Lukás; Andersen, Jørgen G.; Andersen, Jørgen G.; Stubager, Rune; Stubager, Rune; Møller Hansen, Kasper; Møller Hansen, Kasper; Ehin, Piret; Ehin, Piret; Solvak, Mihkel; Solvak, Mihkel; Paloheimo, Heikki; Paloheimo, Heikki; Karvonen, Lauri; Karvonen, Lauri; Borg, Sami; Borg, Sami; Grönlund, Kimmo; Grönlund, Kimmo; Sauger, Nicolas; Sauger, Nicolas; Weßels, Bernhard; Weßels, Bernhard; Schmitt, Hermann; Schmitt, Hermann; Rattinger, Hans; Rattinger, Hans; Roßteutscher, Sigrid; Roßteutscher, Sigrid; Schmitt-Beck, Rüdiger; Schmitt-Beck, Rüdiger; Andreadis, Ioannis; Andreadis, Ioannis; Chadjipadelis, Theodore; Chadjipadelis, Theodore; Teperoglou, Eftichia; Teperoglou, Eftichia; Pang-kwong, Li; Pang-kwong, Li; Hardarson, Olafur T.; Hardarson, Olafur T.; Önnudóttir, Eva H.; Önnudóttir, Eva H.; Þórðarson, Einar M.; Þórðarson, Einar M.; Marsh, Michael; Marsh, Michael; Sinnott, Richard; Sinnott, Richard; Shamir, Michal; Shamir, Michal; Arian, Asher; Arian, Asher; Ikeda, Ken´ichi; Ikeda, Ken´ichi; Yamada, Masahiro; Yamada, Masahiro; Nishizawa, Yoshitaka; Nishizawa, Yoshitaka; Inamasu, Kazunori; Inamasu, Kazunori; Ikstens, Janis; Ikstens, Janis; Beltrán Ugarte, Ulises; Beltrán Ugarte, Ulises; Aarts, Kees; Aarts, Kees; Kolk, Henk van der; Kolk, Henk van der; Vowles, Jack; Vowles, Jack; Aardal, Bernt; Aardal, Bernt; Sulmont, David; Sulmont, David; Martínez, Vania; Martínez, Vania; Guerrero, Linda L.; Guerrero, Linda L.; Licudine, Vladymir J.; Licudine, Vladymir J.; Markowski, Radoslaw; Markowski, Radoslaw; Grzelak, Pawel; Grzelak, Pawel; Czesnik, Mikolaj; Czesnik, Mikolaj; Kotnarowski, Michal; Kotnarowski, Michal; Barreto, António; Barreto, António; Magalhães, Pedro; Magalhães, Pedro; Costa Lobo, Marina; Costa Lobo, Marina; Comsa, Mircea; Comsa, Mircea; Gheorghita, Andrei; Gheorghita, Andrei; Stanus, Cristina; Stanus, Cristina; Vieru, Coca; Vieru, Coca; Tufis, Claudiu D.; Tufis, Claudiu D.; Voicu, Bogdan; Voicu, Bogdan; Voicu, Ovidiu; Voicu, Ovidiu; Gyarfasova, Olga; Gyarfasova, Olga; Butorova, Zora; Butorova, Zora; Krivy, Vladimír; Krivy, Vladimír; Tos, Niko; Tos, Niko; Malnar, Brina; Malnar, Brina; Kurdija, Slavko; Kurdija, Slavko; Mattes, Robert; Mattes, Robert; Schulz-Herzenberg, Collette; Schulz-Herzenberg, Collette; Lee, Nam Y.; Lee, Nam Y.; Kim, Wook; Kim, Wook; Díez-Nicolás, Juan; Díez-Nicolás, Juan; Jaime-Castillo, Antonio M.; Jaime-Castillo, Antonio M.; Holmberg, Sören; Holmberg, Sören; Oscarsson, Henrik; Oscarsson, Henrik; Lutz, Georg; Lutz, Georg; Huang, Chi; Huang, Chi; Yu, Ching-hsin; Yu, Ching-hsin; Bureekul, Thawilwadee; Bureekul, Thawilwadee; Tangkananurak, Tharada; Tangkananurak, Tharada; Albritton, Robert B.; Albritton, Robert B.; Carkoglu, Ali; Carkoglu, Ali; Kalaycioglu, Ersin; Kalaycioglu, Ersin; Donakowski, Darrell; Donakowski, Darrell",GESIS Data Archive for the Social Sciences
10.4232/1.12310,"European Parliament Election Study 2014, Voter Study, First Post-Election Survey","Schmitt, Hermann; Hobolt, Sara B.; Popa, Sebastian A.; Teperoglou, Eftichia",
10.4232/1.13004,Kandidatenstudie (GLES 2017),"Roßteutscher, Sigrid; Schmitt-Beck, Rüdiger; Schoen, Harald; Weßels, Bernhard; Wolf, Christof; Giebler, Heiko; Melcher, Reinhold; Wagner, Aiko",
10.5281/zenodo.3624924,CaLiGraph - A Large-Scale Semantic Knowledge Graph compiled from Wikipedia Categories and List Pages,"Heist, Nicolas; Paulheim, Heiko",Zenodo
10.4232/1.0814,ZUMABUS 2 (1977),"Bundesgesundheitsamt, Berlin; Bundesgesundheitsamt, Berlin; Herz, Thomas A.; Herz, Thomas A.; Wildenmann, Rudolf; Wildenmann, Rudolf; Zapf, Wolfgang; Zapf, Wolfgang; ZUMA, Mannheim; ZUMA, Mannheim",GESIS Data Archive
10.25384/sage.c.6161198.v1,Rebel Recruitment and Migration: Theory and Evidence From Southern Senegal,"Schaub, Max; Auer, Daniel",
10.5281/zenodo.1320029,Kglove Dbpedia Inverse Page Rank Embeddings,"Cochez, Michael; Ristoski, Petar; Ponzetto, Simone Paulo; Paulheim, Heiko",Zenodo
10.5281/zenodo.19398211,Treating Run-time Execution History as a First-Class Citizen: Co-Versioning Run-time Behavior alongside Code: Dataset,"Kessel, Marcus",Zenodo
10.6084/m9.figshare.c.7902922,Bridging the gap: gender-specific preferences in STEM occupations in vocational education and training,"Gutfleisch, Tamara; Nennstiel, Richard",
10.4232/1.13772,"German Internet Panel, Welle 43 - Core Study (September 2019)","Blom, Annelies G.; Blom, Annelies G.; Fikel, Marina; Fikel, Marina; Friedel, Sabine; Friedel, Sabine; Höhne, Jan Karem; Höhne, Jan Karem; Krieger, Ulrich; Krieger, Ulrich; Rettig, Tobias; Rettig, Tobias; Wenz, Alexander; Wenz, Alexander; SFB 884 ´Political Economy of Reforms´, Universität Mannheim; SFB 884 ´Political Economy of Reforms´, Universität Mannheim",GESIS Data Archive for the Social Sciences
10.4232/1.12645,"German Internet Panel, Welle 22 (März 2016)","Blom, Annelies G.; Bruch, Christian; Felderer, Barbara; Gebhard, Franziska; Herzing, Jessica; Krieger, Ulrich; SFB 884 ´Political Economy Of Reforms´, Universität Mannheim",
10.4232/1.12807,Rolling Cross-Section-Wahlkampfstudie mit Nachwahl-Panelwelle (GLES 2009),"Rattinger, Hans; Roßteutscher, Sigrid; Schmitt-Beck, Rüdiger; Weßels, Bernhard; Faas, Thorsten; Wolsing, Ansgar",
10.4232/1.11692,German General Social Survey - ALLBUS 2010,"Diekmann, Andreas; Fetchenhauer, Detlef; Kühnel, Steffen; Liebig, Stefan; Schmitt-Beck, Rüdiger; Trappe, Heike; Wagner, Michael",GESIS Data Archive
10.7802/2786,IMPIC Database,"Helbling, Marc; Helbling, Marc; Abou-Chadi, Tarik; Abou-Chadi, Tarik; Berger, Valentin; Berger, Valentin; Bjerre, Liv; Bjerre, Liv; Breyer, Magdalena; Breyer, Magdalena; Römer, Friederike; Römer, Friederike; Zobel, Malisa; Zobel, Malisa",GESIS Data Archive
10.4232/1.13335,German General Social Survey (ALLBUScompact) - Cumulation 1980-2016,Klaus Allerbeck; Klaus Allerbeck; Jutta Allmendinger; Jutta Allmendinger; Hans-Jürgen Andreß; Hans-Jürgen Andreß; Stefan Bauernschuster; Stefan Bauernschuster; Wilhelm Bürklin; Wilhelm Bürklin; Andreas Diekmann; Andreas Diekmann; Hubert Feger; Hubert Feger; Detlef Fetchenhauer; Detlef Fetchenhauer; Andreas Hadjar; Andreas Hadjar; Johannes Huinink; Johannes Huinink; Marie Luise Kiefer; Marie Luise Kiefer; Frauke Kreuter; Frauke Kreuter; Steffen Kühnel; Steffen Kühnel; Karin Kurz; Karin Kurz; M. Rainer Lepsius; M. Rainer Lepsius; Stefan Liebig; Stefan Liebig; Karl Ulrich Mayer; Karl Ulrich Mayer; Heiner Meulemann; Heiner Meulemann; Walter Müller; Walter Müller; Karl Dieter Opp; Karl Dieter Opp; Franz Urban Pappi; Franz Urban Pappi; Ulrich Rosar; Ulrich Rosar; Erwin K. Scheuch; Erwin K. Scheuch; Rüdiger Schmitt-Beck; Rüdiger Schmitt-Beck; Heike Solga; Heike Solga; Heike Trappe; Heike Trappe; Michael Wagner; Michael Wagner; Ulrich Wagner; Ulrich Wagner; Bettina Westle; Bettina Westle; Rolf Ziegler; Rolf Ziegler,GESIS Data Archive
10.25384/sage.c.6327877,Smartphone application-based follow-up care of patients after bariatric surgery: A mixed-method study of usability,"Yang, Cui; Kessler, Mia; Taebi, Niki; Moorthy, Preetha; Reissfelder, Christoph; Otto, Mirko; Vassilev, Georgi",
10.4232/1.10997,Vorwahl-Querschnitt (GLES 2009),"Rattinger, Hans; Roßteutscher, Sigrid; Schmitt-Beck, Rüdiger; Weßels, Bernhard; Scherer, Philipp; Bytzek, Evelyn; Bieber, Ina",
10.3886/e227721v1,"Data and Code for: Adjustable product attributes, indirect network effects, and subsidy design: The case of electric vehicles","Remmy, Kevin",ICPSR - Interuniversity Consortium for Political and Social Research
10.4232/1.12485,"German Internet Panel, Welle 19 - Core Study (September 2015)","Blom, Annelies G.; Blom, Annelies G.; Bruch, Christian; Bruch, Christian; Felderer, Barbara; Felderer, Barbara; Gebhard, Franziska; Gebhard, Franziska; Herzing, Jessica; Herzing, Jessica; Krieger, Ulrich; Krieger, Ulrich; SFB 884 ´Political Economy of Reforms´; SFB 884 ´Political Economy of Reforms´",GESIS Data Archive for the Social Sciences
10.6084/m9.figshare.c.7591090.v1,Medical education videos – comparative analysis of sonography vs. clinical examination videos: user perception and educational value,"Kuru, Timur H.; Salem, Johannes; Hircin, Emrah; Siech, Carolin; Moharam, Nadim; Schoch, Justine; Mattigk, Angelika; Struck, Julian; Borgmann, Hendrik; Nestler, Tim",
10.6084/m9.figshare.c.7507836,My virtual escape from patient life: a feasibility study on the experiences and benefits of individualized virtual reality for inpatients in palliative cancer care,"Gerlach, Christina; Haas, Laura; Greinacher, Anja; Lantelme, Jonah; Guenther, Melanie; Thiesbonenkamp-Maag, Julia; Alt-Epping, Bernd; Wrzus, Cornelia",
10.4232/1.4287,Lebensstile in Mannheim 1999,"Otte, Gunnar; Otte, Gunnar",GESIS Data Archive
10.1257/rct.4577,Harnessing complementarities in the education production function,Jeffrey Livingston,American Economic Association
10.6084/m9.figshare.c.7463480.v1,The influence of e-learning on exam performance and the role of achievement goals in shaping learning patterns,"Janson, Marc Philipp; Janke, Stefan",
10.3886/e169142,Data and Code for: Gendered Impacts of Covid-19 in Developing Countries,"Alon, Titan; Doepke, Matthias; Manysheva, Kristina; Tertilt, Michele",
10.5281/zenodo.1320149,Kglove Dbpedia Predicate Frequency Embeddings,"Cochez, Michael; Ristoski, Petar; Ponzetto, Simone Paulo; Paulheim, Heiko",Zenodo
10.7807/ghhp:building:v1,Wärme- und Wohnen-Panel - Welle 1,"Frondel, Manuel; Gerster, Andreas; Kaestner, Kathrin; Pahle, Michael; Schwarz, Antonia; Singhal, Puja; Sommer, Stephan",
10.5281/zenodo.3236068,RUEG Corpus,"Lüdeling, Anke; Alexiadou, Artemis; Allen, Shanley; Bunk, Oliver; Gagarina, Natalia; Grigoriadou, Sofia; Hartz, Rahel Gajaneh; Iefremenko, Kateryna; Jahns, Esther; Katsika, Kalliopi; Keller, Mareike; Klotz, Martin; Krause, Thomas; Labrenz, Annika; Martynova, Maria; Özsoy, Onur; Pashkova, Tatiana; Pohle, Maria; Purkarthofer, Judith; Rizou, Vicky; Schroeder, Christoph; Shadrova, Anna; Szucsich, Luka; Tracy, Rosemarie; Tsehaye, Wintai; Wiese, Heike; Zerbian, Sabine; Zuban, Yulia; Zürn, Nadine",Zenodo
10.4232/1.12831,German General Social Survey - ALLBUS 2008,"Andreß, Hans-Jürgen; Andreß, Hans-Jürgen; Diekmann, Andreas; Diekmann, Andreas; Feger, Hubert; Feger, Hubert; Liebig, Stefan; Liebig, Stefan; Meulemann, Heiner; Meulemann, Heiner; Schmitt-Beck, Rüdiger; Schmitt-Beck, Rüdiger; Trappe, Heike; Trappe, Heike",GESIS Data Archive
10.7802/2998,PARFORM,"Kogan, Irena; Kogan, Irena; Heyne, Stefanie; Heyne, Stefanie; Kuhlemann, Jana; Kuhlemann, Jana; Palomo Lario, Carlos; Palomo Lario, Carlos",GESIS Data Archive
10.17026/dans-zwh-rk7y,A Cross-National Survey Experiment on Support for Pension Reform,J.W.M. Das; E. Naumann; B. Ebbinghaus,
10.4232/1.13946,"German Internet Panel, Welle 57 (Januar 2022)","Blom, Annelies G.; Blom, Annelies G.; Gonzalez Ocanto, Marisabel; Gonzalez Ocanto, Marisabel; Krieger, Ulrich; Krieger, Ulrich; Rettig, Tobias; Rettig, Tobias; Ungefucht, Marina; Ungefucht, Marina; SFB 884 ´Political Economy of Reforms´, Universität Mannheim; SFB 884 ´Political Economy of Reforms´, Universität Mannheim",GESIS Data Archive for the Social Sciences
10.6084/m9.figshare.c.7125724.v1,First-year students AI-competence as a predictor for intended and de facto use of AI-tools for supporting learning processes in higher education,"Delcker, Jan; Heil, Joana; Ifenthaler, Dirk; Seufert, Sabine; Spirgi, Lukas",
10.5281/zenodo.1117227,RUSSE'2018: Human-Annotated Sense-Disambiguated Word Contexts for Russian,"Ustalov, Dmitry",Zenodo
10.17632/rsph6fxnj7,Replication Package for 'Quantifying the Germany Shock: Structural Labor-Market Reforms and Spillovers in a Currency Union',"Fadinger, Harald; Herkenhoff, Philipp; Schymik, Jan",
10.4232/1.12930,Wahlkampf-Panel 2017 (GLES),"Roßteutscher, Sigrid; Schmitt-Beck, Rüdiger; Schoen, Harald; Weßels, Bernhard; Wolf, Christof; Preißinger, Maria; Kratz, Agatha; Wuttke, Alexander",
10.4232/1.12120,"German Internet Panel, Welle 9 (Januar 2014)","Blom, Annelies G.; Blom, Annelies G.; Bossert, Dayana; Bossert, Dayana; Gebhard, Franziska; Gebhard, Franziska; Herzing, Jessica; Herzing, Jessica; Krieger, Ulrich; Krieger, Ulrich; SFB 884 ´Political Economy of Reforms´; SFB 884 ´Political Economy of Reforms´",GESIS Data Archive for the Social Sciences
10.23663/x2648,"Dataset Feedback, Punishment, and Framing in 30 Rounds Public Goods Experiments","Betz, Dirk; Esser, Hartmut; Biniossek, Claudia",x-hub
10.4232/1.12755,"German Internet Panel, Welle 25 - Core Study (September 2016)","Blom, Annelies G.; Blom, Annelies G.; Bruch, Christian; Bruch, Christian; Felderer, Barbara; Felderer, Barbara; Gebhard, Franziska; Gebhard, Franziska; Herzing, Jessica; Herzing, Jessica; Krieger, Ulrich; Krieger, Ulrich; SFB 884 ´Political Economy of Reforms´, Universität Mannheim; SFB 884 ´Political Economy of Reforms´, Universität Mannheim",GESIS Data Archive for the Social Sciences
10.5281/zenodo.1320159,Kglove Dbpedia Inverse Predicate Object Frequency Embeddings,"Cochez, Michael; Ristoski, Petar; Ponzetto, Simone Paulo; Paulheim, Heiko",Zenodo
10.4232/1.13138,Nachwahl-Querschnitt (GLES 2017),"Roßteutscher, Sigrid; Schmitt-Beck, Rüdiger; Schoen, Harald; Weßels, Bernhard; Wolf, Christof; Wagner, Aiko; Melcher, Reinhold; Giebler, Heiko",
10.7802/2753,Code/Syntax: Gendered Wage Returns to Changes in Non-routine Job Tasks: Evidence from Germany,"Wicht, Alexandra; Wicht, Alexandra; Müller, Nora; Müller, Nora; Pollak, Reinhard; Pollak, Reinhard",GESIS Data Archive
10.5281/zenodo.1320042,Rdf2Vec Dbpedia Page Rank Split Embeddings,"Cochez, Michael; Ristoski, Petar; Ponzetto, Simone Paulo; Paulheim, Heiko",Zenodo
10.3886/e127242,"Restaurants (Fodors-Zagats), Augmented Version, Fixed Splits","Primpeli, Anna; Bizer, Christian",
10.34894/tf6uqs,Italian Resistance Goes Digital: Event And Participant Extraction From Partisans’ Memoirs,"Rovera, Marco; Nanni, Federico; Ponzetto, Simone Paolo",DataverseNL
10.7802/1533,"Longitudinal party member survey, CDU Berlin","Wuttke, Alexander; Wuttke, Alexander; Jungherr, Andreas; Jungherr, Andreas; Schoen, Harald; Schoen, Harald",GESIS Data Archive
10.4232/1.13056,Mannheim Divorce Study 1996,"Esser, Hartmut; Esser, Hartmut; Gostomski, Christian Babka von; Gostomski, Christian Babka von; Hartmann, Josef; Hartmann, Josef",GESIS Data Archive for the Social Sciences
10.7910/dvn/5zd9nh,MEDW 2013 Lower Saxony State Election Study,"Zittlau, Stefen; Gschwend, Thomas; Stephenson, Laura; Blais, André",Harvard Dataverse
10.4232/1.12408,"German Internet Panel, Welle 18 (Juli 2015)","Blom, Annelies G.; Bossert, Dayana; Felderer, Barbara; Gebhard, Franziska; Herzing, Jessica; Krieger, Ulrich; SFB 884 ´Political Economy Of Reforms´",
10.7910/dvn/wmvc4u,Replication Files for: The Long-Term Costs of Government Surveillance – Insights from Stasi Spying in East Germany,"Lichter, Andreas; Löffler, Max; Siegloch, Sebastian",
10.7910/dvn/m5qyvv,Evolutionary Single Rule Models (No Analysis),"Lehrer, Roni; Schumacher, Gijs J.S.; Challenges to Democratic Representation (AISSR, FMG)",Harvard Dataverse
10.4232/1.12016,"Kandidatenstudie 2013, Befragung, Wahlergebnisse und Strukturdaten (GLES)","Rattinger, Hans; Roßteutscher, Sigrid; Schmitt-Beck, Rüdiger; Weßels, Bernhard; Wolf, Christof",
10.6084/m9.figshare.c.6808716,Pilot study of an interprofessional pediatric mechanical ventilation educational initiative in two intensive care units,"Mehrzai, Pazun; Höfeler, Thormen; Ebenebe, Chinedu Ulrich; Moll-Khosrawi, Parisa; Demirakça, Süha; Vettorazzi, Eik; Bergers, Marlies; Lange, Mandy; Dreger, Sabine; Maruhn, Hanna; Singer, Dominique; Deindl, Philipp",
10.4232/1.12036,Langfrist-Online-Tracking T21 (GLES),"Rattinger, Hans; Roßteutscher, Sigrid; Schmitt-Beck, Rüdiger; Weßels, Bernhard; Wolf, Christof",
10.4232/1.12121,"German Internet Panel, Welle 10 (März 2014)","Blom, Annelies G.; Bossert, Dayana; Gebhard, Franziska; Holthausen, Annette; Krieger, Ulrich; SFB 884 ´Political Economy Of Reforms´",
10.6084/m9.figshare.c.6929056,Ultra-sensitive CTC-based liquid biopsy for pancreatic cancer enabled by large blood volume analysis,"Stoecklein, Nikolas H.; Fluegen, Georg; Guglielmi, Rosa; Neves, Rui P.L.; Hackert, Thilo; Birgin, Emrullah; Cieslik, Stefan A.; Sudarsanam, Monica; Driemel, Christiane; van Dalum, Guus; Franken, André; Niederacher, Dieter; Neubauer, Hans; Fehm, Tanja; Rox, Jutta M.; Böhme, Petra; Häberle, Lena; Göring, Wolfgang; Esposito, Irene; Topp, Stefan A.; Coumans, Frank A.W.; Weitz, Jürgen; Knoefel, Wolfram T.; Fischer, Johannes C.; Bork, Ulrich; Rahbari, Nuh N.",
10.4232/1.4288,"Die Lebensführung in sozialen Netzwerken, Mannheim 2000","Otte, Gunnar; Otte, Gunnar",GESIS Data Archive
10.4232/1.14696,German General Social Survey (ALLBUScompact) - Cumulation 1980-2023,Kathrin Ackermann; Kathrin Ackermann; Klaus Allerbeck; Klaus Allerbeck; Jutta Allmendinger; Jutta Allmendinger; Hans-Jürgen Andreß; Hans-Jürgen Andreß; Katrin Auspurg; Katrin Auspurg; Stefan Bauernschuster; Stefan Bauernschuster; Christoph Bühler; Christoph Bühler; Wilhelm Bürklin; Wilhelm Bürklin; Sarah Carol; Sarah Carol; Andreas Diekmann; Andreas Diekmann; Hubert Feger; Hubert Feger; Detlef Fetchenhauer; Detlef Fetchenhauer; Maria-Therese Friehs; Maria-Therese Friehs; Andreas Hadjar; Andreas Hadjar; Steffen Hillmert; Steffen Hillmert; Johannes Huinink; Johannes Huinink; Marie Luise Kiefer; Marie Luise Kiefer; Frauke Kreuter; Frauke Kreuter; Steffen Kühnel; Steffen Kühnel; Karin Kurz; Karin Kurz; M. Rainer Lepsius; M. Rainer Lepsius; Stefan Liebig; Stefan Liebig; Karl Ulrich Mayer; Karl Ulrich Mayer; Heiner Meulemann; Heiner Meulemann; Walter Müller; Walter Müller; Karl Dieter Opp; Karl Dieter Opp; Franz Urban Pappi; Franz Urban Pappi; Ulrich Rosar; Ulrich Rosar; Erwin K. Scheuch; Erwin K. Scheuch; Rüdiger Schmitt-Beck; Rüdiger Schmitt-Beck; Heike Solga; Heike Solga; Markus Tausendpfund; Markus Tausendpfund; Heike Trappe; Heike Trappe; Michael Wagner; Michael Wagner; Ulrich Wagner; Ulrich Wagner; Bettina Westle; Bettina Westle; Rolf Ziegler; Rolf Ziegler,GESIS
10.5281/zenodo.1318146,Rdf2Vec Dbpedia Uniform Embeddings,"Cochez, Michael; Ristoski, Petar; Ponzetto, Simone Paulo; Paulheim, Heiko",Zenodo
10.4232/1.13041,Rolling Cross-Section-Wahlkampfstudie mit Nachwahl-Panelwelle (GLES 2017),"Roßteutscher, Sigrid; Schmitt-Beck, Rüdiger; Schoen, Harald; Weßels, Bernhard; Wolf, Christof; Staudt, Alexander",
10.5281/zenodo.6962676,Diversity-Driven Unit Test Generation (Data Set),"Kessel, Marcus; Atkinson, Colin",Zenodo
10.4232/1.12320,"German Internet Panel, Welle 17 (Mai 2015)","Blom, Annelies G.; Bossert, Dayana; Felderer, Barbara; Gebhard, Franziska; Herzing, Jessica; Krieger, Ulrich; SFB 884 ´Political Economy Of Reforms´",
10.3886/e128801v1,"Data and Code for: Income Differences, Productivity and Input-Output Networks","Fadinger, Harald; Ghiglino, Christian; Teteryatnikova, Mariya ",
10.4232/1.0861,ZUMABUS 1 (1976),"Wildenmann, Rudolf; Wildenmann, Rudolf; Mayer, Karl U.; Mayer, Karl U.; Müller, Walter; Müller, Walter; Sozialwissenschaftliches Forschungsinstitut der Konrad-Adenauer-Stiftung, Alfter/Bonn; Sozialwissenschaftliches Forschungsinstitut der Konrad-Adenauer-Stiftung, Alfter/Bonn; ZUMA, Mannheim; ZUMA, Mannheim",GESIS Data Archive
10.4232/1.11953,German General Social Survey - ALLBUScompact - Cumulation 1980-2012,"Allerbeck, Klaus; Allerbeck, Klaus; Allmendinger, Jutta; Allmendinger, Jutta; Andreß, Hans-Jürgen; Andreß, Hans-Jürgen; Bürklin, Wilhelm; Bürklin, Wilhelm; Diekmann, Andreas; Diekmann, Andreas; Feger, Hubert; Feger, Hubert; Fetchenhauer, Detlef; Fetchenhauer, Detlef; Huinink, Johannes; Huinink, Johannes; Kiefer, Marie Luise; Kiefer, Marie Luise; Kreuter, Frauke; Kreuter, Frauke; Kühnel, Steffen; Kühnel, Steffen; Kurz, Karin; Kurz, Karin; Lepsius, M. Rainer; Lepsius, M. Rainer; Liebig, Stefan; Liebig, Stefan; Mayer, Karl Ulrich; Mayer, Karl Ulrich; Meulemann, Heiner; Meulemann, Heiner; Müller, Walter; Müller, Walter; Opp, Karl-Dieter; Opp, Karl-Dieter; Pappi, Franz Urban; Pappi, Franz Urban; Scheuch, Erwin K.; Scheuch, Erwin K.; Schmitt-Beck, Rüdiger; Schmitt-Beck, Rüdiger; Solga, Heike; Solga, Heike; Trappe, Heike; Trappe, Heike; Wagner, Michael; Wagner, Michael; Westle, Bettina; Westle, Bettina; Ziegler, Rolf; Ziegler, Rolf",GESIS Data Archive
10.4232/1.10086,European Election Study 2004 (2nd edition),"Schmitt, Hermann; Schmitt, Hermann; Bartolini, Stefano; Bartolini, Stefano; Brug, Wouter van der; Brug, Wouter van der; Eijk, Cees van der; Eijk, Cees van der; Franklin, Mark; Franklin, Mark; Fuchs, Dieter; Fuchs, Dieter; Toka, Gabor; Toka, Gabor; Marsh, Michael; Marsh, Michael; Thomassen, Jacques; Thomassen, Jacques",GESIS Data Archive
10.25384/sage.c.4447850,European Monetary Union reform preferences of French and German parliamentarians,"Blesse, Sebastian; Boyer, Pierre C; Heinemann, Friedrich; Janeba, Eckhard; Anasuya Raj",
10.6084/m9.figshare.c.7434600,A gender and size specific evaluation of Grammont-type inlay versus lateralizing onlay stem designs in achieving lateralization and distalization in reverse shoulder arthroplasty,"Imiolczyk, Jan-Phillip; Zeid, Paula-Nevin Abu; Eckl, Larissa; Imiolczyk, Tankred; Gohlke, Frank",
10.4232/1.12806,Vor- und Nachwahl-Querschnitt (Kumulation) (GLES 2009),"Rattinger, Hans; Roßteutscher, Sigrid; Schmitt-Beck, Rüdiger; Weßels, Bernhard; Wagner, Aiko; Scherer, Philipp; Bytzek, Evelyn; Bieber, Ina",
10.4232/1.12574,German General Social Survey (ALLBUS) - Cumulation 1980-2014,Klaus Allerbeck; Klaus Allerbeck; Jutta Allmendinger; Jutta Allmendinger; Hans-Jürgen Andreß; Hans-Jürgen Andreß; Wilhelm Bürklin; Wilhelm Bürklin; Andreas Diekmann; Andreas Diekmann; Hubert Feger; Hubert Feger; Detlef Fetchenhauer; Detlef Fetchenhauer; Johannes Huinink; Johannes Huinink; Marie Luise Kiefer; Marie Luise Kiefer; Frauke Kreuter; Frauke Kreuter; Steffen Kühnel; Steffen Kühnel; Karin Kurz; Karin Kurz; M. Rainer Lepsius; M. Rainer Lepsius; Stefan Liebig; Stefan Liebig; Karl Ulrich Mayer; Karl Ulrich Mayer; Heiner Meulemann; Heiner Meulemann; Walter Müller; Walter Müller; Karl Dieter Opp; Karl Dieter Opp; Franz Urban Pappi; Franz Urban Pappi; Erwin K. Scheuch; Erwin K. Scheuch; Rüdiger Schmitt-Beck; Rüdiger Schmitt-Beck; Heike Solga; Heike Solga; Heike Trappe; Heike Trappe; Michael Wagner; Michael Wagner; Bettina Westle; Bettina Westle; Rolf Ziegler; Rolf Ziegler,GESIS Data Archive
10.6084/m9.figshare.c.6146551,"Effects of behavioral performance, intrinsic reward value, and context stability on the formation of a higher-order nutrition habit: an intensive longitudinal diary study","Kilb, Michael; Labudek, Sarah",
10.3886/e118081,Discrimination against Foreigners,Sibylle Lehmann-Hasemeyer; Jochen Streb,ICPSR - Interuniversity Consortium for Political and Social Research
10.4232/1.11001,German General Social Survey - ALLBUScompact - Cumulation 1980-2008,"Allerbeck, Klaus R.; Allerbeck, Klaus R.; Allmendinger, Jutta; Allmendinger, Jutta; Andreß, Hans-Jürgen; Andreß, Hans-Jürgen; Bürklin, Wilhelm; Bürklin, Wilhelm; Diekmann, Andreas; Diekmann, Andreas; Feger, Hubert; Feger, Hubert; Huinink, Johannes; Huinink, Johannes; Kiefer, Marie-Luise; Kiefer, Marie-Luise; Lepsius, M. Rainer; Lepsius, M. Rainer; Liebig, Stefan; Liebig, Stefan; Mayer, Karl U.; Mayer, Karl U.; Meulemann, Heiner; Meulemann, Heiner; Müller, Walter; Müller, Walter; Opp, Karl-Dieter; Opp, Karl-Dieter; Pappi, Franz U.; Pappi, Franz U.; Scheuch, Erwin K.; Scheuch, Erwin K.; Schmitt-Beck, Rüdiger; Schmitt-Beck, Rüdiger; Solga, Heike; Solga, Heike; Trappe, Heike; Trappe, Heike; Ziegler, Rolf; Ziegler, Rolf",GESIS Data Archive
10.7802/1436,Code/Syntax: Geschlechterungleichheit in Führungspositionen: Der Einfluss von Arbeitsmarktsegregation und beruflichen Opportunitätsstrukturen,"Granato, Nadia; Granato, Nadia",GESIS Data Archive
10.7802/2436,Code/Syntax: Do Mothers and Fathers in Germany Really Prefer a Traditional Division of Labor? The Impact of Working Hours on Life Satisfaction Reconsidered,"Heyne, Stefanie; Heyne, Stefanie; Wolbring, Tobias; Wolbring, Tobias",GESIS Data Archive
10.7801/65,Integrating Open and Closed Information Extraction: Challenges and First Steps,"Dutta, Arnab; Christian, Meilicke",Mannheim University Library
10.7802/2915,Digitale Ungleichheiten in Deutschland,"Hölzl, Johanna; Hölzl, Johanna; Szafran, Daria; Szafran, Daria; Keusch, Florian; Keusch, Florian",GESIS Data Archive
10.4232/1.12843,"German Internet Panel, Wave 23 (May 2016)","Blom, Annelies G.; Blom, Annelies G.; Bruch, Christian; Bruch, Christian; Felderer, Barbara; Felderer, Barbara; Gebhard, Franziska; Gebhard, Franziska; Herzing, Jessica; Herzing, Jessica; Krieger, Ulrich; Krieger, Ulrich; SFB 884 ´Political Economy of Reforms´, Universität Mannheim; SFB 884 ´Political Economy of Reforms´, Universität Mannheim",GESIS Data Archive for the Social Sciences
10.4232/1.3751,German General Social Survey - ALLBUS 1996,"Allerbeck, Klaus; Allerbeck, Klaus; Allmendinger, Jutta; Allmendinger, Jutta; Bürklin, Wilhelm; Bürklin, Wilhelm; Kiefer, Marie Luise; Kiefer, Marie Luise; Müller, Walter; Müller, Walter; Opp, Karl-Dieter; Opp, Karl-Dieter; Scheuch, Erwin K.; Scheuch, Erwin K.",GESIS Data Archive
10.5281/zenodo.3946462,TaxGraph - A Knowledge Graph of Multi-National Companies and their Relationships,"Lüdemann, Niklas; Shiba, Ageda; Thymianis, Nikolaos; Heist, Nicolas; Ludwig, Christopher; Paulheim, Heiko",Zenodo
10.5281/zenodo.6395307,patccat: A classifier for patent claims,"Ganglmair, Bernhard; Robinson, W. Keith; Seeligson, Michael",Zenodo
10.4232/1.13391,"German Internet Panel, Welle 38 (November 2018)","Blom, Annelies G.; Blom, Annelies G.; Fikel, Marina; Fikel, Marina; Friedel, Sabine; Friedel, Sabine; Höhne, Jan Karem; Höhne, Jan Karem; Krieger, Ulrich; Krieger, Ulrich; Rettig, Tobias; Rettig, Tobias; Wenz, Alexander; Wenz, Alexander; SFB 884 ´Political Economy of Reforms´, Universität Mannheim; SFB 884 ´Political Economy of Reforms´, Universität Mannheim",GESIS Data Archive for the Social Sciences
10.4232/1.13248,"Trust, Privacy &amp; Data Sharing","Keusch, Florian; Keusch, Florian",GESIS Data Archive
10.4232/1.12617,"German Internet Panel, Wave 11 (May 2014)","Blom, Annelies G.; Blom, Annelies G.; Bossert, Dayana; Bossert, Dayana; Gebhard, Franziska; Gebhard, Franziska; Holthausen, Annette; Holthausen, Annette; Krieger, Ulrich; Krieger, Ulrich; SFB 884 ´Political Economy of Reforms´; SFB 884 ´Political Economy of Reforms´",GESIS Data Archive for the Social Sciences
10.4232/1.2865,European Election Study 1994 (EES 1994),"Castillo, Pilar del; Castillo, Pilar del; Eijk, Cees van der; Eijk, Cees van der; Franklin, Mark; Franklin, Mark; Katz, Richard; Katz, Richard; Mannheimer, Renato; Mannheimer, Renato; Marsh, Michael; Marsh, Michael; Norris, Pippa; Norris, Pippa; Oppenhuis, Erik; Oppenhuis, Erik; Schmitt, Hermann; Schmitt, Hermann; Thomassen, Jacques; Thomassen, Jacques; Wessels, Bernard; Wessels, Bernard; Ysmal, Colette; Ysmal, Colette",GESIS Data Archive
10.4232/1.3752,German General Social Survey - ALLBUScompact 1996,"Allerbeck, Klaus; Allerbeck, Klaus; Allmendinger, Jutta; Allmendinger, Jutta; Bürklin, Wilhelm; Bürklin, Wilhelm; Kiefer, Marie Luise; Kiefer, Marie Luise; Müller, Walter; Müller, Walter; Opp, Karl-Dieter; Opp, Karl-Dieter; Scheuch, Erwin K.; Scheuch, Erwin K.",GESIS Data Archive
10.4232/1.14377,"European Parliament Election Study 2014, Voter Study, First Post-Election Survey","Schmitt, Hermann; Schmitt, Hermann; Hobolt, Sara B.; Hobolt, Sara B.; Popa, Sebastian A.; Popa, Sebastian A.; Teperoglou, Eftichia; Teperoglou, Eftichia; European Parliament, Directorate-General for Communication, Public Monitoring Unit; European Parliament, Directorate-General for Communication, Public Monitoring Unit",GESIS Data Archive for the Social Sciences
10.11587/z1z34h/jmvezw,10026_sx_en_1_0.R,"Keusch, Florian; Yan, Ting",AUSSDA
10.4232/1.13418,German General Social Survey - ALLBUS 2012,"Diekmann, Andreas; Diekmann, Andreas; Fetchenhauer, Detlef; Fetchenhauer, Detlef; Kühnel, Steffen; Kühnel, Steffen; Liebig, Stefan; Liebig, Stefan; Schmitt-Beck, Rüdiger; Schmitt-Beck, Rüdiger; Trappe, Heike; Trappe, Heike; Wagner, Michael; Wagner, Michael",GESIS Data Archive
10.7910/dvn/hrk5lm,MEDW 2010 North Rhine-Westphalia State Election Study,"Bohl, Marian; Gschwend, Thomas; Zittlau, Stefen; Blais, André; Stephenson, Laura",Harvard Dataverse
10.4232/1.12614,"German Internet Panel, Welle 8 (November 2013)","Blom, Annelies G.; Blom, Annelies G.; Bossert, Dayana; Bossert, Dayana; Funke, Frederik; Funke, Frederik; Gebhard, Franziska; Gebhard, Franziska; Holthausen, Annette; Holthausen, Annette; Krieger, Ulrich; Krieger, Ulrich; SFB 884 \\""Political Economy of Reforms\\"" Universität Mannheim; SFB 884 \\""Political Economy of Reforms\\"" Universität Mannheim",GESIS Data Archive for the Social Sciences
10.25384/sage.c.4324601.v1,"Paper, E-mail, or Both? Effects of Contact Mode on Participation in a Web Survey of Establishments","Sakshaug, Joseph W.; Vicari, Basha; Couper, Mick P.",
10.21410/7e4/nn2scq,Quelques questions sur l'Europe (ELIPSS 2014),"Université de Mannheim, Collaborative Research Center “Political Economy of Reforms”; GESIS – Leibniz Institute for the Social Sciences, GESIS Panel; CentERdata, LISS Panel; Sciences Po, Centre de données socio-politiques (CDSP), CNRS",data.sciencespo
10.4232/1.13614,"German Internet Panel, Welle 44 (November 2019)","Blom, Annelies G.; Blom, Annelies G.; Fikel, Marina; Fikel, Marina; Friedel, Sabine; Friedel, Sabine; Höhne, Jan Karem; Höhne, Jan Karem; Krieger, Ulrich; Krieger, Ulrich; Rettig, Tobias; Rettig, Tobias; Wenz, Alexander; Wenz, Alexander; SFB 884 ´Political Economy of Reforms´, Universität Mannheim; SFB 884 ´Political Economy of Reforms´, Universität Mannheim",GESIS Data Archive for the Social Sciences
10.4232/1.13774,German General Social Survey (ALLBUS) - Cumulation 1980-2018,"Allerbeck, Klaus; Allerbeck, Klaus; Allmendinger, Jutta; Allmendinger, Jutta; Andreß, Hans-Jürgen; Andreß, Hans-Jürgen; Bauernschuster, Stefan; Bauernschuster, Stefan; Bürklin, Wilhelm; Bürklin, Wilhelm; Diekmann, Andreas; Diekmann, Andreas; Feger, Hubert; Feger, Hubert; Fetchenhauer, Detlef; Fetchenhauer, Detlef; Hadjar, Andreas; Hadjar, Andreas; Huinink, Johannes; Huinink, Johannes; Kiefer, Marie Luise; Kiefer, Marie Luise; Kreuter, Frauke; Kreuter, Frauke; Kühnel, Steffen; Kühnel, Steffen; Kurz, Karin; Kurz, Karin; Lepsius, M. Rainer; Lepsius, M. Rainer; Liebig, Stefan; Liebig, Stefan; Mayer, Karl Ulrich; Mayer, Karl Ulrich; Meulemann, Heiner; Meulemann, Heiner; Müller, Walter; Müller, Walter; Opp, Karl Dieter; Opp, Karl Dieter; Pappi, Franz Urban; Pappi, Franz Urban; Rosar, Ulrich; Rosar, Ulrich; Scheuch, Erwin K.; Scheuch, Erwin K.; Schmitt-Beck, Rüdiger; Schmitt-Beck, Rüdiger; Solga, Heike; Solga, Heike; Trappe, Heike; Trappe, Heike; Wagner, Michael; Wagner, Michael; Wagner, Ulrich; Wagner, Ulrich; Westle, Bettina; Westle, Bettina; Ziegler, Rolf; Ziegler, Rolf",GESIS Data Archive
10.3886/icpsr04357,"The Mannheim Eurobarometer Trend File, 1970-2002","Schmitt, Hermann; Scholz, Evi",Inter-university Consortium for Political and Social Research (ICPSR)
10.5281/zenodo.1320027,Kglove Dbpedia Inverse Object Split Embeddings,"Cochez, Michael; Ristoski, Petar; Ponzetto, Simone Paulo; Paulheim, Heiko",Zenodo
10.4232/1.10835,Allgemeine Bevölkerungsumfrage der Sozialwissenschaften ALLBUScompact 2008,"Andreß, Hans-Jürgen; Diekmann, Andreas; Feger, Hubert; Liebig, Stefan; Meulemann, Heiner; Schmitt-Beck, Rüdiger; Trappe, Heike",
10.5281/zenodo.1320032,Kglove Dbpedia Inverse Page Rank Split Embeddings,"Cochez, Michael; Ristoski, Petar; Ponzetto, Simone Paulo; Paulheim, Heiko",Zenodo
10.7804/cses.module4.2018-05-29,CSES Module 4 Full Release,"Lupu, Noam; Lupu, Noam; Oliveros, Virginia; Oliveros, Virginia; Schiumerini, Luis; Schiumerini, Luis; Pietsch, Juliet; Pietsch, Juliet; McAllister, Ian; McAllister, Ian; Bean, Clive; Bean, Clive; Gibson, Rachel; Gibson, Rachel; Kritzinger, Sylvia; Kritzinger, Sylvia; Müller, Wolfgang C.; Müller, Wolfgang C.; Schönbach, Klaus; Schönbach, Klaus; Meneguello, Rachel; Meneguello, Rachel; Dobreva, Alina; Dobreva, Alina; Fournier, Patrick; Fournier, Patrick; Cutler, Fred; Cutler, Fred; Soroka, Stuart; Soroka, Stuart; Stolle, Dietlind; Stolle, Dietlind; Linek, Lukas; Linek, Lukas; Groenlund, Kimmo; Groenlund, Kimmo; Wass, Hanna; Wass, Hanna; Sauger, Nicolas; Sauger, Nicolas; Wessels, Bernhard; Wessels, Bernhard; Rattinger, Hans; Rattinger, Hans; Roßteutscher, Sigrid; Roßteutscher, Sigrid; Schmitt-Beck, Rüdiger; Schmitt-Beck, Rüdiger; Wolf, Christof; Wolf, Christof; Fieldhouse, Edward; Fieldhouse, Edward; Green, Jane; Green, Jane; Evans, Geoffrey; Evans, Geoffrey; Schmitt, Hermann; Schmitt, Hermann; Van der Eijk, Cees; Van der Eijk, Cees; Mellon, Jonathan; Mellon, Jonathan; Prosser, Christopher; Prosser, Christopher; Chadjipadelis, Theodore; Chadjipadelis, Theodore; Teperoglou, Eftichia; Teperoglou, Eftichia; Andreadis, Ioannis; Andreadis, Ioannis; Pang-kwong, Li; Pang-kwong, Li; Hardarson, Olafur P.; Hardarson, Olafur P.; Onnudottir, Eva H.; Onnudottir, Eva H.; Porisdottir, Hulda; Porisdottir, Hulda; Marsh, Michael; Marsh, Michael; Shamir, Michal; Shamir, Michal; Kedar, Orit; Kedar, Orit; Ikeda, Ken’ichi; Ikeda, Ken’ichi; Yamada, Masahiro; Yamada, Masahiro; Maeda, Yukio; Maeda, Yukio; Mattes, Robert; Mattes, Robert; Mitullah, Winnie; Mitullah, Winnie; Oyuke, Abel; Oyuke, Abel; Ikstens, Janis; Ikstens, Janis; Beltrán, Ulises; Beltrán, Ulises; Aguilar, Rosario; Aguilar, Rosario; Komar, Olivera; Komar, Olivera; Gegaj, Pavle; Gegaj, Pavle; Bešic, Milo; Bešic, Milo; Vowles, Jack; Vowles, Jack; Coffe, Hilde; Coffe, Hilde; Aardal, Bernt; Aardal, Bernt; Cotterell, Gerard; Cotterell, Gerard; Curtin, Jennifer; Curtin, Jennifer; Bergh, Johannes; Bergh, Johannes; Guerrero, Linda Luz; Guerrero, Linda Luz; Sulmont, David; Sulmont, David; Martinez, Vania; Martinez, Vania; Licudine, Vladymir Joseph; Licudine, Vladymir Joseph; Markowski, Radosław; Markowski, Radosław; Cześnik, Mikołaj; Cześnik, Mikołaj; Grzelak, Paweł; Grzelak, Paweł; Kotnarowski, Michal; Kotnarowski, Michal; Magalhaes, Pedro; Magalhaes, Pedro; Costa Lobo, Marina; Costa Lobo, Marina; Tiago Gaspar, Joao; Tiago Gaspar, Joao; Comsa, Mircea; Comsa, Mircea; Fesnic, Florin N.; Fesnic, Florin N.; Gheorghita, Andrei; Gheorghita, Andrei; Badescu, Gabriel; Badescu, Gabriel; Tufis, Claudiu D.; Tufis, Claudiu D.; Stanus, Cristina; Stanus, Cristina; Voicu, Bogdan; Voicu, Bogdan; Postelnicu, Camil; Postelnicu, Camil; Todosijevic, Bojan; Todosijevic, Bojan; Pavlovic, Zoran; Pavlovic, Zoran; Gyarfasova, Olga; Gyarfasova, Olga; Bahna, Miloslav; Bahna, Miloslav; Stebe, Janez; Stebe, Janez; Mattes, Robert; Mattes, Robert; Shulz-Herzenberg, Collette; Shulz-Herzenberg, Collette; Lee, Nam Young; Lee, Nam Young; Kim, Wook; Kim, Wook; Oscarsson, Henrik; Oscarsson, Henrik; Lutz, Georg; Lutz, Georg; Huang, Chi; Huang, Chi; Bureekul, Thawilwadee; Bureekul, Thawilwadee; Albitton, Robert B.; Albitton, Robert B.; Sangmahamad, Ratchawadee; Sangmahamad, Ratchawadee; Carkoglu, Ali; Carkoglu, Ali; Aytac, Selim Erdem; Aytac, Selim Erdem; Howell, Dave A.; Howell, Dave A.; Ilirjani, Altin; Ilirjani, Altin; Donakowski, Darrell; Donakowski, Darrell; Hutchings, Vincent; Hutchings, Vincent",GESIS Data Archive for the Social Sciences
10.6084/m9.figshare.c.6292356.v1,Maladaptive personality traits as predictors of prosocial and trusting behavior in two economic games,"Hepp, Johanna; Mohr, Melissa R. M.; Niedtfeld, Inga",
10.7802/2459,digilog@bw—Dynamics of Participation in the Era of Digitalisation. Cross-section May-June 2022,"Navarrete, Rosa M.; Navarrete, Rosa M.; Eder, Christina; Eder, Christina; Debus, Marc; Debus, Marc; Schoen, Harald; Schoen, Harald; Chan, Chung-hong; Chan, Chung-hong",GESIS Data Archive
10.7804/cses.module5.2023-07-25,CSES Module 5 Full Release,"Ceka, Blendi; Ceka, Blendi; McAllister, Ian; McAllister, Ian; Sheppard, Jill; Sheppard, Jill; Mueller, Wolfgang C.; Mueller, Wolfgang C.; Kritzinger, Sylvia; Kritzinger, Sylvia; Boomgaarden, Hajo; Boomgaarden, Hajo; Hooghe, Marc; Hooghe, Marc; Dassonneville, Ruth; Dassonneville, Ruth; Okolikj, Martin; Okolikj, Martin; Stiers, Dieter; Stiers, Dieter; Meneguello, Rachel; Meneguello, Rachel; Stephenson, Laura; Stephenson, Laura; Harell, Allison; Harell, Allison; Rubenson, Daniel; Rubenson, Daniel; Loewen, Peter John; Loewen, Peter John; Segovia, Caroline; Segovia, Caroline; Gamboa, Ricardo; Gamboa, Ricardo; Alfaro-Redondo, Ronald; Alfaro-Redondo, Ronald; Alpizar, Felipe; Alpizar, Felipe; Guzman-Castillo, Jesus; Guzman-Castillo, Jesus; Linek, Lukas; Linek, Lukas; Hansen, Kasper M.; Hansen, Kasper M.; Stubager, Rune; Stubager, Rune; Cordova, Ricardo; Cordova, Ricardo; Argueta, Carlos; Argueta, Carlos; Gronlund, Kimmo; Gronlund, Kimmo; Sauger, Nicolas; Sauger, Nicolas; Valentin, Brunel; Valentin, Brunel; Wessels, Bernhard; Wessels, Bernhard; Schoen, Harald; Schoen, Harald; Rossteutscher, Sigrid; Rossteutscher, Sigrid; Schmitt-Beck, Ruediger; Schmitt-Beck, Ruediger; Wolf, Christof; Wolf, Christof; Faas, Thorsten; Faas, Thorsten; Debus, Marc; Debus, Marc; Pollak, Reinhard; Pollak, Reinhard; Fieldhouse, Edward; Fieldhouse, Edward; Green, Jane; Green, Jane; Evans, Geoffrey; Evans, Geoffrey; Mellon, Jonathan; Mellon, Jonathan; Prosser, Chris; Prosser, Chris; Bailey, Jack; Bailey, Jack; Andreadis, Ioannis; Andreadis, Ioannis; Chadjipadelis, Theodore; Chadjipadelis, Theodore; Teperoglou, Eftichia; Teperoglou, Eftichia; Pang-Kwong, Li; Pang-Kwong, Li; Enyedi, Zsolt; Enyedi, Zsolt; Todosijevic, Bojan; Todosijevic, Bojan; Littvay, Levente; Littvay, Levente; Onnudottir, Eva H.; Onnudottir, Eva H.; Hardarson, Olafur O.; Hardarson, Olafur O.; Porisdottir, Hulda; Porisdottir, Hulda; Helgason, Agnar Freyr; Helgason, Agnar Freyr; Asgeirsdottir, Tinna Laufey; Asgeirsdottir, Tinna Laufey; Bowler, Shaun; Bowler, Shaun; Kristinsson, Gunnar Helgi; Kristinsson, Gunnar Helgi; Eyborsson, Gretar Por; Eyborsson, Gretar Por; Indridoason, Indridi H.; Indridoason, Indridi H.; Bernburg, Jon Gunnar; Bernburg, Jon Gunnar; Olafsdottir, Sigrun; Olafsdottir, Sigrun; Nooruddin, Irfan; Nooruddin, Irfan; Joshi, Dhananjai; Joshi, Dhananjai; Marsh, Michael; Marsh, Michael; Shamir, Michal; Shamir, Michal; Shomer, Yael; Shomer, Yael; Sheffer, Lior; Sheffer, Lior; Yakter, Alon; Yakter, Alon; Segatti, Paolo; Segatti, Paolo; Vegetti, Federico; Vegetti, Federico; Yamada, Masahiro; Yamada, Masahiro; Maeda, Yukio; Maeda, Yukio; Hino, Airo; Hino, Airo; Matsubayashi, Tetsuya; Matsubayashi, Tetsuya; Ikstens, Janis; Ikstens, Janis; Ramonaite, Aine; Ramonaite, Aine; Beltran, Ulises; Beltran, Ulises; Castro Cornejo, Rodrigo; Castro Cornejo, Rodrigo; Komar, Olivera; Komar, Olivera; Zivkovic, Slaven; Zivkovic, Slaven; Malesevic, Iva; Malesevic, Iva; Kandic, Stevan; Kandic, Stevan; Batricevic, Nemanja; Batricevic, Nemanja; Stankov, Nemanja; Stankov, Nemanja; Rekker, Roderik; Rekker, Roderik; van der Brug, Wouter; van der Brug, Wouter; van der Meer, Tom; van der Meer, Tom; van der Kolk, Henk; van der Kolk, Henk; Lubbers, Marcel; Lubbers, Marcel; Spierings, Niels; Spierings, Niels; Jacobs, Kristof; Jacobs, Kristof; Sipma, Take; Sipma, Take; Vowles, Jack; Vowles, Jack; Greaves, Lara; Greaves, Lara; Bergh, Johannes; Bergh, Johannes; Aardal, Bernt; Aardal, Bernt; Maldonado, Arturo; Maldonado, Arturo; Sulmont, David; Sulmont, David; Aragon, Jorge; Aragon, Jorge; Markowski, Radoslaw; Markowski, Radoslaw; Czesnik, Mikolaj; Czesnik, Mikolaj",GESIS
10.5281/zenodo.1067701,"Polidoc.Net Codebook: National And Regional Manifestos And Other Political Documents Collected For The Research Projects ""Representation In Europe: Congruence  Between Preferences Of Elites And Voters"" (Repcong) And ""The Impact Of Eu Cohesion Policy On European Identification"" (Cohesify)","Bräuninger, Thomas; Debus, Marc; Benoit, Kenneth; Bernauer, Julian; Polidoc.Net Team",Zenodo
10.4232/1.10389,"Langfrist-Online-Tracking, T3 (GLES 2009)","Rattinger, Hans; Roßteutscher, Sigrid; Schmitt-Beck, Rüdiger; Weßels, Bernhard",
10.7801/462,Data from the paper: Power asymmetry and embarrassment in shared decision-making: predicting participation preference and decisional conflict.,"Scherer, Karin Antonia; Büdenbender, Björn; Köther, Anja; Grüne, Britta; Kriegmair, Maximilian; Michel, Maurice S.; Alpers, Georg W.",Mannheim University Library
10.7910/dvn/9sax3k,Replication Data for: Weighting Parties and Coalitions: How Coalition Signals Influence Voting Behavior,"Stoetzer, Lukas; Gschwend, Thomas; Meffert, Michael",
10.5281/zenodo.7506459,Replication package for: How the Other Half Died: Immigration and Mortality in US Cities,"Ager, Philipp; Feigenbaum, James; Hansen, Casper Worm; Tan, Hui Ren; Williamson, Danielle",Zenodo
10.6084/m9.figshare.c.7638891.v1,Nursing staff and supervisors perceptions on stress and resilience: a qualitative study,"Helaß, Madeleine; Greinacher, Anja; Genrich, Melanie; Müller, Andreas; Angerer, Peter; Gündel, Harald; Junne, Florian; Nikendei, Christoph; Maatouk, Imad",
10.5281/zenodo.1320017,Kglove Dbpedia Inverse Object Frequency Embeddings,"Cochez, Michael; Ristoski, Petar; Ponzetto, Simone; Paulheim, Heiko",Zenodo
10.4232/1.12278,Langfrist-Online-Tracking T23 (GLES),"Rattinger, Hans; Roßteutscher, Sigrid; Schmitt-Beck, Rüdiger; Weßels, Bernhard; Wolf, Christof",
10.11587/z1z34h/ldhqgw,10026_qu_de_v1_0.pdf,"Keusch, Florian; Yan, Ting",AUSSDA
10.25384/sage.c.5122506.v1,Strangers in Hostile Lands: Exposure to Refugees and Right-Wing Support in Germany’s Eastern Regions,"Schaub, Max; Gereke, Johanna; Baldassarri, Delia",
10.4232/1.12610,"German Internet Panel, Wave 4 (March 2013)","Blom, Annelies G.; Blom, Annelies G.; Bossert, Dayana; Bossert, Dayana; Funke, Frederik; Funke, Frederik; Gebhard, Franziska; Gebhard, Franziska; Holthausen, Annette; Holthausen, Annette; Krieger, Ulrich; Krieger, Ulrich; SFB 884 \\""Political Economy of Reforms\\"" Universität Mannheim; SFB 884 \\""Political Economy of Reforms\\"" Universität Mannheim",GESIS Data Archive for the Social Sciences
10.3886/e194203v1-201723,"Data and code for ""Wealth of two nations: The US racial wealth gap, 1860-2020""","Derenoncourt, Ellora; Kim, Chi Hyun; Kuhn, Moritz; Schularick, Moritz",ICPSR - Interuniversity Consortium for Political and Social Research
10.5281/zenodo.1320080,Rdf2Vec Dbpedia Predicate Frequency Embeddings,"Cochez, Michael; Ristoski, Petar; Ponzetto, Simone Paulo; Paulheim, Heiko",Zenodo
10.4232/1.4492,"Citizenship, Involvement, Democracy","Andersen, Jørgen Goul; Andersen, Jørgen Goul; Deth, Jan W. van; Deth, Jan W. van; Geurts, Peter; Geurts, Peter; Viegas, José Manuel Leite; Viegas, José Manuel Leite; Badescu, Gabriel; Badescu, Gabriel; Selle, Per; Selle, Per; Teorell, Jan; Teorell, Jan; Iglic, Hajdeja; Iglic, Hajdeja; Montero, José Ramón; Montero, José Ramón; Westholm, Anders; Westholm, Anders; Armingeon, Klaus; Armingeon, Klaus",GESIS Data Archive
10.4232/1.10837,Politik in der Bundesrepublik (August 1969),"Kaase, Max; Schleth, Uwe; Wildenmann, Rudolf",
10.4232/1.1223,Politik in Baden-Württemberg (1980),"Wildenmann, Rudolf; Wildenmann, Rudolf",GESIS Data Archive for the Social Sciences
10.5281/zenodo.11180268,"Replication data for ""Learning When to Quit: An Empirical Model of Experimentation in Standards Development""","Ganglmair, Bernhard; Simcoe, Timothy; Tarantino, Emanuele",Zenodo
10.4232/1.10381,"Langfrist-Online-Tracking, T1 (GLES 2009)","Rattinger, Hans; Roßteutscher, Sigrid; Schmitt-Beck, Rüdiger; Weßels, Bernhard",
10.5281/zenodo.5518208,"Replication package for: Killer Incentives: Rivalry, Performance and Risk-Taking among German Fighter Pilots, 1939-45","Ager, Philipp; Bursztyn, Leonardo; Leucht, Lukas; Voth, Hans-Joachim",Zenodo
10.6084/m9.figshare.c.7522624.v1,Expected benefits and concerns regarding virtual reality in caring for terminally ill cancer patients – a qualitative interview study,"Greinacher, Anja; Alt-Epping, Bernd; Gerlach, Christina; Wrzus, Cornelia",
10.7910/dvn/cx6bkt,Analyses Evolutionary Models,"Lehrer, Roni; Schumacher, Gijs J.S.; Challenges to Democratic Representation (AISSR, FMG)",Harvard Dataverse
10.5281/zenodo.2583247,"DOI-to-DOI citations of articles '10.12685/027.7-4-2-155', '10.18452/9093' and '10.11588/PB.2012.1.9398'","Zumstein, Philipp",Zenodo
10.3886/e172381v1-187543,Replication Files for: The Unequal Consequences of Job Loss across Countries,"Bertheau, Antoine; Acabbi, Edoardo Maria; Barcelo, Cristina ; Gulyas, Andreas; Lombardi, Stefano; Saggio, Raffaele",
10.6084/m9.figshare.4742170,Evaluating the Quality of Survey and Administrative Data with Generalized Multitrait-Multimethod Models,D.L. Oberski; A Kirchner; S Eckman; F Kreuter,
10.7802/2584,"digilog@bw—Dynamics of Participation in the Era of Digitalisation. Use of digital media, political preferences and attitudes. Experiment","Navarrete, Rosa M.; Navarrete, Rosa M.; Eder, Christina; Eder, Christina; Debus, Marc; Debus, Marc; Schoen, Harald; Schoen, Harald",GESIS Data Archive
10.5281/zenodo.7341310,Interactive Widget – Acceptance of autonomous vehicles dataset exploration,"Kacperski, Celina; Vogel, Tobias; Kutzner, Florian",Zenodo
10.5281/zenodo.20070267,European Crisis Management Ontology network,"Gangemi, Aldo; Sousa, Rita; Asprino, Luigi; Lodi, Giorgia; Nuzzolese, Andrea Giovanni; Presutti, Valentina; Gysen, Johannes; Sousa, Diana; Spagnolo, Luigi",Publications Office of the European Union
10.6084/m9.figshare.c.8011207.v1,Technology-enhanced personalized learning environments based on prior knowledge in continuing education: An experimental study,"Fromm, Yvonne M.; Rasch, Julian; Ifenthaler, Dirk",
10.7802/2331,Smartphone usage behavior,"Keusch, Florian; Keusch, Florian",GESIS Data Archive
10.5281/zenodo.7675783,Sources of PM2.5-associated Health Risks in Europe and Corresponding Emission-induced Changes during 2005-2015,"Yixuan Gu; Daven K. Henze; M. Omar Nawaz; Hansen Cao; Wagner, Ulrich J.",Zenodo
10.4232/1.13247,Mobile Data Collection - Incentive Experiment,"Keusch, Florian; Keusch, Florian",GESIS Data Archive
10.11587/z1z34h/3fymwt,10026_da_en_v1_0.tab,"Keusch, Florian; Yan, Ting",AUSSDA
10.5281/zenodo.16451922,GUI-ReRank Dataset: Annotations and Embeddings for the Rico GUI Dataset,"Kolthoff, Kristian; Kretzer, Felix; Bartelt, Christian; Maedche, Alexander; Ponzetto, Simone Paolo",Zenodo
10.7802/2295,Stigma of COVID-19,"Cohausz, Lea; Cohausz, Lea; Hensgen, Sophie; Hensgen, Sophie; Keusch, Florian; Keusch, Florian",GESIS Data Archive
10.6084/m9.figshare.31143644,Additional file 3 of From cigarettes to symptoms: the association between smoking and depression in the German National Cohort (NAKO),"Völker, Maja P.; Callies, Carolin M.; Frank, Josef; Foo, Jerome C.; Reinhard, Iris; Zillich, Lea; Klinger-König, Johanna; Grabe, Hans Jörgen; Beule, Achim G.; Erhardt-Lehmann, Angelika; Pabst, Alexander; Riedel-Heller, Steffi G.; Baune, Bernhard T.; Trenkwalder, Claudia; Wagner, Michael; Krist, Lilian; Keil, Thomas; Pischon, Tobias; Nimptsch, Katharina; Schulze, Matthias B.; Schmidt, Börge; Mikolajczyk, Rafael; Obi, Nadia; Harth, Volker; Klett-Tammen, Carolina J.; Becher, Heiko; Greiser, Karin H.; Karch, André; Schipf, Sabine; Meinke-Franze, Claudia; Bohmann, Patricia; Leitzmann, Michael; Brenner, Hermann; Mons, Ute; Schwarz, Emanuel; Berger, Klaus; Mata, Jutta; Witt, Stephanie H.; Streit, Fabian",figshare
10.4232/1.12659,"European Parliament Election Study 1979-2009, Euromanifesto Study","Braun, Daniela; Schmitt, Hermann; Wüst, Andreas M.; Popa, Sebastian Adrian; Mikhaylov, Slava; Dwinger, Felix",GESIS Data Archive
10.4232/1.11000,German General Social Survey - ALLBUS - Cumulation 1980-2008,"Allerbeck, Klaus R.; Allerbeck, Klaus R.; Allmendinger, Jutta; Allmendinger, Jutta; Andreß, Hans-Jürgen; Andreß, Hans-Jürgen; Bürklin, Wilhelm; Bürklin, Wilhelm; Diekmann, Andreas; Diekmann, Andreas; Feger, Hubert; Feger, Hubert; Huinink, Johannes; Huinink, Johannes; Kiefer, Marie Luise; Kiefer, Marie Luise; Lepsius, M. Rainer; Lepsius, M. Rainer; Liebig, Stefan; Liebig, Stefan; Mayer, Karl U.; Mayer, Karl U.; Meulemann, Heiner; Meulemann, Heiner; Müller, Walter; Müller, Walter; Opp, Karl-Dieter; Opp, Karl-Dieter; Pappi, Franz U.; Pappi, Franz U.; Scheuch, Erwin K.; Scheuch, Erwin K.; Schmitt-Beck, Rüdiger; Schmitt-Beck, Rüdiger; Solga, Heike; Solga, Heike; Trappe, Heike; Trappe, Heike; Ziegler, Rolf; Ziegler, Rolf",GESIS Data Archive
10.5281/zenodo.1320810,Rdf2Vec Dbpedia Inverse Page Rank Frequency Embeddings,"Cochez, Michael; Ristoski, Petar; Ponzetto, Simone Paulo; Paulheim, Heiko",Zenodo
10.4232/1.12722,European Candidate Study 2014 – Comparative Dataset (GLES),"Rattinger, Hans; Rattinger, Hans; Roßteutscher, Sigrid; Roßteutscher, Sigrid; Schmitt-Beck, Rüdiger; Schmitt-Beck, Rüdiger; Weßels, Bernhard; Weßels, Bernhard; Wolf, Christof; Wolf, Christof",GESIS Data Archive
10.7910/dvn/ydk1zi,Replication Data for: Asymmetric Labor-Supply Responses to Wage Changes – Experimental Evidence from an Online Labor Market,"Doerrenberg, Philipp; Duncan, Denvil; Löffler, Max",
10.3886/e199282v1,"Data and Code for: ""Dynamic Inconsistency in Risky Choice: Evidence from the Lab and Field""","Heimer, Rawley; Iliewa, Zwetelina; Imas, Alex; Weber, Martin",
10.4232/cils4eu.5353.1.0.0,Children of Immigrants Longitudinal Survey in Four European Countries (CILS4EU) - Vollversion. Datenbestand zur on-site Nutzung,"Kalter, Frank; Heath, Anthony F.; Hewstone, Miles; Jonsson, Jan O.; Kalmijn, Matthijs; Kogan, Irena; Tubergen, Frank Van; Kroneberg, Clemens; Andersson Rydell, Linus; Brolin Låftman, Sara; Dollmann, Jörg; Engzell, Per; Geven, Sara; Horr, Andreas; Huuva, Lou; Jacob, Konstanze; Jaspers, Eva; Kruse, Hanno; Parameshwaran, Meenakshi; Rudolphi, Frida; Salikutluk, Zerrin; Smith, Sanne; Zantvliet, Pascale Van",
10.4232/1.14322,"German Internet Panel, Welle 49 - Core Study (September 2020)","Blom, Annelies G.; Blom, Annelies G.; Fikel, Marina; Fikel, Marina; Friedel, Sabine; Friedel, Sabine; Krieger, Ulrich; Krieger, Ulrich; Rettig, Tobias; Rettig, Tobias; SFB 884 ´Political Economy of Reforms´, Universität Mannheim; SFB 884 ´Political Economy of Reforms´, Universität Mannheim",GESIS Data Archive for the Social Sciences
10.4232/1.12389,Landtagswahlen - Integrierter Datensatz 1964-2004,"FORSA, Berlin; Adrian, Wolfgang; Klingemann, Hans-Dieter; Kaase, Max; Scheuch, Erwin K.; Wildenmann, Rudolf; INFRATEST, München; Baumert, Gerhard; Berger, Manfred",GESIS Data Archive
10.4232/1.13484,German General Social Survey (ALLBUScompact) - Cumulation 1980-2018,"Allerbeck, Klaus; Allerbeck, Klaus; Allmendinger, Jutta; Allmendinger, Jutta; Andreß, Hans-Jürgen; Andreß, Hans-Jürgen; Bauernschuster, Stefan; Bauernschuster, Stefan; Bürklin, Wilhelm; Bürklin, Wilhelm; Diekmann, Andreas; Diekmann, Andreas; Feger, Hubert; Feger, Hubert; Fetchenhauer, Detlef; Fetchenhauer, Detlef; Hadjar, Andreas; Hadjar, Andreas; Huinink, Johannes; Huinink, Johannes; Kiefer, Marie Luise; Kiefer, Marie Luise; Kreuter, Frauke; Kreuter, Frauke; Kühnel, Steffen; Kühnel, Steffen; Kurz, Karin; Kurz, Karin; Lepsius, M. Rainer; Lepsius, M. Rainer; Liebig, Stefan; Liebig, Stefan; Mayer, Karl Ulrich; Mayer, Karl Ulrich; Meulemann, Heiner; Meulemann, Heiner; Müller, Walter; Müller, Walter; Opp, Karl Dieter; Opp, Karl Dieter; Pappi, Franz Urban; Pappi, Franz Urban; Rosar, Ulrich; Rosar, Ulrich; Scheuch, Erwin K.; Scheuch, Erwin K.; Schmitt-Beck, Rüdiger; Schmitt-Beck, Rüdiger; Solga, Heike; Solga, Heike; Trappe, Heike; Trappe, Heike; Wagner, Michael; Wagner, Michael; Wagner, Ulrich; Wagner, Ulrich; Westle, Bettina; Westle, Bettina; Ziegler, Rolf; Ziegler, Rolf",GESIS Data Archive
10.5281/zenodo.6039372,GeNeG: German News Knowledge Graph,Andreea Iana; Alexander Grote; Kaharina Ludwig; Mehwish Alam; Philipp Müller; Christof Weinhardt; Harald Sack; Heiko Paulheim,Zenodo
10.5281/zenodo.14960451,Measuring Rural and Urban Consciousness in Europe - Replication Materials,"Claassen, Christopher; Göbel, Sascha; Ackermann, Kathrin; Lang, Antonia; Bankov, Petar; Brookes, Kevin; Cappellina, Bartolomeo; Freitag, Markus; García Del Horno, Rubén; Hernández, Enríque; Rico, Guillem; Rossteutscher, Sigrid; Traunmueller, Richard; Webb, Michael; Zmerli, Sonja; Zumbrunn, Alina",Zenodo
10.4232/1.12123,"German Internet Panel, Welle 12 (Juli 2014)","Blom, Annelies G.; Bossert, Dayana; Gebhard, Franziska; Holthausen, Annette; Krieger, Ulrich; SFB 884 ´Political Economy Of Reforms´",
10.4232/1.4289,Das Image der Stadt Mannheim aus der Sicht ihrer Einwohner 2001,"Otte, Gunnar; Otte, Gunnar",GESIS Data Archive
10.23663/x2583,Needs as Reference Points,"Weiß, Arne Robert; Bauer, Alexander Max; Siebel, Mark; Romann, Jan",x-hub
10.21410/7e4/wtmbtg,Expérimentations concernant le design des questions dans différents pays (ELIPSS 2014),"Silber, Henning; Krosnick, Jon A.; Stark, Tobias H.; Blom, Annelies; Sciences Po, Centre de données socio-politiques (CDSP), CNRS",data.sciencespo
10.17632/sbzgcrcdcr,Constrained by Law: The Impact of Fiduciary Duties on Portfolios and Prices in US Equity Markets,"Cassella, Stefano; Rizzo, Emanuele; Spalt, Oliver; Zimmerer, Leah",
10.4232/1.11942,TV-Duell-Analyse Befragung (GLES 2013),"Rattinger, Hans; Roßteutscher, Sigrid; Schmitt-Beck, Rüdiger; Weßels, Bernhard; Wolf, Christof; Faas, Thorsten; Maier, Jürgen; Maier, Michaela",
10.7910/dvn/qxwx4q,Evolutionary Simulations (No Analysis),"Lehrer, Roni; Schumacher, Gijs J.S.; Challenges to Democratic Representation (AISSR, FMG); AISSR Other Research (FMG)",Harvard Dataverse
10.6084/m9.figshare.c.7564007,Analyzing dropout intentions in vocational education and training: exploring the nexus between different dimensions of dropout reasons and the different directions of dropout intention,"Braunstein, Anke; Krötz, Maximilian; Deutscher, Viola; Seifried, Jürgen",
10.4232/1.13155,"German Internet Panel, Welle 33 (Januar 2018)","Blom, Annelies G.; Blom, Annelies G.; Felderer, Barbara; Felderer, Barbara; Höhne, Jan Karem; Höhne, Jan Karem; Krieger, Ulrich; Krieger, Ulrich; Rettig, Tobias; Rettig, Tobias; SFB 884 ´Political Economy of Reforms´, Universität Mannheim; SFB 884 ´Political Economy of Reforms´, Universität Mannheim",GESIS Data Archive for the Social Sciences
10.6084/m9.figshare.c.6239839.v1,Compared to what? Effects of social and temporal comparison standards of feedback in an e-learning context,"Janson, Marc P.; Siebert, Jan; Dickhäuser, Oliver",
10.4232/1.12841,"German Internet Panel, Welle 21 (Januar 2016)","Blom, Annelies G.; Blom, Annelies G.; Bruch, Christian; Bruch, Christian; Felderer, Barbara; Felderer, Barbara; Gebhard, Franziska; Gebhard, Franziska; Herzing, Jessica; Herzing, Jessica; Krieger, Ulrich; Krieger, Ulrich; SFB 884 ´Political Economy of Reforms´, Universität Mannheim; SFB 884 ´Political Economy of Reforms´, Universität Mannheim",GESIS Data Archive for the Social Sciences
10.4232/1.13042,CUPESSE: Cultural Pathways to Economic Self-Sufficiency and Entrepreneurship,"Tosun, Jale; Tosun, Jale; Hörisch, Felix; Hörisch, Felix; Schuck, Bettina; Schuck, Bettina; Shore, Jennifer; Shore, Jennifer; Woywode, Michael; Woywode, Michael; Strohmeyer, Robert; Strohmeyer, Robert; Kittel, Bernhard; Kittel, Bernhard; Steiber, Nadia; Steiber, Nadia; Warmuth, Julia; Warmuth, Julia; Mühlböck, Monika; Mühlböck, Monika; Lukes, Martin; Lukes, Martin; Lorenc, Miroslav; Lorenc, Miroslav; Lorencová, Hana; Lorencová, Hana; Pauknerová, Daniela; Pauknerová, Daniela; Nový, Ivan; Nový, Ivan; Jensen, Carsten; Jensen, Carsten; Arndt, Christoph; Arndt, Christoph; Littvay, Levente; Littvay, Levente; Vegetti, Federico; Vegetti, Federico; Sata, Robert; Sata, Robert; Balea, Elena C.; Balea, Elena C.; Caserta, Maurizio; Caserta, Maurizio; Boindo, Alessio E.; Boindo, Alessio E.; Reito, Francesco; Reito, Francesco; Monteleone, Simona; Monteleone, Simona; Arco, José L.; Arco, José L.; Fernandez, Francisco; Fernandez, Francisco; Hughes, Stephen; Hughes, Stephen; Carrillo, Francisco J.; Carrillo, Francisco J.; Vancea, Mihaela; Vancea, Mihaela; Jordana, Jacint; Jordana, Jacint; Freitag, Markus; Freitag, Markus; Rapp, Carolin; Rapp, Carolin; Cemalcilar, Zeynep; Cemalcilar, Zeynep; Sümer, Nebi; Sümer, Nebi; Kamiloglu, Roza; Kamiloglu, Roza; Coskan, Canan; Coskan, Canan; Maloney, William; Maloney, William; Rainsford, Emily; Rainsford, Emily; Tsakloglou, Panos; Tsakloglou, Panos; Pierrakakis, Kyriakos; Pierrakakis, Kyriakos; Christoforou, Asimina; Christoforou, Asimina; Makantasi, Fay; Makantasi, Fay",GESIS Data Archive
10.7802/1318,Eurosceptic Cues and Citizen Attitudes,"Zapryanova, Galina; Zapryanova, Galina",GESIS Data Archive
10.18419/darus-5047,"RobustSpring: Benchmarking Robustness to Image Corruptions for Optical Flow, Scene Flow and Stereo","Schmalfuss, Jenny; Oei, Victor; Mehl, Lukas; Bartsch, Madlen; Agnihotri, Shashank; Keuper, Margret; Bruhn, Andres",DaRUS
10.4232/1.13246,Willingness to Participate in Passive Mobile Data Collection,"Keusch, Florian; Keusch, Florian",GESIS Data Archive
10.5281/zenodo.1320169,Kglove Dbpedia Page Rank Split Frequency Embeddings,"Cochez, Michael; Ristoski, Petar; Ponzetto, Simone Paulo; Paulheim, Heiko",Zenodo
10.4232/1.12976,"German Internet Panel, Wave 29 (May 2017)","Blom, Annelies G.; Blom, Annelies G.; Felderer, Barbara; Felderer, Barbara; Gebhard, Franziska; Gebhard, Franziska; Herzing, Jessica; Herzing, Jessica; Krieger, Ulrich; Krieger, Ulrich; SFB 884 ´Political Economy of Reforms´, Universität Mannheim; SFB 884 ´Political Economy of Reforms´, Universität Mannheim",GESIS Data Archive for the Social Sciences
10.5157/cils4neps:suf:1.0,Scientific Use File of a harmonised dataset based on CILS4EU and NEPS SC4,"Dollmann, Jörg; Horr, Andreas; Arnold, Lena; Kerzner, Victoria; Schmidt, Regine; Weber, Florian; Weißmann, Markus",Leibniz Institute for Educational Trajectories
10.4232/1.13945,"German Internet Panel, Welle 56 (November 2021)","Blom, Annelies G.; Blom, Annelies G.; Gonzalez Ocanto, Marisabel; Gonzalez Ocanto, Marisabel; Krieger, Ulrich; Krieger, Ulrich; Rettig, Tobias; Rettig, Tobias; Ungefucht, Marina; Ungefucht, Marina; SFB 884 ´Political Economy of Reforms´, Universität Mannheim; SFB 884 ´Political Economy of Reforms´, Universität Mannheim",GESIS Data Archive for the Social Sciences
10.4232/1.13291,German General Social Survey (ALLBUS) - Cumulation 1980-2016,Klaus Allerbeck; Klaus Allerbeck; Jutta Allmendinger; Jutta Allmendinger; Hans-Jürgen Andreß; Hans-Jürgen Andreß; Stefan Bauernschuster; Stefan Bauernschuster; Wilhelm Bürklin; Wilhelm Bürklin; Andreas Diekmann; Andreas Diekmann; Hubert Feger; Hubert Feger; Detlef Fetchenhauer; Detlef Fetchenhauer; Andreas Hadjar; Andreas Hadjar; Johannes Huinink; Johannes Huinink; Marie Luise Kiefer; Marie Luise Kiefer; Frauke Kreuter; Frauke Kreuter; Steffen Kühnel; Steffen Kühnel; Karin Kurz; Karin Kurz; M. Rainer Lepsius; M. Rainer Lepsius; Stefan Liebig; Stefan Liebig; Karl Ulrich Mayer; Karl Ulrich Mayer; Heiner Meulemann; Heiner Meulemann; Walter Müller; Walter Müller; Karl Dieter Opp; Karl Dieter Opp; Franz Urban Pappi; Franz Urban Pappi; Ulrich Rosar; Ulrich Rosar; Erwin K. Scheuch; Erwin K. Scheuch; Rüdiger Schmitt-Beck; Rüdiger Schmitt-Beck; Heike Solga; Heike Solga; Heike Trappe; Heike Trappe; Michael Wagner; Michael Wagner; Ulrich Wagner; Ulrich Wagner; Bettina Westle; Bettina Westle; Rolf Ziegler; Rolf Ziegler,GESIS Data Archive
10.4232/1.12163,Wahlkampf-Panel 2013 (GLES),"Rattinger, Hans; Roßteutscher, Sigrid; Schmitt-Beck, Rüdiger; Weßels, Bernhard; Wolf, Christof; Plischke, Thomas; Wiegand, Elena",
10.7804/cses.module2.2015-12-15,CSES Module 2 Full Release,"Ilirjani, Altin; Ilirjani, Altin; Bean, Clive; Bean, Clive; Gibson, Rachel K.; Gibson, Rachel K.; McAllister, Ian; McAllister, Ian; Billiet, Jaak; Billiet, Jaak; De Winter, Lieven; De Winter, Lieven; Frognier, Andre-Paul; Frognier, Andre-Paul; Swyngedouw, Marc; Swyngedouw, Marc; de Almeida, Alberto C.; de Almeida, Alberto C.; Meneguello, Rachel; Meneguello, Rachel; Popova, Radosveta; Popova, Radosveta; Blais, André; Blais, André; Everitt, Joanna; Everitt, Joanna; Fournier, Patrick; Fournier, Patrick; Nevitte, Neil; Nevitte, Neil; Gidengil, Elisabeth; Gidengil, Elisabeth; Lagos, Marta; Lagos, Marta; Linek, Lukas; Linek, Lukas; Mansfeldova, Zdenka; Mansfeldova, Zdenka; Seidlova, Adela; Seidlova, Adela; Andersen, Jørgen G.; Andersen, Jørgen G.; Rathlev, Jakob; Rathlev, Jakob; Paloheimo, Heikki; Paloheimo, Heikki; Pehkonen, Juhani; Pehkonen, Juhani; Gschwend, Thomas; Gschwend, Thomas; Schmitt, Hermann; Schmitt, Hermann; Schmitt, Hermann; Schmitt, Hermann; Weßels, Bernhard; Weßels, Bernhard; Rattinger, Hans; Rattinger, Hans; Gabriel, Oscar; Gabriel, Oscar; Curtice, John; Curtice, John; Fisher, Steve; Fisher, Steve; Thomson, Katarina; Thomson, Katarina; Pang-kwong, Li; Pang-kwong, Li; Tóka, Gábor; Tóka, Gábor; Hardarson, Ólafur T.; Hardarson, Ólafur T.; Marsh, Michael; Marsh, Michael; Arian, Asher; Arian, Asher; Shamir, Michal; Shamir, Michal; Schadee, Hans; Schadee, Hans; Segatti, Paolo; Segatti, Paolo; Hirano, Hiroshi; Hirano, Hiroshi; Ikeda, Ken´ichi; Ikeda, Ken´ichi; Kobayashi, Yoshiaki; Kobayashi, Yoshiaki; Kim, Hyung J.; Kim, Hyung J.; Kim, Wook; Kim, Wook; Lee, Nam Y.; Lee, Nam Y.; Isaev, Kusein; Isaev, Kusein; Beltrán Ugarte, Ulises; Beltrán Ugarte, Ulises; Nacif, Benito; Nacif, Benito; Ocampo Alcantar, Rolando; Ocampo Alcantar, Rolando; Pérez, Olivia; Pérez, Olivia; Irwin, Galen A.; Irwin, Galen A.; van Holsteyn, Joop J.M.; van Holsteyn, Joop J.M.; Vowles, Jack; Vowles, Jack; Aardal, Bernt; Aardal, Bernt; Valen, Henry; Valen, Henry; Romero, Catalina; Romero, Catalina; Sulmont, David; Sulmont, David; Guerrero, Linda Luz B.; Guerrero, Linda Luz B.; Licudine, Vladymir J.; Licudine, Vladymir J.; Sandoval, Gerardo; Sandoval, Gerardo; Jasiewicz, Krzysztof; Jasiewicz, Krzysztof; Markowski, Radoslaw; Markowski, Radoslaw; Barreto, Antonio; Barreto, Antonio; Freire, Andre; Freire, Andre; Costa Lobo, Marina; Costa Lobo, Marina; Magalhães, Pedro; Magalhães, Pedro; Barreto, António; Barreto, António; Freire, André; Freire, André; Lobo, Marina C.; Lobo, Marina C.; Magalhães, Pedro; Magalhães, Pedro; Badescu, Gabriel; Badescu, Gabriel; Gheorghita, Andrei; Gheorghita, Andrei; Sum, Paul; Sum, Paul; Colton, Timothy; Colton, Timothy; Hale, Henry; Hale, Henry; Kozyreva, Polina; Kozyreva, Polina; McFaul, Michael; McFaul, Michael; Stebe, Janez; Stebe, Janez; Tos, Niko; Tos, Niko; Díez Nicolás, Juan; Díez Nicolás, Juan; Holmberg, Sören; Holmberg, Sören; Oscarsson, Henrik; Oscarsson, Henrik; Selb, Peter; Selb, Peter; Huang, Chi; Huang, Chi; Huang, Chi; Huang, Chi; Hawang, Shiow-Duan; Hawang, Shiow-Duan; American National Election Studies (ANES); American National Election Studies (ANES); Center for Political Studies, Institute for Social Research, University of Michigan, United States; Center for Political Studies, Institute for Social Research, University of Michigan, United States; Burns, Nancy; Burns, Nancy; Dalton, Russell; Dalton, Russell; Kinder, Donald R.; Kinder, Donald R.; Shively, W. Phillips; Shively, W. Phillips",GESIS Data Archive for the Social Sciences
10.4232/1.14695,German General Social Survey (ALLBUS) - Cumulation 1980-2023,Kathrin Ackermann; Kathrin Ackermann; Klaus Allerbeck; Klaus Allerbeck; Jutta Allmendinger; Jutta Allmendinger; Hans-Jürgen Andreß; Hans-Jürgen Andreß; Katrin Auspurg; Katrin Auspurg; Stefan Bauernschuster; Stefan Bauernschuster; Christoph Bühler; Christoph Bühler; Wilhelm Bürklin; Wilhelm Bürklin; Sarah Carol; Sarah Carol; Andreas Diekmann; Andreas Diekmann; Hubert Feger; Hubert Feger; Detlef Fetchenhauer; Detlef Fetchenhauer; Maria-Therese Friehs; Maria-Therese Friehs; Andreas Hadjar; Andreas Hadjar; Steffen Hillmert; Steffen Hillmert; Johannes Huinink; Johannes Huinink; Marie Luise Kiefer; Marie Luise Kiefer; Frauke Kreuter; Frauke Kreuter; Steffen Kühnel; Steffen Kühnel; Karin Kurz; Karin Kurz; M. Rainer Lepsius; M. Rainer Lepsius; Stefan Liebig; Stefan Liebig; Karl Ulrich Mayer; Karl Ulrich Mayer; Heiner Meulemann; Heiner Meulemann; Walter Müller; Walter Müller; Karl Dieter Opp; Karl Dieter Opp; Franz Urban Pappi; Franz Urban Pappi; Ulrich Rosar; Ulrich Rosar; Erwin K. Scheuch; Erwin K. Scheuch; Rüdiger Schmitt-Beck; Rüdiger Schmitt-Beck; Heike Solga; Heike Solga; Markus Tausendpfund; Markus Tausendpfund; Heike Trappe; Heike Trappe; Michael Wagner; Michael Wagner; Ulrich Wagner; Ulrich Wagner; Bettina Westle; Bettina Westle; Rolf Ziegler; Rolf Ziegler,GESIS
10.5164/iab.iab-smart.de.en.v1,IAB-SMART Mobility,"Filser, Andreas; Zimmermann, Florian; Bähr, Sebastian; Haas, Georg-Christoph; Keusch, Florian; Kreuter, Frauke; Malich, Sonja; Trappmann, Mark",Forschungsdatenzentrum der Bundesagentur für Arbeit (BA) im Institut für Arbeitsmarkt- und Berufsforschung (IAB)
10.5061/dryad.j3tx95x8x,Stratified Reward Structures and Competition in Markets for Creative Production,"Balietti, Stefano; Riedl, Christoph",Dryad
10.4232/1.13833,"German Internet Panel, Welle 51 (Januar 2021)","Blom, Annelies G.; Blom, Annelies G.; Gonzalez Ocanto, Marisabel; Gonzalez Ocanto, Marisabel; Fikel, Marina; Fikel, Marina; Krieger, Ulrich; Krieger, Ulrich; Rettig, Tobias; Rettig, Tobias; SFB 884 ´Political Economy of Reforms´, Universität Mannheim; SFB 884 ´Political Economy of Reforms´, Universität Mannheim",GESIS Data Archive for the Social Sciences
10.4232/1.12612,"German Internet Panel, Wave 6 (July 2013)","Blom, Annelies G.; Blom, Annelies G.; Bossert, Dayana; Bossert, Dayana; Gebhard, Franziska; Gebhard, Franziska; Funke, Frederik; Funke, Frederik; Holthausen, Annette; Holthausen, Annette; Krieger, Ulrich; Krieger, Ulrich; SFB 884 \\""Political Economy of Reforms\\"" Universität Mannheim; SFB 884 \\""Political Economy of Reforms\\"" Universität Mannheim",GESIS Data Archive for the Social Sciences
10.3886/e127481v1,Web Data Commons Training and Test Sets for Large-Scale Product Matching - Version 2.0,"Peeters, Ralph; Primpeli, Anna; Bizer, Christian",
10.4232/1.10996,Rolling Cross-Section-Wahlkampfstudie mit Nachwahl-Panelwelle (GLES 2009),"Rattinger, Hans; Weßels, Bernhard; Schmitt-Beck, Rüdiger; Roßteutscher, Sigrid",
10.4232/1.11460,Post-Election Study on the Federal Parliament Election 1994,"ZUMA, Mannheim; ZUMA, Mannheim; Berger, Manfred; Berger, Manfred; Jung, Matthias; Jung, Matthias; Roth, Dieter; Roth, Dieter; Gibowski, Wolfgang G.; Gibowski, Wolfgang G.; Kaase, Max; Kaase, Max; Klingemann, Hans-Dieter; Klingemann, Hans-Dieter; Küchler, Manfred; Küchler, Manfred; Pappi, Franz U.; Pappi, Franz U.; Semetko, Holli A.; Semetko, Holli A.",GESIS Data Archive for the Social Sciences
10.5281/zenodo.10144094,UB-Mannheim/reichsanzeiger-gt: 1.0.0,"Schmidt, Thomas; Kamlah, Jan; Weil, Stefan; Shigapov, Renat",Zenodo
10.5281/zenodo.1320211,Rdf2Vec Dbpedia Predicate Object Frequency Embeddings,"Cochez, Michael; Ristoski, Petar; Ponzetto, Simone Paulo; Paulheim, Heiko",Zenodo
10.5281/zenodo.15223261,Knowledge Graph Functions in NFDI,"Shigapov, Renat; Schubotz, Moritz; Fliegl, Heike; Norouzi, Ebrahim; Fortmann-Grote, Carsten; Becker, Markus; Rossenova, Lozana; Tietz, Tabea; Posthumus, Etienne; Zapilko, Benjamin; Dietze, Stefan; Degbelo, Auriol; Grieb, Jonas; Rebecca Ondraszek, Sarah; Voss, Jakob; Thiery, Florian; W. Mees, Allard; Goedicke, Michael; Kaplan, Angelika; Limani, Fidan; Gesese, Genet-Asefa; Schimmler, Sonja; Auer, Sören; Ackermann, Marcel R.; Simons, Olaf; Elhossary, Muhammad",Zenodo
10.5281/zenodo.2017355,RDF2Vec DBpedia uniform embeddings in HDF5 file format,"Cochez, Michael; Ristoski, Petar; Ponzetto, Simone Paulo; Paulheim, Heiko",Zenodo
10.5281/zenodo.1320165,Kglove Dbpedia Object Frequency Embeddings,"Cochez, Michael; Ristoski, Petar; Ponzetto, Simone Paulo; Paulheim, Heiko",Zenodo
10.5281/zenodo.1320154,Kglove Dbpedia Predicate Object Frequency Embeddings,"Cochez, Michael; Ristoski, Petar; Ponzetto, Simone Paulo; Paulheim, Heiko",Zenodo
10.7910/dvn/fdsxmr,Replication Data for: Context-Driven Attitude Formation: The Difference Between Supporting Free Trade in the Abstract and Supporting Specific Trade Agreements,"Jungherr, Andreas; Mader, Matthias; Schoen, Harald; Wuttke, Alexander",Harvard Dataverse
10.6084/m9.figshare.c.8178467,Quantifying age-related disparities in outpatient psychotherapy utilization: a representation quotient analysis of routine data from 29 university clinics in Germany,"Wrede, Nicolas; Itz, Marlena L.; Risch, Anne Katrin; Christiansen, Hanna; In-Albon, Tina; Hoyer, Jürgen; Lincoln, Tania M.; Lutz, Wolfgang; Margraf, Jürgen; Rubel, Julian; Stark, Rudolf; Velten, Julia; Werheid, Katja; Willutzki, Ulrike; Alpers, Georg W.; Bartholdy, Stephan; Berger, Elisa-Maria; Brakemeier, Eva-Lotta; Equit, Monika; Fehm, Lydia; Forkmann, Thomas; Fritz, Jessica; Glombiewski, Julia; Heider, Jens; Helbig-Lang, Sylvia; Hermann, Andrea; Hermann, Christiane; Kirsch, Anke; Klucken, Tim; Lueken, Ulrike; Odyniec, Patrizia; Pedersen, Anya; Pittig, Andre; Renneberg, Babette; Riesel, Anja; Rudolph, Almut; Schwartz, Brian; Teismann, Tobias; Vehlen, Antonia; Witthöft, Michael; Woud, Marcella L.; Wilz, Gabriele",
10.4232/1.11937,Wahlkampf-Panel 2013 - Kontrollquerschnitt III (zu Welle 7) (GLES),"Rattinger, Hans; Roßteutscher, Sigrid; Schmitt-Beck, Rüdiger; Weßels, Bernhard; Wolf, Christof",
10.5683/sp3/pkcdux,Replication Data and Code for: Spite in Litigation,"Mill, Wladislaw; Stäbler, Jonathan",Borealis
10.4232/1.11691,German General Social Survey - ALLBUScompact 2008,"Andreß, Hans-Jürgen; Andreß, Hans-Jürgen; Diekmann, Andreas; Diekmann, Andreas; Feger, Hubert; Feger, Hubert; Liebig, Stefan; Liebig, Stefan; Meulemann, Heiner; Meulemann, Heiner; Schmitt-Beck, Rüdiger; Schmitt-Beck, Rüdiger; Trappe, Heike; Trappe, Heike",GESIS Data Archive
10.4232/1.10107,German General Social Survey - ALLBUScompact 2000 - CAPI-PAPI,"Allmendinger, Jutta; Allmendinger, Jutta; Andreß, Hans-Jürgen; Andreß, Hans-Jürgen; Bürklin, Wilhelm; Bürklin, Wilhelm; Diekmann, Andreas; Diekmann, Andreas; Feger, Hubert; Feger, Hubert; Huinink, Johannes; Huinink, Johannes; Meulemann, Heiner; Meulemann, Heiner; Müller, Walter; Müller, Walter; Opp, Karl-Dieter; Opp, Karl-Dieter; Scheuch, Erwin K.; Scheuch, Erwin K.; Solga, Heike; Solga, Heike",GESIS Data Archive for the Social Sciences
10.4232/1.12840,"German Internet Panel, Welle 20 (November 2015)","Blom, Annelies G.; Blom, Annelies G.; Bruch, Christian; Bruch, Christian; Felderer, Barbara; Felderer, Barbara; Gebhard, Franziska; Gebhard, Franziska; Herzing, Jessica; Herzing, Jessica; Krieger, Ulrich; Krieger, Ulrich; SFB 884 ´Political Economy of Reforms´, Universität Mannheim; SFB 884 ´Political Economy of Reforms´, Universität Mannheim",GESIS Data Archive for the Social Sciences
10.11588/data/edvzxm,Water Consumption in Germany [Dataset],"Tosun, Jale; Debus, Marc; Schaub, Simon; Klein, Sina; Scherer, Ulrike; Goeschl, Timo; Horn, Harald",heiDATA
10.4232/1.10379,Langfrist-Panel 2002-2005-2009 (GLES 2009),"Rattinger, Hans; Roßteutscher, Sigrid; Schmitt-Beck, Rüdiger; Weßels, Bernhard; Gabriel, Oscar W.; Falter, Jürgen",
10.5281/zenodo.7776093,The patccat classifier for patent claims - EPO edition,"Ganglmair, Bernhard; Robinson, W. Keith; Seeligson, Michael",Zenodo
10.25384/sage.c.5072591.v1,How long do respondents think online surveys should be? New evidence from two online panels in Germany,"Revilla, Melanie; Höhne, Jan Karem",
10.4232/1.14704,Allgemeine Bevölkerungsumfrage der Sozialwissenschaften (ALLBUS) - Kumulation 1980-2023,"Ackermann. Kathrin; Ackermann. Kathrin; Allerbeck, Klaus; Allerbeck, Klaus; Allmendinger, Jutta; Allmendinger, Jutta; Andreß, Hans-Jürgen; Andreß, Hans-Jürgen; Auspurg, Katrin; Auspurg, Katrin; Bauernschuster, Stefan; Bauernschuster, Stefan; Bühler, Christoph; Bühler, Christoph; Bürklin, Wilhelm; Bürklin, Wilhelm; Carol, Sarah; Carol, Sarah; Diekmann, Andreas; Diekmann, Andreas; Feger, Hubert; Feger, Hubert; Fetchenhauer, Detlef; Fetchenhauer, Detlef; Friehs, Maria-Therese; Friehs, Maria-Therese; Hadjar, Andreas; Hadjar, Andreas; Hillmert, Steffen; Hillmert, Steffen; Huinink, Johannes; Huinink, Johannes; Kiefer, Marie Luise; Kiefer, Marie Luise; Kreuter, Frauke; Kreuter, Frauke; Kühnel, Steffen; Kühnel, Steffen; Kurz, Karin; Kurz, Karin; Lepsius, M. Rainer; Lepsius, M. Rainer; Liebig, Stefan; Liebig, Stefan; Mayer, Karl Ulrich; Mayer, Karl Ulrich; Meulemann, Heiner; Meulemann, Heiner; Müller, Walter; Müller, Walter; Opp, Karl Dieter; Opp, Karl Dieter; Pappi, Franz Urban; Pappi, Franz Urban; Rosar, Ulrich; Rosar, Ulrich; Scheuch, Erwin K.; Scheuch, Erwin K.; Schmitt-Beck, Rüdiger; Schmitt-Beck, Rüdiger; Solga, Heike; Solga, Heike; Tausendpfund, Markus; Tausendpfund, Markus; Trappe, Heike; Trappe, Heike; Wagner, Michael; Wagner, Michael; Wagner, Ulrich; Wagner, Ulrich; Westle, Bettina; Westle, Bettina; Ziegler, Rolf; Ziegler, Rolf",GESIS
10.5281/zenodo.18224097,Bio-KGvec2go: Serving up-to-date Dynamic Biomedical Knowledge Graph Embeddings,"Torres de Sousa, Rita Isabel",Zenodo
10.4232/1.12811,Rolling Cross-Section-Wahlkampfstudie mit Nachwahl-Panelwelle (GLES 2013),"Rattinger, Hans; Roßteutscher, Sigrid; Schmitt-Beck, Rüdiger; Weßels, Bernhard; Wolf, Christof; Partheymüller, Julia",
10.7802/2594,Code/Syntax: Gender inequality in leadership positions,"Bohr, Jeanette; Bohr, Jeanette; Granato, Nadia; Granato, Nadia",GESIS Data Archive
10.4232/1.12844,"German Internet Panel, Wave 24 (July 2016)","Blom, Annelies G.; Blom, Annelies G.; Bruch, Christian; Bruch, Christian; Felderer, Barbara; Felderer, Barbara; Gebhard, Franziska; Gebhard, Franziska; Herzing, Jessica; Herzing, Jessica; Krieger, Ulrich; Krieger, Ulrich; SFB 884 ´Political Economy of Reforms´, Universität Mannheim; SFB 884 ´Political Economy of Reforms´, Universität Mannheim",GESIS Data Archive for the Social Sciences
10.5281/zenodo.1320038,Rdf2Vec Dbpedia Page Rank Embeddings,"Cochez, Michael; Ristoski, Petar; Ponzetto, Simone Paulo; Paulheim, Heiko",Zenodo
10.4232/1.11488,German General Social Survey (ALLBUS) - Cumulation 1980-2010,"Allerbeck, Klaus; Allerbeck, Klaus; Allmendinger, Jutta; Allmendinger, Jutta; Andreß, Hans-Jürgen; Andreß, Hans-Jürgen; Bürklin, Wilhelm; Bürklin, Wilhelm; Diekmann, Andreas; Diekmann, Andreas; Feger, Hubert; Feger, Hubert; Fetchenhauer, Detlef; Fetchenhauer, Detlef; Huinink, Johannes; Huinink, Johannes; Kiefer, Marie Luise; Kiefer, Marie Luise; Kühnel, Steffen; Kühnel, Steffen; Lepsius, M. Rainer; Lepsius, M. Rainer; Liebig, Stefan; Liebig, Stefan; Mayer, Karl Ulrich; Mayer, Karl Ulrich; Meulemann, Heiner; Meulemann, Heiner; Müller, Walter; Müller, Walter; Opp, Karl Dieter; Opp, Karl Dieter; Pappi, Franz Urban; Pappi, Franz Urban; Scheuch, Erwin K.; Scheuch, Erwin K.; Schmitt-Beck, Rüdiger; Schmitt-Beck, Rüdiger; Solga, Heike; Solga, Heike; Trappe, Heike; Trappe, Heike; Wagner, Michael; Wagner, Michael; Ziegler, Rolf; Ziegler, Rolf",GESIS Data Archive
10.4232/1.1598,European Political Parties' Middle-Level Elites,"Niedermayer, Oskar; Niedermayer, Oskar; Schmitt, Hermann; Schmitt, Hermann",GESIS Data Archive
10.4232/1.4457,Euromanifestos Project (EMP) 1979 - 2004,"Schmitt, Hermann; Schmitt, Hermann; Wüst, Andreas M.; Wüst, Andreas M.",GESIS Data Archive
10.4232/cils4eu.5994.1.0.0,CILS4EU Campus Use File (Germany),"Kalter, Frank; Kogan, Irena; Dollmann, Jörg; Horr, Andreas; Jacob, Konstanze; Kruse, Hanno; Salikutluk, Zerrin",GESIS
10.5281/zenodo.7908392,NeMig - A Bilingual News Collection and Knowledge Graph about Migration,"Iana, Andreea; Alam, Mehwish; Grote, Alexander; Nikolajevic, Nevena; Ludwig, Katharina; Müller, Philipp; Weinhardt, Christof; Paulheim, Heiko",Zenodo
10.4232/1.12784,"German Internet Panel, Welle 26 (November 2016)","Blom, Annelies G.; Blom, Annelies G.; Bruch, Christian; Bruch, Christian; Felderer, Barbara; Felderer, Barbara; Gebhard, Franziska; Gebhard, Franziska; Herzing, Jessica; Herzing, Jessica; Krieger, Ulrich; Krieger, Ulrich; SFB 884 ´Political Economy of Reforms´, Universität Mannheim; SFB 884 ´Political Economy of Reforms´, Universität Mannheim",GESIS Data Archive for the Social Sciences
10.4232/1.12390,Long-term-Online-Tracking of State Election Saxony-Anhalt 2011 (GLES 2009),"Rattinger, Hans; Rattinger, Hans; Roßteutscher, Sigrid; Roßteutscher, Sigrid; Schmitt-Beck, Rüdiger; Schmitt-Beck, Rüdiger; Weßels, Bernhard; Weßels, Bernhard",GESIS Data Archive for the Social Sciences
10.5281/zenodo.5598009,Overview of preregistrations in the management and marketing fields,"Eriksson, Oliver",Zenodo
10.4232/1.5162,"European Parliament Election Study 2014, Euromanifesto Study","Schmitt, Hermann; Schmitt, Hermann; Braun, Daniela; Braun, Daniela; Popa, Sebastian A.; Popa, Sebastian A.; Mikhaylov, Slava; Mikhaylov, Slava; Dwinger, Felix; Dwinger, Felix",GESIS Data Archive
10.7910/dvn/eiinmp,"Replication Data for: Electoral Discrimination, Party Rationale, and the Underrepresentation of Immigrant-Origin Politicians","Auer, Daniel; Portmann, Lea; Tichelbäcker, Thomas",Harvard Dataverse
10.4232/1.11936,Wahlkampf-Panel 2013 - Kontrollquerschnitt II (zu Welle 5) (GLES),"Rattinger, Hans; Roßteutscher, Sigrid; Schmitt-Beck, Rüdiger; Weßels, Bernhard; Wolf, Christof",
10.7910/dvn/yahn5s,MEDW 2013-2014 Bavaria Panel Study,"Zittlau, Stefen; Gschwend, Thomas; Blais, André; Stephenson, Laura",Harvard Dataverse
10.5683/sp3/nznqbr,Replication Data and Code for: Not just a work permit: EU citizenship and the consumption behaviour of documented and undocumented immigrants,"Adamopoulou, Effrosyni; Kaya, Ezgi",Other Borealis Collections
10.4232/1.10363,Multi-Level-Panel (GLES 2009),"Rattinger, Hans; Rattinger, Hans; Roßteutscher, Sigrid; Roßteutscher, Sigrid; Schmitt-Beck, Rüdiger; Schmitt-Beck, Rüdiger; Weßels, Bernhard; Weßels, Bernhard",GESIS Data Archive for the Social Sciences
10.7910/dvn/k4tyvb,MEDW 2014 Lower Saxony European Election Study,"Zittlau, Stefen; Gschwend, Thomas; Stephenson, Laura; Blais, André",Harvard Dataverse
10.5683/sp3/r53bd7,Replication Data and Code for: Convenience Yield and Real Exchange Rate Dynamics: A Present-Value Interpretation,"Chou, Yu-Hsi; Yen, Chia-Yi",Other Borealis Collections
10.4232/pairfam.5678.3.1.0,Beziehungs- und Familienpanel (pairfam),"Brüderl, Josef; Drobnič, Sonja; Hank, Karsten; Neyer, Franz. J.; Walper, Sabine; Alt, Philipp; Borschel, Elisabeth; Bozoyan, Christiane; Garrett, Madison; Geissler, Svenja; Gonzalez Avilés, Tita; Gröpler, Nicolai; Hajek, Kristin; Herzig, Michel; Lenke, Rüdiger; Lorenz, Renate; Lutz, Katharina; Peter, Timo; Preetz, Richard; Reim, Julia; Sawatzki, Barbara; Schmiedeberg, Claudia; Schütze, Philipp; Schumann, Nina; Thönnissen, Carolin; Timmermann, Katharina; Wetzel, Martin",
10.4232/1.14564,"GLES Tracking Juni 2024, T58","Debus, Marc; Debus, Marc; Faas, Thorsten; Faas, Thorsten; Roßteutscher, Sigrid; Roßteutscher, Sigrid; Schoen, Harald; Schoen, Harald",GESIS Data Archive for the Social Sciences
10.5281/zenodo.10655812,"Code for ""On the ensemble Kalman inversion under inequality constraints""","Hanu, Matei",Zenodo
10.7802/2527,Replication code: Gummer et al. (2023): How to detect and influence looking up answers to political knowledge questions in web surveys.,"Gummer, Tobias; Gummer, Tobias; Kunz, Tanja; Kunz, Tanja; Rettig, Tobias; Rettig, Tobias; Höhne, Jan Karem; Höhne, Jan Karem",GESIS Data Archive
10.4232/1.14379,Conversations of Democracy - Vollversion,"Schmitt-Beck, Rüdiger; Schmitt-Beck, Rüdiger; Grill, Christiane; Grill, Christiane",GESIS Data Archive for the Social Sciences
10.4232/1.14323,"German Internet Panel, Welle 50 (November 2020)","Blom, Annelies G.; Blom, Annelies G.; Gonzalez Ocanto, Marisabel; Gonzalez Ocanto, Marisabel; Fikel, Marina; Fikel, Marina; Krieger, Ulrich; Krieger, Ulrich; Rettig, Tobias; Rettig, Tobias; SFB 884 ´Political Economy of Reforms´, Universität Mannheim; SFB 884 ´Political Economy of Reforms´, Universität Mannheim",GESIS Data Archive for the Social Sciences
10.5281/zenodo.1320001,Rdf2Vec Dbpedia Inverse Object Frequency Embeddings,"Cochez, Michael; Ristoski, Petar; Ponzetto, Simone Paulo; Paulheim, Heiko",Zenodo
10.23663/x2670,Self-serving behavior of the rich causes contagion effects among the poor,"Tonke, Sebastian; Rockenbach, Bettina; Weiss, Arne",x-hub
10.4232/1.13057,Pretest 2017 (GLES),"Roßteutscher, Sigrid; Roßteutscher, Sigrid; Schmitt-Beck, Rüdiger; Schmitt-Beck, Rüdiger; Schoen, Harald; Schoen, Harald; Weßels, Bernhard; Weßels, Bernhard; Wolf, Christof; Wolf, Christof",GESIS Data Archive
10.4232/1.10392,"Langfrist-Online-Tracking, T4 (GLES 2009)","Rattinger, Hans; Roßteutscher, Sigrid; Schmitt-Beck, Rüdiger; Weßels, Bernhard",
10.5683/sp3/yocdkb,Replication Data and Code for: Foreign market conditions and export performance: does ‘crowdedness’ reduce exports?,"Breinlich, Holger; Tucci, Alessandra",Other Borealis Collections
10.3886/e12300v2,Hellenic Panel Study: European Election Study 2014,"Andreadis, Ioannis; Schmitt, Hermann; Teperoglou, Eftichia; Chadjipadelis, Theodore",
10.4232/1.12776,Wahlkampf-Panel 2017 (GLES),"Roßteutscher, Sigrid; Schmitt-Beck, Rüdiger; Schoen, Harald; Weßels, Bernhard; Wolf, Christof; Preißinger, Maria; Rudnik, Agatha; Wuttke, Alexander",
10.4232/1.14205,"GLES Tracking August 2023, T55","Debus, Marc; Debus, Marc; Faas, Thorsten; Faas, Thorsten; Roßteutscher, Sigrid; Roßteutscher, Sigrid; Schoen, Harald; Schoen, Harald",GESIS
,"IntUne Elite Survey Wave 2, 2009","Cotta, Maurizio; Isernia, Pierangelo; Bellucci, Paolo; Quaglia, Lucia; Chelala, Pascal; Pochet, Philippe; Swyngedouw, Marc; De Winter, Lieven; Mansfeldova, Zdenka; Pedersen, Mogens N.; Radaelli, Claudio; Sanders, David; Thornborrow, Joanna Sarah; Nikolakopoulos, Helias; Mir, Miguel Jerez; Torcal, Mariano; Segatti, Paolo; Lewandowska-Tomaszcz, Barbara; Markowski, Radoslaw; Wesolowski, Wlodzimierz; Matonytė, Irmina; Malgalhaes, Pedro; Gaxie, Daniel; Howorth, Jolyon; Williams, Geoffrey; Szomolanyi, Sona; Ilonszki, Gabriella; Toka, Gabor; Best, Heinrich; Rattinger, Hans; Schmitt, Hermann Franz Johann; Westle, Bettina",Lithuanian Data Archive for SSH (LiDA)
,"IntUne Elite Survey Wave 1, January - July 2007","Cotta, Maurizio; Isernia, Pierangelo; Bellucci, Paolo; Quaglia, Lucia; Chelala, Pascal; Pochet, Philippe; Swyngedouw, Marc; De Winter, Lieven; Mansfeldova, Zdenka; Pedersen, Mogens N.; Radaelli, Claudio; Sanders, David; Thornborrow, Joanna Sarah; Nikolakopoulos, Helias; Mir, Miguel Jerez; Torcal, Mariano; Segatti, Paolo; Lewandowska-Tomaszcz, Barbara; Markowski, Radoslaw; Wesolowski, Wlodzimierz; Matonytė, Irmina; Malgalhaes, Pedro; Gaxie, Daniel; Howorth, Jolyon; Williams, Geoffrey; Szomolanyi, Sona; Ilonszki, Gabriella; Toka, Gabor; Best, Heinrich; Rattinger, Hans; Schmitt, Hermann Franz Johann; Westle, Bettina",Lithuanian Data Archive for SSH (LiDA)
10.4232/1.12038,Long-term-Online-Tracking of State Election Lower Saxony 2013 (GLES),"Rattinger, Hans; Rattinger, Hans; Roßteutscher, Sigrid; Roßteutscher, Sigrid; Schmitt-Beck, Rüdiger; Schmitt-Beck, Rüdiger; Weßels, Bernhard; Weßels, Bernhard; Wolf, Christof; Wolf, Christof",GESIS Data Archive for the Social Sciences
10.4232/1.13215,Rolling Cross-Section Campaign Survey with Post-election Panel Wave (GLES 2009),"Rattinger, Hans; Rattinger, Hans; Roßteutscher, Sigrid; Roßteutscher, Sigrid; Schmitt-Beck, Rüdiger; Schmitt-Beck, Rüdiger; Weßels, Bernhard; Weßels, Bernhard",GESIS Data Archive for the Social Sciences
10.4232/1.12198,Short-term Campaign Panel (GLES 2009),"Rattinger, Hans; Rattinger, Hans; Roßteutscher, Sigrid; Roßteutscher, Sigrid; Schmitt-Beck, Rüdiger; Schmitt-Beck, Rüdiger; Weßels, Bernhard; Weßels, Bernhard",GESIS Data Archive for the Social Sciences
10.4232/1.12414,"Election Study 1972 (Panel: Preliminary Investigations, September - October 1972, October - November 1972; Follow-Up Survey, December 1972)","Berger, Manfred; Berger, Manfred; Wildenmann, Rudolf; Wildenmann, Rudolf; Schleth, Uwe; Schleth, Uwe; Kaase, Max; Kaase, Max; Gibowski, Wolfgang G.; Gibowski, Wolfgang G.; Roth, Dieter; Roth, Dieter",GESIS Data Archive for the Social Sciences
10.4232/1.12675,"Long-term Online Tracking, T33 (GLES)","Roßteutscher, Sigrid; Roßteutscher, Sigrid; Schmitt-Beck, Rüdiger; Schmitt-Beck, Rüdiger; Schoen, Harald; Schoen, Harald; Weßels, Bernhard; Weßels, Bernhard; Wolf, Christof; Wolf, Christof",GESIS Data Archive for the Social Sciences
10.4232/1.10373,"TV Debate Analysis, Content Analyses Regional Newspapers (Statements Chancellor Candidates) (GLES 2009)","Rattinger, Hans; Rattinger, Hans; Roßteutscher, Sigrid; Roßteutscher, Sigrid; Schmitt-Beck, Rüdiger; Schmitt-Beck, Rüdiger; Weßels, Bernhard; Weßels, Bernhard",GESIS Data Archive for the Social Sciences
10.4232/1.10760,ALLBUS/GGSS 2010 (Allgemeine Bevölkerungsumfrage der Sozialwissenschaften/German General Social Survey 2010),"Diekmann, Andreas; Diekmann, Andreas; Fetchenhauer, Detlef; Fetchenhauer, Detlef; Kühnel, Steffen; Kühnel, Steffen; Liebig, Stefan; Liebig, Stefan; Schmitt-Beck, Rüdiger; Schmitt-Beck, Rüdiger; Trappe, Heike; Trappe, Heike; Wagner, Michael; Wagner, Michael",GESIS Data Archive for the Social Sciences
10.4232/1.11002,ALLBUS/GGSS 1980 (Allgemeine Bevölkerungsumfrage der Sozialwissenschaften/German General Social Survey 1980) - Methods Study,"Lepsius, M. Rainer; Lepsius, M. Rainer; Scheuch, Erwin K.; Scheuch, Erwin K.; Ziegler, Rolf; Ziegler, Rolf; ZUMA; ZUMA",GESIS Data Archive for the Social Sciences
10.4232/1.13936,"GLES Panel 2021, Wave 18","Roßteutscher, Sigrid; Roßteutscher, Sigrid; Debus, Marc; Debus, Marc; Faas, Thorsten; Faas, Thorsten; Schoen, Harald; Schoen, Harald",GESIS Data Archive for the Social Sciences
10.4232/1.3708,ALLBUScompact/GGSScompact 1984 (Allgemeine Bevölkerungsumfrage der Sozialwissenschaften/German General Social Survey 1984),"Müller, Walter; Müller, Walter; Pappi, Franz Urban; Pappi, Franz Urban; Scheuch, Erwin K.; Scheuch, Erwin K.; Ziegler, Rolf; Ziegler, Rolf; ZUMA, Mannheim; ZUMA, Mannheim",GESIS Data Archive for the Social Sciences
10.4232/1.12223,"Long-term Online Tracking, T10 (GLES 2009)","Rattinger, Hans; Rattinger, Hans; Roßteutscher, Sigrid; Roßteutscher, Sigrid; Schmitt-Beck, Rüdiger; Schmitt-Beck, Rüdiger; Weßels, Bernhard; Weßels, Bernhard",GESIS Data Archive for the Social Sciences
10.4232/1.12165,Short-term Campaign Panel 2013 – Control Group II (to Panel Wave 5) (GLES),"Rattinger, Hans; Rattinger, Hans; Roßteutscher, Sigrid; Roßteutscher, Sigrid; Schmitt-Beck, Rüdiger; Schmitt-Beck, Rüdiger; Weßels, Bernhard; Weßels, Bernhard; Wolf, Christof; Wolf, Christof",GESIS Data Archive for the Social Sciences
10.4232/1.12532,Longterm Online Tracking at State Election Saxony-Anhalt 2016 (GLES),"Roßteutscher, Sigrid; Roßteutscher, Sigrid; Schmitt-Beck, Rüdiger; Schmitt-Beck, Rüdiger; Schoen, Harald; Schoen, Harald; Weßels, Bernhard; Weßels, Bernhard; Wolf, Christof; Wolf, Christof",GESIS Data Archive for the Social Sciences
10.4232/1.14463,"GLES Panel 2021, Control Group I (to Panel Wave 17, Sample A)","Debus, Marc; Debus, Marc; Faas, Thorsten; Faas, Thorsten; Roßteutscher, Sigrid; Roßteutscher, Sigrid; Schoen, Harald; Schoen, Harald",GESIS Data Archive for the Social Sciences
10.4232/1.12624,"German Internet Panel, Wave 18 (July 2015)","Blom, Annelies G.; Blom, Annelies G.; Bossert, Dayana; Bossert, Dayana; Felderer, Barbara; Felderer, Barbara; Gebhard, Franziska; Gebhard, Franziska; Herzing, Jessica; Herzing, Jessica; Krieger, Ulrich; Krieger, Ulrich; SFB 884 ´Political Economy of Reforms´; SFB 884 ´Political Economy of Reforms´",GESIS Data Archive for the Social Sciences
10.4232/1.12279,"Long-term Online Tracking, T24 (GLES)","Rattinger, Hans; Rattinger, Hans; Roßteutscher, Sigrid; Roßteutscher, Sigrid; Schmitt-Beck, Rüdiger; Schmitt-Beck, Rüdiger; Weßels, Bernhard; Weßels, Bernhard; Wolf, Christof; Wolf, Christof",GESIS Data Archive for the Social Sciences
10.4232/1.11389,"Long-term Online Tracking, Cumulation 2009-2011 (GLES)","Rattinger, Hans; Rattinger, Hans; Roßteutscher, Sigrid; Roßteutscher, Sigrid; Schmitt-Beck, Rüdiger; Schmitt-Beck, Rüdiger; Weßels, Bernhard; Weßels, Bernhard",GESIS Data Archive for the Social Sciences
10.4232/1.11607,Election Study 1990 (Panel),"Forschungsgruppe Wahlen, Mannheim; Forschungsgruppe Wahlen, Mannheim; Kaase, Max; Kaase, Max; Klingemann, Hans-Dieter; Klingemann, Hans-Dieter; Küchler, Manfred; Küchler, Manfred; Pappi, Franz U.; Pappi, Franz U.; Semetko, Holli A.; Semetko, Holli A.",GESIS Data Archive for the Social Sciences
10.4232/1.12287,"TV Debate Analysis, Survey (GLES 2013)","Rattinger, Hans; Rattinger, Hans; Roßteutscher, Sigrid; Roßteutscher, Sigrid; Schmitt-Beck, Rüdiger; Schmitt-Beck, Rüdiger; Weßels, Bernhard; Weßels, Bernhard; Wolf, Christof; Wolf, Christof",GESIS Data Archive for the Social Sciences
10.4232/1.12043,"Candidate Campaign Survey 2013, Survey and Electoral/Structural Data (GLES)","Rattinger, Hans; Rattinger, Hans; Roßteutscher, Sigrid; Roßteutscher, Sigrid; Schmitt-Beck, Rüdiger; Schmitt-Beck, Rüdiger; Weßels, Bernhard; Weßels, Bernhard; Wolf, Christof; Wolf, Christof",GESIS Data Archive for the Social Sciences
10.4232/1.12343,Long-term-Online-Tracking of State Election North Rhine-Westphalia 2012 (GLES 2009),"Rattinger, Hans; Rattinger, Hans; Roßteutscher, Sigrid; Roßteutscher, Sigrid; Schmitt-Beck, Rüdiger; Schmitt-Beck, Rüdiger; Weßels, Bernhard; Weßels, Bernhard; Wolf, Christof; Wolf, Christof",GESIS Data Archive for the Social Sciences
10.4232/1.5163,European Parliament Elections – Euromanifesto Study (Documents),"Schmitt, Hermann; Schmitt, Hermann; Braun, Daniela; Braun, Daniela; Popa, Sebastian A.; Popa, Sebastian A.",GESIS Data Archive for the Social Sciences
10.4232/1.13214,Rolling Cross-Section Campaign Survey with Post-election Panel Wave (GLES 2013),"Rattinger, Hans; Rattinger, Hans; Roßteutscher, Sigrid; Roßteutscher, Sigrid; Schmitt-Beck, Rüdiger; Schmitt-Beck, Rüdiger; Weßels, Bernhard; Weßels, Bernhard; Wolf, Christof; Wolf, Christof",GESIS Data Archive for the Social Sciences
10.4232/1.13228,Pre-election Cross Section (GLES 2009),"Rattinger, Hans; Rattinger, Hans; Roßteutscher, Sigrid; Roßteutscher, Sigrid; Schmitt-Beck, Rüdiger; Schmitt-Beck, Rüdiger; Weßels, Bernhard; Weßels, Bernhard",GESIS Data Archive for the Social Sciences
10.4232/1.11889,ALLBUScompact/GGSScompact 1996 (Allgemeine Bevölkerungsumfrage der Sozialwissenschaften/German General Social Survey 1996),"Allerbeck, Klaus; Allerbeck, Klaus; Allmendinger, Jutta; Allmendinger, Jutta; Bürklin, Wilhelm; Bürklin, Wilhelm; Kiefer, Marie Luise; Kiefer, Marie Luise; Müller, Walter; Müller, Walter; Opp, Karl-Dieter; Opp, Karl-Dieter; Scheuch, Erwin K.; Scheuch, Erwin K.",GESIS Data Archive for the Social Sciences
10.4232/1.11350,Long-term Panel 2002-2005-2009 (GLES 2009),"Rattinger, Hans; Rattinger, Hans; Roßteutscher, Sigrid; Roßteutscher, Sigrid; Schmitt-Beck, Rüdiger; Schmitt-Beck, Rüdiger; Weßels, Bernhard; Weßels, Bernhard; Falter, Jürgen; Falter, Jürgen; Gabriel, Oscar W.; Gabriel, Oscar W.",GESIS Data Archive for the Social Sciences
10.4232/1.12227,"Long-term Online Tracking, T14 (GLES 2009)","Rattinger, Hans; Rattinger, Hans; Roßteutscher, Sigrid; Roßteutscher, Sigrid; Schmitt-Beck, Rüdiger; Schmitt-Beck, Rüdiger; Weßels, Bernhard; Weßels, Bernhard",GESIS Data Archive for the Social Sciences
10.4232/1.14299,German General Social Survey ALLBUScompact - Cumulation 1980-2021,"Allerbeck, Klaus; Allerbeck, Klaus; Allmendinger, Jutta; Allmendinger, Jutta; Andreß, Hans-Jürgen; Andreß, Hans-Jürgen; Auspurg, Katrin; Auspurg, Katrin; Bauernschuster, Stefan; Bauernschuster, Stefan; Bühler, Christoph; Bühler, Christoph; Bürklin, Wilhelm; Bürklin, Wilhelm; Diekmann, Andreas; Diekmann, Andreas; Feger, Hubert; Feger, Hubert; Fetchenhauer, Detlef; Fetchenhauer, Detlef; Hadjar, Andreas; Hadjar, Andreas; Steffen Hillmert; Steffen Hillmert; Huinink, Johannes; Huinink, Johannes; Kiefer, Marie Luise; Kiefer, Marie Luise; Kreuter, Frauke; Kreuter, Frauke; Kühnel, Steffen; Kühnel, Steffen; Kurz, Karin; Kurz, Karin; Lepsius, M. Rainer; Lepsius, M. Rainer; Liebig, Stefan; Liebig, Stefan; Mayer, Karl Ulrich; Mayer, Karl Ulrich; Meulemann, Heiner; Meulemann, Heiner; Müller, Walter; Müller, Walter; Opp, Karl Dieter; Opp, Karl Dieter; Pappi, Franz Urban; Pappi, Franz Urban; Rosar, Ulrich; Rosar, Ulrich; Scheuch, Erwin K.; Scheuch, Erwin K.; Schmitt-Beck, Rüdiger; Schmitt-Beck, Rüdiger; Solga, Heike; Solga, Heike; Trappe, Heike; Trappe, Heike; Wagner, Michael; Wagner, Michael; Wagner, Ulrich; Wagner, Ulrich; Westle, Bettina; Westle, Bettina; Ziegler, Rolf; Ziegler, Rolf",GESIS Data Archive for the Social Sciences
10.4232/1.11702,Immigrant children and youths in the German and Israeli educational systems (second transition),"Adler, Irit; Adler, Irit; Bolotin-Chachashvili, Svetlana; Bolotin-Chachashvili, Svetlana; Hämmerling, Aline; Hämmerling, Aline; Jacob, Konstanze; Jacob, Konstanze; Jahn, Judith; Jahn, Judith; Kalter, Frank; Kalter, Frank; Kogan, Irena; Kogan, Irena; Kristen, Cornelia; Kristen, Cornelia; Levin-Epstein, Noah; Levin-Epstein, Noah; Roth, Tobias; Roth, Tobias; Salikutluk, Zerrin; Salikutluk, Zerrin; Shavit, Yossi; Shavit, Yossi; Steinmetz, Stephanie; Steinmetz, Stephanie",GESIS Data Archive for the Social Sciences
10.4232/1.13948,Rolling Cross-Section Campaign Survey with Post-election Panel Wave (GLES 2017),"Roßteutscher, Sigrid; Roßteutscher, Sigrid; Schmitt-Beck, Rüdiger; Schmitt-Beck, Rüdiger; Schoen, Harald; Schoen, Harald; Weßels, Bernhard; Weßels, Bernhard; Wolf, Christof; Wolf, Christof",GESIS Data Archive for the Social Sciences
10.4232/1.13009,Longterm-Online-Tracking T38 (GLES),"Roßteutscher, Sigrid; Roßteutscher, Sigrid; Schmitt-Beck, Rüdiger; Schmitt-Beck, Rüdiger; Schoen, Harald; Schoen, Harald; Weßels, Bernhard; Weßels, Bernhard; Wolf, Christof; Wolf, Christof",GESIS Data Archive for the Social Sciences
10.4232/1.14707,German General Social Survey Personas – GGSS Personas Add-On data,"Rupprecht, Jens; Rupprecht, Jens; Fröhling, Leon; Fröhling, Leon; Wagner, Claudia; Wagner, Claudia; Strohmaier, Markus; Strohmaier, Markus",GESIS Data Archive for the Social Sciences
10.4232/1.12540,"Long-term Online Tracking, T30 (GLES)","Roßteutscher, Sigrid; Roßteutscher, Sigrid; Schmitt-Beck, Rüdiger; Schmitt-Beck, Rüdiger; Schoen, Harald; Schoen, Harald; Weßels, Bernhard; Weßels, Bernhard; Wolf, Christof; Wolf, Christof",GESIS Data Archive for the Social Sciences
10.4232/1.11457,Politics in the Federal Republic (August 1969),"Kaase, Max; Kaase, Max; Schleth, Uwe; Schleth, Uwe; Wildenmann, Rudolf; Wildenmann, Rudolf",GESIS Data Archive for the Social Sciences
10.4232/1.12623,"German Internet Panel, Wave 17 (May 2015)","Blom, Annelies G.; Blom, Annelies G.; Bossert, Dayana; Bossert, Dayana; Felderer, Barbara; Felderer, Barbara; Gebhard, Franziska; Gebhard, Franziska; Herzing, Jessica; Herzing, Jessica; Krieger, Ulrich; Krieger, Ulrich; SFB 884 ´Political Economy of Reforms´; SFB 884 ´Political Economy of Reforms´",GESIS Data Archive for the Social Sciences
10.4232/1.11362,ALLBUS/GGSS 1998 (Allgemeine Bevölkerungsumfrage der Sozialwissenschaften/German General Social Survey 1998),"Allerbeck, Klaus R.; Allerbeck, Klaus R.; Allmendinger, Jutta; Allmendinger, Jutta; Bürklin, Wilhelm; Bürklin, Wilhelm; Kiefer, Marie-Luise; Kiefer, Marie-Luise; Müller, Walter; Müller, Walter; Opp, Karl-Dieter; Opp, Karl-Dieter; Scheuch, Erwin K.; Scheuch, Erwin K.",GESIS Data Archive for the Social Sciences
10.4232/1.1000,ALLBUS/GGSS 1980 (Allgemeine Bevölkerungsumfrage der Sozialwissenschaften/German General Social Survey 1980),"Lepsius, M. Rainer; Lepsius, M. Rainer; Scheuch, Erwin K.; Scheuch, Erwin K.; Ziegler, Rolf; Ziegler, Rolf; ZUMA, Mannheim; ZUMA, Mannheim",GESIS Data Archive for the Social Sciences
10.4232/1.13230,Pre- and Post-election Cross Section (Cumulation) (GLES 2009),"Rattinger, Hans; Rattinger, Hans; Roßteutscher, Sigrid; Roßteutscher, Sigrid; Schmitt-Beck, Rüdiger; Schmitt-Beck, Rüdiger; Weßels, Bernhard; Weßels, Bernhard",GESIS Data Archive for the Social Sciences
10.4232/1.13231,Pre-election Cross Section (GLES 2013),"Rattinger, Hans; Rattinger, Hans; Roßteutscher, Sigrid; Roßteutscher, Sigrid; Schmitt-Beck, Rüdiger; Schmitt-Beck, Rüdiger; Weßels, Bernhard; Weßels, Bernhard; Wolf, Christof; Wolf, Christof",GESIS Data Archive for the Social Sciences
10.4232/1.12051,Supplementary Variables for ALLBUS/GGSS 1980-2012 (Kumulierte Allgemeine Bevölkerungsumfrage der Sozialwissenschaften / Cumulated German General Social Survey 1980-2012),"Allerbeck, Klaus; Allerbeck, Klaus; Allmendinger, Jutta; Allmendinger, Jutta; Andreß, Hans-Jürgen; Andreß, Hans-Jürgen; Bürklin, Wilhelm; Bürklin, Wilhelm; Diekmann, Andreas; Diekmann, Andreas; Feger, Hubert; Feger, Hubert; Fetchenhauer, Detlef; Fetchenhauer, Detlef; Huinink, Johannes; Huinink, Johannes; Kiefer, Marie Luise; Kiefer, Marie Luise; Kühnel, Steffen; Kühnel, Steffen; Lepsius, M. Rainer; Lepsius, M. Rainer; Liebig, Stefan; Liebig, Stefan; Mayer, Karl Ulrich; Mayer, Karl Ulrich; Meulemann, Heiner; Meulemann, Heiner; Müller, Walter; Müller, Walter; Opp, Karl Dieter; Opp, Karl Dieter; Pappi, Franz Urban; Pappi, Franz Urban; Scheuch, Erwin K.; Scheuch, Erwin K.; Schmitt-Beck, Rüdiger; Schmitt-Beck, Rüdiger; Solga, Heike; Solga, Heike; Trappe, Heike; Trappe, Heike; Wagner, Michael; Wagner, Michael; Ziegler, Rolf; Ziegler, Rolf",GESIS Data Archive for the Social Sciences
10.4232/1.12630,"Long-term Online-Tracking, Cumulation 2009-2014, Module questions (GLES)","Rattinger, Hans; Rattinger, Hans; Roßteutscher, Sigrid; Roßteutscher, Sigrid; Schmitt-Beck, Rüdiger; Schmitt-Beck, Rüdiger; Weßels, Bernhard; Weßels, Bernhard; Wolf, Christof; Wolf, Christof",GESIS Data Archive for the Social Sciences
10.4232/1.10390,"Long-term Online Tracking, T3 (GLES 2009)","Rattinger, Hans; Rattinger, Hans; Roßteutscher, Sigrid; Roßteutscher, Sigrid; Schmitt-Beck, Rüdiger; Schmitt-Beck, Rüdiger; Weßels, Bernhard; Weßels, Bernhard",GESIS Data Archive for the Social Sciences
10.4232/1.14031,"GLES Cross-Section 2013-2021, Sensitive Regional Data","Debus, Marc; Debus, Marc; Faas, Thorsten; Faas, Thorsten; Rattinger, Hans; Rattinger, Hans; Roßteutscher, Sigrid; Roßteutscher, Sigrid; Schmitt-Beck, Rüdiger; Schmitt-Beck, Rüdiger; Schoen, Harald; Schoen, Harald; Weßels, Bernhard; Weßels, Bernhard; Wolf, Christof; Wolf, Christof",GESIS Data Archive for the Social Sciences
10.4232/cils4eu.5656.3.3.0,Children of Immigrants Longitudinal Survey in Four European Countries (CILS4EU) - Reduced version. Reduced data file for download and off-site use,"Kalter, Frank; Kalter, Frank; Heath, Anthony F.; Heath, Anthony F.; Hewstone, Miles; Hewstone, Miles; Jonsson, Jan O.; Jonsson, Jan O.; Kalmijn, Matthijs; Kalmijn, Matthijs; Kogan, Irena; Kogan, Irena; Tubergen, Frank van; Tubergen, Frank van; Kroneberg, Clemens; Kroneberg, Clemens; Andersson Rydell, Linus; Andersson Rydell, Linus; Brolin Låftman, Sara; Brolin Låftman, Sara; Dollmann, Jörg; Dollmann, Jörg; Engzell, Per; Engzell, Per; Geven, Sara; Geven, Sara; Horr, Andreas; Horr, Andreas; Jacob, Konstanze; Jacob, Konstanze; Huuva, Lou; Huuva, Lou; Kruse, Hanno; Kruse, Hanno; Jaspers, Eva; Jaspers, Eva; Parameshwaran, Meenakshi; Parameshwaran, Meenakshi; Rudolphi, Frida; Rudolphi, Frida; Salikutluk, Zerrin; Salikutluk, Zerrin; Smith, Sanne; Smith, Sanne; Zantvliet, Pascale van; Zantvliet, Pascale van",GESIS Data Archive for the Social Sciences
10.4232/1.12391,Long-term-Online-Tracking of State Election Rhineland-Palatinate 2011 (GLES 2009),"Rattinger, Hans; Rattinger, Hans; Roßteutscher, Sigrid; Roßteutscher, Sigrid; Schmitt-Beck, Rüdiger; Schmitt-Beck, Rüdiger; Weßels, Bernhard; Weßels, Bernhard",GESIS Data Archive for the Social Sciences
10.4232/1.13295,Longterm-Online-Tracking T37 (GLES),"Roßteutscher, Sigrid; Roßteutscher, Sigrid; Schmitt-Beck, Rüdiger; Schmitt-Beck, Rüdiger; Schoen, Harald; Schoen, Harald; Weßels, Bernhard; Weßels, Bernhard; Wolf, Christof; Wolf, Christof",GESIS Data Archive for the Social Sciences
10.4232/1.12271,"Long-term Online Tracking, T5 (GLES 2009)","Rattinger, Hans; Rattinger, Hans; Roßteutscher, Sigrid; Roßteutscher, Sigrid; Schmitt-Beck, Rüdiger; Schmitt-Beck, Rüdiger; Weßels, Bernhard; Weßels, Bernhard",GESIS Data Archive for the Social Sciences
10.4232/1.12224,"Long-term Online Tracking, T11 (GLES 2009)","Rattinger, Hans; Rattinger, Hans; Roßteutscher, Sigrid; Roßteutscher, Sigrid; Schmitt-Beck, Rüdiger; Schmitt-Beck, Rüdiger; Weßels, Bernhard; Weßels, Bernhard",GESIS Data Archive for the Social Sciences
10.4232/1.14053,"GLES Panel 2021, Control Group III (to Panel Wave 20, Sample A)","Roßteutscher, Sigrid; Roßteutscher, Sigrid; Debus, Marc; Debus, Marc; Faas, Thorsten; Faas, Thorsten; Schoen, Harald; Schoen, Harald",GESIS Data Archive for the Social Sciences
10.4232/1.12220,"Long-term Online Tracking, T6 (GLES 2009)","Rattinger, Hans; Rattinger, Hans; Roßteutscher, Sigrid; Roßteutscher, Sigrid; Schmitt-Beck, Rüdiger; Schmitt-Beck, Rüdiger; Weßels, Bernhard; Weßels, Bernhard",GESIS Data Archive for the Social Sciences
10.4232/1.12421,"Long-term Online Tracking, T23 (GLES)","Rattinger, Hans; Rattinger, Hans; Roßteutscher, Sigrid; Roßteutscher, Sigrid; Schmitt-Beck, Rüdiger; Schmitt-Beck, Rüdiger; Weßels, Bernhard; Weßels, Bernhard; Wolf, Christof; Wolf, Christof",GESIS Data Archive for the Social Sciences
10.4232/1.13421,Short-term Campaign Panel 2017 – Control Group I (to Panel Wave 4) (GLES),"Roßteutscher, Sigrid; Roßteutscher, Sigrid; Schmitt-Beck, Rüdiger; Schmitt-Beck, Rüdiger; Schoen, Harald; Schoen, Harald; Weßels, Bernhard; Weßels, Bernhard; Wolf, Christof; Wolf, Christof",GESIS Data Archive for the Social Sciences
10.4232/1.11365,ALLBUS/GGSS 2000 CAPI-PAPI (Allgemeine Bevölkerungsumfrage der Sozialwissenschaften/German General Social Survey 2000 CAPI-PAPI),"Allmendinger, Jutta; Allmendinger, Jutta; Andreß, Hans-Jürgen; Andreß, Hans-Jürgen; Bürklin, Wilhelm; Bürklin, Wilhelm; Diekmann, Andreas; Diekmann, Andreas; Feger, Hubert; Feger, Hubert; Huinink, Johannes; Huinink, Johannes; Meulemann, Heiner; Meulemann, Heiner; Müller, Walter; Müller, Walter; Opp, Karl-Dieter; Opp, Karl-Dieter; Scheuch, Erwin K.; Scheuch, Erwin K.; Solga, Heike; Solga, Heike",GESIS Data Archive for the Social Sciences
10.4232/1.10830,"Long-term Online Tracking, T2 (GLES 2009)","Rattinger, Hans; Rattinger, Hans; Roßteutscher, Sigrid; Roßteutscher, Sigrid; Schmitt-Beck, Rüdiger; Schmitt-Beck, Rüdiger; Weßels, Bernhard; Weßels, Bernhard",GESIS Data Archive for the Social Sciences
10.4232/1.1601,General Population Survey of the Social Sciences ALLBUS 1984 (Test-Retest Study),"Müller, Walter; Müller, Walter; Pappi, Franz U.; Pappi, Franz U.; Scheuch, Erwin K.; Scheuch, Erwin K.; Ziegler, Rolf; Ziegler, Rolf; ZUMA, Mannheim; ZUMA, Mannheim",GESIS Data Archive for the Social Sciences
10.4232/1.10393,"Long-term Online Tracking, T4 (GLES 2009)","Rattinger, Hans; Rattinger, Hans; Roßteutscher, Sigrid; Roßteutscher, Sigrid; Schmitt-Beck, Rüdiger; Schmitt-Beck, Rüdiger; Weßels, Bernhard; Weßels, Bernhard",GESIS Data Archive for the Social Sciences
10.4232/1.11899,ALLBUScompact/GGSScompact 1980-2012 (Kumulierte Allgemeine Bevölkerungsumfrage der Sozialwissenschaften/ Cumulated German General Social Survey 1980-2012),"Allerbeck, Klaus; Allerbeck, Klaus; Allmendinger, Jutta; Allmendinger, Jutta; Andreß, Hans-Jürgen; Andreß, Hans-Jürgen; Bürklin, Wilhelm; Bürklin, Wilhelm; Diekmann, Andreas; Diekmann, Andreas; Feger, Hubert; Feger, Hubert; Fetchenhauer, Detlef; Fetchenhauer, Detlef; Huinink, Johannes; Huinink, Johannes; Kiefer, Marie Luise; Kiefer, Marie Luise; Kreuter, Frauke; Kreuter, Frauke; Kühnel, Steffen; Kühnel, Steffen; Kurz, Karin; Kurz, Karin; Lepsius, M. Rainer; Lepsius, M. Rainer; Liebig, Stefan; Liebig, Stefan; Mayer, Karl Ulrich; Mayer, Karl Ulrich; Meulemann, Heiner; Meulemann, Heiner; Müller, Walter; Müller, Walter; Opp, Karl-Dieter; Opp, Karl-Dieter; Pappi, Franz Urban; Pappi, Franz Urban; Scheuch, Erwin K.; Scheuch, Erwin K.; Schmitt-Beck, Rüdiger; Schmitt-Beck, Rüdiger; Solga, Heike; Solga, Heike; Trappe, Heike; Trappe, Heike; Wagner, Michael; Wagner, Michael; Westle, Bettina; Westle, Bettina; Ziegler, Rolf; Ziegler, Rolf",GESIS Data Archive for the Social Sciences
10.4232/1.13767,ALLBUS/GGSS (Allgemeine Bevölkerungsumfrage der Sozialwissenschaften/German General Social Survey) - Sensitive Regional Data,"Allerbeck, Klaus; Allerbeck, Klaus; Allmendinger, Jutta; Allmendinger, Jutta; Andreß, Hans-Jürgen; Andreß, Hans-Jürgen; Bürklin, Wilhelm; Bürklin, Wilhelm; Diekmann, Andreas; Diekmann, Andreas; Feger, Hubert; Feger, Hubert; Fetchenhauer, Detlef; Fetchenhauer, Detlef; Huinink, Johannes; Huinink, Johannes; Kiefer, Marie Luise; Kiefer, Marie Luise; Kreuter, Frauke; Kreuter, Frauke; Kühnel, Steffen; Kühnel, Steffen; Kurz, Karin; Kurz, Karin; Lepsius, M. Rainer; Lepsius, M. Rainer; Liebig, Stefan; Liebig, Stefan; Mayer, Karl Ulrich; Mayer, Karl Ulrich; Meulemann, Heiner; Meulemann, Heiner; Müller, Walter; Müller, Walter; Opp, Karl Dieter; Opp, Karl Dieter; Pappi, Franz Urban; Pappi, Franz Urban; Scheuch, Erwin K.; Scheuch, Erwin K.; Schmitt-Beck, Rüdiger; Schmitt-Beck, Rüdiger; Solga, Heike; Solga, Heike; Trappe, Heike; Trappe, Heike; Wagner, Michael; Wagner, Michael; Westle, Bettina; Westle, Bettina; Ziegler, Rolf; Ziegler, Rolf",GESIS Data Archive for the Social Sciences
10.4232/1.13939,"GLES Panel 2021, Wave 21","Roßteutscher, Sigrid; Roßteutscher, Sigrid; Debus, Marc; Debus, Marc; Faas, Thorsten; Faas, Thorsten; Schoen, Harald; Schoen, Harald",GESIS Data Archive for the Social Sciences
10.4232/1.12422,Long-term-Online-Tracking of State Election Hesse 2013 (GLES),"Rattinger, Hans; Rattinger, Hans; Roßteutscher, Sigrid; Roßteutscher, Sigrid; Schmitt-Beck, Rüdiger; Schmitt-Beck, Rüdiger; Weßels, Bernhard; Weßels, Bernhard; Wolf, Christof; Wolf, Christof",GESIS Data Archive for the Social Sciences
10.4232/1.10376,"TV Debate Analysis, Content Analyses Special Broadcast (Statements TV Debate) (GLES 2009)","Rattinger, Hans; Rattinger, Hans; Roßteutscher, Sigrid; Roßteutscher, Sigrid; Schmitt-Beck, Rüdiger; Schmitt-Beck, Rüdiger; Weßels, Bernhard; Weßels, Bernhard",GESIS Data Archive for the Social Sciences
10.4232/1.3704,ALLBUScompact/GGSScompact 1980 (Allgemeine Bevölkerungsumfrage der Sozialwissenschaften/German General Social Survey 1980),"Lepsius, M. Rainer; Lepsius, M. Rainer; Scheuch, Erwin K.; Scheuch, Erwin K.; Ziegler, Rolf; Ziegler, Rolf; ZUMA, Mannheim; ZUMA, Mannheim",GESIS Data Archive for the Social Sciences
10.4232/1.12491,"Intermediate inquiry 2015 of Long-term Panel started in 2005,2009 and 2013 and of Short-term Campaign Panel 2013 (GLES)","Roßteutscher, Sigrid; Roßteutscher, Sigrid; Schmitt-Beck, Rüdiger; Schmitt-Beck, Rüdiger; Schoen, Harald; Schoen, Harald; Weßels, Bernhard; Weßels, Bernhard; Wolf, Christof; Wolf, Christof",GESIS Data Archive for the Social Sciences
10.4232/1.12222,"Long-term Online Tracking, T9 (GLES 2009)","Rattinger, Hans; Rattinger, Hans; Roßteutscher, Sigrid; Roßteutscher, Sigrid; Schmitt-Beck, Rüdiger; Schmitt-Beck, Rüdiger; Weßels, Bernhard; Weßels, Bernhard",GESIS Data Archive for the Social Sciences
10.4232/1.11364,ALLBUScompact/GGSScompact 2000 CAPI-PAPI (Allgemeine Bevölkerungsumfrage der Sozialwissenschaften/German General Social Survey 2000 CAPI-PAPI),"Allmendinger, Jutta; Allmendinger, Jutta; Andreß, Hans-Jürgen; Andreß, Hans-Jürgen; Bürklin, Wilhelm; Bürklin, Wilhelm; Diekmann, Andreas; Diekmann, Andreas; Feger, Hubert; Feger, Hubert; Huinink, Johannes; Huinink, Johannes; Meulemann, Heiner; Meulemann, Heiner; Müller, Walter; Müller, Walter; Opp, Karl-Dieter; Opp, Karl-Dieter; Scheuch, Erwin K.; Scheuch, Erwin K.; Solga, Heike; Solga, Heike",GESIS Data Archive for the Social Sciences
10.4232/1.10757,"Long-term Online Tracking, T1 (GLES 2009)","Rattinger, Hans; Rattinger, Hans; Roßteutscher, Sigrid; Roßteutscher, Sigrid; Schmitt-Beck, Rüdiger; Schmitt-Beck, Rüdiger; Weßels, Bernhard; Weßels, Bernhard",GESIS Data Archive for the Social Sciences
10.4232/1.13857,"GLES Panel 2021, Wave 16","Roßteutscher, Sigrid; Roßteutscher, Sigrid; Debus, Marc; Debus, Marc; Faas, Thorsten; Faas, Thorsten; Schoen, Harald; Schoen, Harald",GESIS Data Archive for the Social Sciences
10.4232/1.10762,ALLBUScompact/GGSScompact 2010 (Allgemeine Bevölkerungsumfrage der Sozialwissenschaften/German General Social Survey 2010),"Diekmann, Andreas; Diekmann, Andreas; Kühnel, Steffen; Kühnel, Steffen; Fetchenhauer, Detlef; Fetchenhauer, Detlef; Liebig, Stefan; Liebig, Stefan; Schmitt-Beck, Rüdiger; Schmitt-Beck, Rüdiger; Trappe, Heike; Trappe, Heike; Wagner, Michael; Wagner, Michael",GESIS Data Archive for the Social Sciences
10.4232/1.12164,Short-term Campaign Panel 2013 – Control Group I (to Panel Wave 3) (GLES),"Rattinger, Hans; Rattinger, Hans; Roßteutscher, Sigrid; Roßteutscher, Sigrid; Schmitt-Beck, Rüdiger; Schmitt-Beck, Rüdiger; Weßels, Bernhard; Weßels, Bernhard; Wolf, Christof; Wolf, Christof",GESIS Data Archive for the Social Sciences
10.4232/1.1340,ALLBUS/GGSS 1984 (Allgemeine Bevölkerungsumfrage der Sozialwissenschaften/German General Social Survey 1984),"Müller, Walter; Müller, Walter; Pappi, Franz U.; Pappi, Franz U.; Scheuch, Erwin K.; Scheuch, Erwin K.; Ziegler, Rolf; Ziegler, Rolf; ZUMA, Mannheim; ZUMA, Mannheim",GESIS Data Archive for the Social Sciences
10.4232/1.12280,"Long-term Online Tracking, T25 (GLES)","Rattinger, Hans; Rattinger, Hans; Roßteutscher, Sigrid; Roßteutscher, Sigrid; Schmitt-Beck, Rüdiger; Schmitt-Beck, Rüdiger; Weßels, Bernhard; Weßels, Bernhard; Wolf, Christof; Wolf, Christof",GESIS Data Archive for the Social Sciences
10.4232/1.1670,ALLBUS/GGSS 1988 (Allgemeine Bevölkerungsumfrage der Sozialwissenschaften/German General Social Survey 1988),"Mayer, Karl U.; Mayer, Karl U.; Müller, Walter; Müller, Walter; Pappi, Franz U.; Pappi, Franz U.; Scheuch, Erwin K.; Scheuch, Erwin K.; Ziegler, Rolf; Ziegler, Rolf",GESIS Data Archive for the Social Sciences
10.4232/1.12346,ALLBUScompact/GGSScompact 2008 (Allgemeine Bevölkerungsumfrage der Sozialwissenschaften/German General Social Survey 2008),"Andreß, Hans-Jürgen; Andreß, Hans-Jürgen; Diekmann, Andreas; Diekmann, Andreas; Feger, Hubert; Feger, Hubert; Liebig, Stefan; Liebig, Stefan; Meulemann, Heiner; Meulemann, Heiner; Schmitt-Beck, Rüdiger; Schmitt-Beck, Rüdiger; Trappe, Heike; Trappe, Heike",GESIS Data Archive for the Social Sciences
10.4232/1.13048,ALLBUScompact/GGSScompact 1980-2016 (Kumulierte Allgemeine Bevölkerungsumfrage der Sozialwissenschaften/ Cumulated German General Social Survey 1980-2016),"Allerbeck, Klaus; Allerbeck, Klaus; Allmendinger, Jutta; Allmendinger, Jutta; Andreß, Hans-Jürgen; Andreß, Hans-Jürgen; Bauernschuster, Stefan; Bauernschuster, Stefan; Bürklin, Wilhelm; Bürklin, Wilhelm; Diekmann, Andreas; Diekmann, Andreas; Feger, Hubert; Feger, Hubert; Fetchenhauer, Detlef; Fetchenhauer, Detlef; Hadjar, Andreas; Hadjar, Andreas; Huinink, Johannes; Huinink, Johannes; Kiefer, Marie Luise; Kiefer, Marie Luise; Kreuter, Frauke; Kreuter, Frauke; Kühnel, Steffen; Kühnel, Steffen; Kurz, Karin; Kurz, Karin; Lepsius, M. Rainer; Lepsius, M. Rainer; Liebig, Stefan; Liebig, Stefan; Mayer, Karl Ulrich; Mayer, Karl Ulrich; Meulemann, Heiner; Meulemann, Heiner; Müller, Walter; Müller, Walter; Opp, Karl Dieter; Opp, Karl Dieter; Pappi, Franz Urban; Pappi, Franz Urban; Rosar, Ulrich; Rosar, Ulrich; Scheuch, Erwin K.; Scheuch, Erwin K.; Schmitt-Beck, Rüdiger; Schmitt-Beck, Rüdiger; Solga, Heike; Solga, Heike; Trappe, Heike; Trappe, Heike; Wagner, Michael; Wagner, Michael; Wagner, Ulrich; Wagner, Ulrich; Westle, Bettina; Westle, Bettina; Ziegler, Rolf; Ziegler, Rolf",GESIS Data Archive for the Social Sciences
10.4232/1.13130,"Campaign Media Content Analysis, Print Media (GLES 2017)","Roßteutscher, Sigrid; Roßteutscher, Sigrid; Schmitt-Beck, Rüdiger; Schmitt-Beck, Rüdiger; Schoen, Harald; Schoen, Harald; Weßels, Bernhard; Weßels, Bernhard; Wolf, Christof; Wolf, Christof",GESIS Data Archive for the Social Sciences
10.4232/1.12522,"Long-term Online Tracking, T29 (GLES)","Roßteutscher, Sigrid; Roßteutscher, Sigrid; Schmitt-Beck, Rüdiger; Schmitt-Beck, Rüdiger; Schoen, Harald; Schoen, Harald; Weßels, Bernhard; Weßels, Bernhard; Wolf, Christof; Wolf, Christof",GESIS Data Archive for the Social Sciences
10.4232/cils4eu.5353.3.3.0,Children of Immigrants Longitudinal Survey in Four European Countries (CILS4EU) - Full version. Data file for on-site use,"Kalter, Frank; Kalter, Frank; Heath, Anthony F.; Heath, Anthony F.; Hewstone, Miles; Hewstone, Miles; Jonsson, Jan O.; Jonsson, Jan O.; Kalmijn, Matthijs; Kalmijn, Matthijs; Kogan, Irena; Kogan, Irena; Tubergen, Frank van; Tubergen, Frank van; Kroneberg, Clemens; Kroneberg, Clemens; Andersson Rydell, Linus; Andersson Rydell, Linus; Brolin Låftman, Sara; Brolin Låftman, Sara; Dollmann, Jörg; Dollmann, Jörg; Engzell, Per; Engzell, Per; Geven, Sara; Geven, Sara; Horr, Andreas; Horr, Andreas; Huuva, Lou; Huuva, Lou; Jacob, Konstanze; Jacob, Konstanze; Jaspers, Eva; Jaspers, Eva; Kruse, Hanno; Kruse, Hanno; Parameshwaran, Meenakshi; Parameshwaran, Meenakshi; Rudolphi, Frida; Rudolphi, Frida; Salikutluk, Zerrin; Salikutluk, Zerrin; Smith, Sanne; Smith, Sanne; Zantvliet, Pascale van; Zantvliet, Pascale van",GESIS Data Archive for the Social Sciences
10.4232/1.12750,"Intermediate inquiry 2016 of Long-term Panel started in 2005,2009 and 2013 (GLES)","Roßteutscher, Sigrid; Roßteutscher, Sigrid; Schmitt-Beck, Rüdiger; Schmitt-Beck, Rüdiger; Schoen, Harald; Schoen, Harald; Weßels, Bernhard; Weßels, Bernhard; Wolf, Christof; Wolf, Christof",GESIS Data Archive for the Social Sciences
10.4232/1.11053,Long-term-Online-Tracking of State Election Mecklenburg-Western Pomerania 2011 (GLES 2009),"Rattinger, Hans; Rattinger, Hans; Roßteutscher, Sigrid; Roßteutscher, Sigrid; Schmitt-Beck, Rüdiger; Schmitt-Beck, Rüdiger; Weßels, Bernhard; Weßels, Bernhard",GESIS Data Archive for the Social Sciences
10.4232/1.13423,Short-term Campaign Panel 2017 – Control Group III (to Panel Wave 8) (GLES),"Roßteutscher, Sigrid; Roßteutscher, Sigrid; Schmitt-Beck, Rüdiger; Schmitt-Beck, Rüdiger; Schoen, Harald; Schoen, Harald; Weßels, Bernhard; Weßels, Bernhard; Wolf, Christof; Wolf, Christof",GESIS Data Archive for the Social Sciences
10.4232/1.1335,ALLBUS/GGSS 1980-86 (Kumulierte Allgemeine Bevölkerungsumfrage der Sozialwissenschaften/Cumulated German General Social Survey 1980-86),"Lepsius, M. Rainer; Lepsius, M. Rainer; Mayer, Karl U.; Mayer, Karl U.; Müller, Walter; Müller, Walter; Pappi, Franz U.; Pappi, Franz U.; Scheuch, Erwin K.; Scheuch, Erwin K.; Ziegler, Rolf; Ziegler, Rolf",GESIS Data Archive for the Social Sciences
10.4232/1.1800,ALLBUS/GGSS 1990 (Allgemeine Bevölkerungsumfrage der Sozialwissenschaften/German General Social Survey 1990),"Allerbeck, Klaus R.; Allerbeck, Klaus R.; Mayer, Karl U.; Mayer, Karl U.; Müller, Walter; Müller, Walter; Opp, Karl-Dieter; Opp, Karl-Dieter; Pappi, Franz U.; Pappi, Franz U.; Scheuch, Erwin K.; Scheuch, Erwin K.; Ziegler, Rolf; Ziegler, Rolf",GESIS Data Archive for the Social Sciences
10.4232/1.12646,ALLBUS/GGSS 1980-2014 (Kumulierte Allgemeine Bevölkerungsumfrage der Sozialwissenschaften / Cumulated German General Social Survey 1980-2014),"Allerbeck, Klaus; Allerbeck, Klaus; Allmendinger, Jutta; Allmendinger, Jutta; Andreß, Hans-Jürgen; Andreß, Hans-Jürgen; Bürklin, Wilhelm; Bürklin, Wilhelm; Diekmann, Andreas; Diekmann, Andreas; Feger, Hubert; Feger, Hubert; Fetchenhauer, Detlef; Fetchenhauer, Detlef; Huinink, Johannes; Huinink, Johannes; Kiefer, Marie Luise; Kiefer, Marie Luise; Kreuter, Frauke; Kreuter, Frauke; Kühnel, Steffen; Kühnel, Steffen; Kurz, Karin; Kurz, Karin; Lepsius, M. Rainer; Lepsius, M. Rainer; Liebig, Stefan; Liebig, Stefan; Mayer, Karl Ulrich; Mayer, Karl Ulrich; Meulemann, Heiner; Meulemann, Heiner; Müller, Walter; Müller, Walter; Opp, Karl Dieter; Opp, Karl Dieter; Pappi, Franz Urban; Pappi, Franz Urban; Scheuch, Erwin K.; Scheuch, Erwin K.; Schmitt-Beck, Rüdiger; Schmitt-Beck, Rüdiger; Solga, Heike; Solga, Heike; Trappe, Heike; Trappe, Heike; Wagner, Michael; Wagner, Michael; Westle, Bettina; Westle, Bettina; Ziegler, Rolf; Ziegler, Rolf",GESIS Data Archive for the Social Sciences
10.4232/1.12230,"Long-term Online Tracking, T17 (GLES)","Rattinger, Hans; Rattinger, Hans; Roßteutscher, Sigrid; Roßteutscher, Sigrid; Schmitt-Beck, Rüdiger; Schmitt-Beck, Rüdiger; Weßels, Bernhard; Weßels, Bernhard; Wolf, Christof; Wolf, Christof",GESIS Data Archive for the Social Sciences
10.4232/1.13935,"GLES Panel 2021, Wave 17","Roßteutscher, Sigrid; Roßteutscher, Sigrid; Debus, Marc; Debus, Marc; Faas, Thorsten; Faas, Thorsten; Schoen, Harald; Schoen, Harald",GESIS Data Archive for the Social Sciences
10.4232/1.14450,GLES Candidate Study European Election 2024,"Roßteutscher, Sigrid; Roßteutscher, Sigrid; Debus, Marc; Debus, Marc; Faas, Thorsten; Faas, Thorsten; Schoen, Harald; Schoen, Harald",GESIS Data Archive for the Social Sciences
10.4232/1.12229,"Long-term Online Tracking, T16 (GLES 2009)","Rattinger, Hans; Rattinger, Hans; Roßteutscher, Sigrid; Roßteutscher, Sigrid; Schmitt-Beck, Rüdiger; Schmitt-Beck, Rüdiger; Weßels, Bernhard; Weßels, Bernhard; Bieber, Ina; Bieber, Ina; Scherer, Philipp; Scherer, Philipp",GESIS Data Archive for the Social Sciences
10.4232/1.12392,Long-term-Online-Tracking of State Election Baden-Wuerttemberg 2011 (GLES 2009),"Rattinger, Hans; Rattinger, Hans; Roßteutscher, Sigrid; Roßteutscher, Sigrid; Schmitt-Beck, Rüdiger; Schmitt-Beck, Rüdiger; Weßels, Bernhard; Weßels, Bernhard",GESIS Data Archive for the Social Sciences
10.4232/1.11323,"European Parliament Election Study 2009, Candidate Study - Reduced Version","Weßels, Bernhard; Weßels, Bernhard; Giebler, Heiko; Giebler, Heiko; Schmitt, Hermann; Schmitt, Hermann; Wüst, Andreas; Wüst, Andreas; Kritzinger, Silvia; Kritzinger, Silvia; de Winter, Lieven; de Winter, Lieven; Cholova, Blagovesta; Cholova, Blagovesta; Papageorgiou, Bambos; Papageorgiou, Bambos; Linek, Lukáš; Linek, Lukáš; Klemmensen, Robert; Klemmensen, Robert; Ehin, Piret; Ehin, Piret; Mattila, Mikko; Mattila, Mikko; Raunio, Tapio; Raunio, Tapio; Rozenberg, Olivier; Rozenberg, Olivier; Chadjipandelis, Theodore; Chadjipandelis, Theodore; Teperoglou, Eftichia; Teperoglou, Eftichia; Enyedi, Zsolt; Enyedi, Zsolt; Marsh, Michael; Marsh, Michael; Sudulich, Maria Laura; Sudulich, Maria Laura; Andretta, Massimiliano; Andretta, Massimiliano; Bardi, Luciano; Bardi, Luciano; Ikstens, Janis; Ikstens, Janis; Krupavicius, Algis; Krupavicius, Algis; Dumont, Patrick; Dumont, Patrick; Spreitzer, Astrid; Spreitzer, Astrid; Fenech, Dominic; Fenech, Dominic; Rosema, Martin; Rosema, Martin; Czesnik, Mikolaj; Czesnik, Mikolaj; Freire, André; Freire, André; Popescu, Marina; Popescu, Marina; Gyarfasova, Olga; Gyarfasova, Olga; Toplak, Cirila; Toplak, Cirila; Molina, Ignacio; Molina, Ignacio; Sanz Cazorla, Alberto; Sanz Cazorla, Alberto; Haglund, Louise; Haglund, Louise; Holmberg, Sören; Holmberg, Sören; Saalfeld, Thomas; Saalfeld, Thomas",GESIS Data Archive for the Social Sciences
10.4232/1.13232,Post-election Cross Section (GLES 2013),"Rattinger, Hans; Rattinger, Hans; Roßteutscher, Sigrid; Roßteutscher, Sigrid; Schmitt-Beck, Rüdiger; Schmitt-Beck, Rüdiger; Weßels, Bernhard; Weßels, Bernhard; Wolf, Christof; Wolf, Christof",GESIS Data Archive for the Social Sciences
10.4232/1.12393,Long-term-Online-Tracking of State Election Hamburg 2011 (GLES 2009),"Rattinger, Hans; Rattinger, Hans; Roßteutscher, Sigrid; Roßteutscher, Sigrid; Schmitt-Beck, Rüdiger; Schmitt-Beck, Rüdiger; Weßels, Bernhard; Weßels, Bernhard",GESIS Data Archive for the Social Sciences
10.4232/1.12443,"European Parliament Election Study 2014, Candidate Survey (GLES)","Roßteutscher, Sigrid; Roßteutscher, Sigrid; Schmitt-Beck, Rüdiger; Schmitt-Beck, Rüdiger; Schoen, Harald; Schoen, Harald; Weßels, Bernhard; Weßels, Bernhard; Wolf, Christof; Wolf, Christof",GESIS Data Archive for the Social Sciences
10.4232/1.12622,"German Internet Panel, Wave 16 (March 2015)","Blom, Annelies G.; Blom, Annelies G.; Bossert, Dayana; Bossert, Dayana; Gebhard, Franziska; Gebhard, Franziska; Jessica Herzing; Jessica Herzing; Krieger, Ulrich; Krieger, Ulrich; SFB 884 ´Political Economy of Reforms´; SFB 884 ´Political Economy of Reforms´",GESIS Data Archive for the Social Sciences
10.4232/1.12535,Short-term Campaign Panel 2013 – Control Group III (to Panel Wave 7) (GLES),"Rattinger, Hans; Rattinger, Hans; Roßteutscher, Sigrid; Roßteutscher, Sigrid; Schmitt-Beck, Rüdiger; Schmitt-Beck, Rüdiger; Weßels, Bernhard; Weßels, Bernhard; Wolf, Christof; Wolf, Christof",GESIS Data Archive for the Social Sciences
10.4232/1.11504,Long-term-Online-Tracking of State Election North Rhine-Westphalia 2010 (GLES 2009),"Rattinger, Hans; Rattinger, Hans; Roßteutscher, Sigrid; Roßteutscher, Sigrid; Schmitt-Beck, Rüdiger; Schmitt-Beck, Rüdiger; Weßels, Bernhard; Weßels, Bernhard",GESIS Data Archive for the Social Sciences
10.4232/1.13235,Post-election Cross Section (GLES 2017),"Roßteutscher, Sigrid; Roßteutscher, Sigrid; Schmitt-Beck, Rüdiger; Schmitt-Beck, Rüdiger; Schoen, Harald; Schoen, Harald; Weßels, Bernhard; Weßels, Bernhard; Wolf, Christof; Wolf, Christof",GESIS Data Archive for the Social Sciences
10.4232/1.11387,"Campaign Media Content Analysis, Print Media (GLES 2009)","Rattinger, Hans; Rattinger, Hans; Roßteutscher, Sigrid; Roßteutscher, Sigrid; Schmitt-Beck, Rüdiger; Schmitt-Beck, Rüdiger; Weßels, Bernhard; Weßels, Bernhard",GESIS Data Archive for the Social Sciences
10.4232/1.12039,Long-term-Online-Tracking of State Election Bavaria 2013 (GLES),"Rattinger, Hans; Rattinger, Hans; Roßteutscher, Sigrid; Roßteutscher, Sigrid; Schmitt-Beck, Rüdiger; Schmitt-Beck, Rüdiger; Weßels, Bernhard; Weßels, Bernhard; Wolf, Christof; Wolf, Christof",GESIS Data Archive for the Social Sciences
10.4232/1.12282,"Long-term Online Tracking, T27 (GLES)","Roßteutscher, Sigrid; Roßteutscher, Sigrid; Schmitt-Beck, Rüdiger; Schmitt-Beck, Rüdiger; Schoen, Harald; Schoen, Harald; Weßels, Bernhard; Weßels, Bernhard; Wolf, Christof; Wolf, Christof",GESIS Data Archive for the Social Sciences
10.4232/1.12731,"Long-term Online Tracking, T34 (GLES)","Roßteutscher, Sigrid; Roßteutscher, Sigrid; Schmitt-Beck, Rüdiger; Schmitt-Beck, Rüdiger; Schoen, Harald; Schoen, Harald; Weßels, Bernhard; Weßels, Bernhard; Wolf, Christof; Wolf, Christof",GESIS Data Archive for the Social Sciences
10.4232/1.14174,"GLES Panel 2021, Control Group II (to Panel Wave 19, Sample A)","Roßteutscher, Sigrid; Roßteutscher, Sigrid; Debus, Marc; Debus, Marc; Faas, Thorsten; Faas, Thorsten; Schoen, Harald; Schoen, Harald",GESIS Data Archive for the Social Sciences
10.4232/1.11054,Long-term-Online-Tracking of State Election Berlin 2011 (GLES 2009),"Rattinger, Hans; Rattinger, Hans; Roßteutscher, Sigrid; Roßteutscher, Sigrid; Schmitt-Beck, Rüdiger; Schmitt-Beck, Rüdiger; Weßels, Bernhard; Weßels, Bernhard",GESIS Data Archive for the Social Sciences
10.4232/1.12531,Longterm Online Tracking at State Election Baden-Württemberg 2016 (GLES),"Roßteutscher, Sigrid; Roßteutscher, Sigrid; Schmitt-Beck, Rüdiger; Schmitt-Beck, Rüdiger; Schoen, Harald; Schoen, Harald; Weßels, Bernhard; Weßels, Bernhard; Wolf, Christof; Wolf, Christof",GESIS Data Archive for the Social Sciences
10.4232/1.13018,Long-term Panel 2013-2017 (GLES),"Roßteutscher, Sigrid; Roßteutscher, Sigrid; Schmitt-Beck, Rüdiger; Schmitt-Beck, Rüdiger; Schoen, Harald; Schoen, Harald; Weßels, Bernhard; Weßels, Bernhard; Wolf, Christof; Wolf, Christof",GESIS Data Archive for the Social Sciences
10.4232/1.13016,"Long-term Online Tracking, T20 (GLES)","Rattinger, Hans; Rattinger, Hans; Roßteutscher, Sigrid; Roßteutscher, Sigrid; Schmitt-Beck, Rüdiger; Schmitt-Beck, Rüdiger; Weßels, Bernhard; Weßels, Bernhard; Wolf, Christof; Wolf, Christof",GESIS Data Archive for the Social Sciences
10.4232/1.3707,ALLBUScompact/GGSScompact 1980-86 (Kumulierte Allgemeine Bevölkerungsumfrage der Sozialwissenschaften/Cumulated German General Social Survey 1980-86),"Lepsius, M. Rainer; Lepsius, M. Rainer; Mayer, Karl Ulrich; Mayer, Karl Ulrich; Müller, Walter; Müller, Walter; Pappi, Franz Urban; Pappi, Franz Urban; Scheuch, Erwin K.; Scheuch, Erwin K.; Ziegler, Rolf; Ziegler, Rolf",GESIS Data Archive for the Social Sciences
10.4232/1.11754,ALLBUScompact/GGSScompact 2012 (Allgemeine Bevölkerungsumfrage der Sozialwissenschaften/German General Social Survey 2012),"Diekmann, Andreas; Diekmann, Andreas; Fetchenhauer, Detlef; Fetchenhauer, Detlef; Kühnel, Steffen; Kühnel, Steffen; Liebig, Stefan; Liebig, Stefan; Schmitt-Beck, Rüdiger; Schmitt-Beck, Rüdiger; Trappe, Heike; Trappe, Heike; Wagner, Michael; Wagner, Michael",GESIS Data Archive for the Social Sciences
10.4232/1.10370,"TV Debate Analysis, Real-Time-Response Data (GLES 2009)","Rattinger, Hans; Rattinger, Hans; Roßteutscher, Sigrid; Roßteutscher, Sigrid; Schmitt-Beck, Rüdiger; Schmitt-Beck, Rüdiger; Weßels, Bernhard; Weßels, Bernhard",GESIS Data Archive for the Social Sciences
10.4232/1.12225,"Long-term Online Tracking, T12 (GLES 2009)","Rattinger, Hans; Rattinger, Hans; Roßteutscher, Sigrid; Roßteutscher, Sigrid; Schmitt-Beck, Rüdiger; Schmitt-Beck, Rüdiger; Weßels, Bernhard; Weßels, Bernhard",GESIS Data Archive for the Social Sciences
10.4232/1.12835,ALLBUScompact/GGSScompact 1994 (Allgemeine Bevölkerungsumfrage der Sozialwissenschaften/German General Social Survey 1994),"Allerbeck, Klaus; Allerbeck, Klaus; Allmendinger, Jutta; Allmendinger, Jutta; Müller, Walter; Müller, Walter; Opp, Karl-Dieter; Opp, Karl-Dieter; Pappi, Franz Urban; Pappi, Franz Urban; Scheuch, Erwin K.; Scheuch, Erwin K.; Ziegler, Rolf; Ziegler, Rolf",GESIS Data Archive for the Social Sciences
10.4232/1.12795,"Longterm-Online-Tracking, T35 (GLES)","Roßteutscher, Sigrid; Roßteutscher, Sigrid; Schmitt-Beck, Rüdiger; Schmitt-Beck, Rüdiger; Schoen, Harald; Schoen, Harald; Weßels, Bernhard; Weßels, Bernhard; Wolf, Christof; Wolf, Christof",GESIS Data Archive for the Social Sciences
10.4232/1.3712,ALLBUScompact/GGSScompact 1988 (Allgemeine Bevölkerungsumfrage der Sozialwissenschaften/German General Social Survey 1988),"Mayer, Karl Ulrich; Mayer, Karl Ulrich; Müller, Walter; Müller, Walter; Pappi, Franz Urban; Pappi, Franz Urban; Scheuch, Erwin K.; Scheuch, Erwin K.; Ziegler, Rolf; Ziegler, Rolf",GESIS Data Archive for the Social Sciences
10.4232/1.12842,"German Internet Panel, Wave 22 (March 2016)","Blom, Annelies G.; Blom, Annelies G.; Bruch, Christian; Bruch, Christian; Felderer, Barbara; Felderer, Barbara; Gebhard, Franziska; Gebhard, Franziska; Herzing, Jessica; Herzing, Jessica; Krieger, Ulrich; Krieger, Ulrich; SFB 884 ´Political Economy of Reforms´, Universität Mannheim; SFB 884 ´Political Economy of Reforms´, Universität Mannheim",GESIS Data Archive for the Social Sciences
10.4232/cils4eu-de.6656.7.0.0,Children of Immigrants Longitudinal Survey in Four European Countries - Germany (CILS4EU-DE) - Reduced version. Reduced data file for download and off-site use,"Kalter, Frank; Kalter, Frank; Kogan, Irena; Kogan, Irena; Dollmann, Jörg; Dollmann, Jörg",GESIS Data Archive for the Social Sciences
10.4232/1.12231,"Long-term Online Tracking, T21 (GLES)","Rattinger, Hans; Rattinger, Hans; Roßteutscher, Sigrid; Roßteutscher, Sigrid; Schmitt-Beck, Rüdiger; Schmitt-Beck, Rüdiger; Weßels, Bernhard; Weßels, Bernhard; Wolf, Christof; Wolf, Christof",GESIS Data Archive for the Social Sciences
10.4232/1.12034,"Long-term Online Tracking, T19 (GLES)","Rattinger, Hans; Rattinger, Hans; Roßteutscher, Sigrid; Roßteutscher, Sigrid; Schmitt-Beck, Rüdiger; Schmitt-Beck, Rüdiger; Weßels, Bernhard; Weßels, Bernhard; Wolf, Christof; Wolf, Christof",GESIS Data Archive for the Social Sciences
10.4232/1.14290,Pre-election Cross Section (GLES 2017),"Roßteutscher, Sigrid; Roßteutscher, Sigrid; Schmitt-Beck, Rüdiger; Schmitt-Beck, Rüdiger; Schoen, Harald; Schoen, Harald; Weßels, Bernhard; Weßels, Bernhard; Wolf, Christof; Wolf, Christof",GESIS Data Archive for the Social Sciences
10.4232/1.12232,"Long-term Online Tracking, T22 (GLES)","Rattinger, Hans; Rattinger, Hans; Roßteutscher, Sigrid; Roßteutscher, Sigrid; Schmitt-Beck, Rüdiger; Schmitt-Beck, Rüdiger; Weßels, Bernhard; Weßels, Bernhard; Wolf, Christof; Wolf, Christof",GESIS Data Archive for the Social Sciences
10.4232/1.13236,Pre- and Post-election Cross Section (Cumulation) (GLES 2017),"Roßteutscher, Sigrid; Roßteutscher, Sigrid; Schmitt-Beck, Rüdiger; Schmitt-Beck, Rüdiger; Schoen, Harald; Schoen, Harald; Weßels, Bernhard; Weßels, Bernhard; Wolf, Christof; Wolf, Christof",GESIS Data Archive for the Social Sciences
10.4232/1.11898,ALLBUS/GGSS 1980-2012 (Kumulierte Allgemeine Bevölkerungsumfrage der Sozialwissenschaften/ Cumulated German General Social Survey 1980-2012),"Allerbeck, Klaus; Allerbeck, Klaus; Allmendinger, Jutta; Allmendinger, Jutta; Andreß, Hans-Jürgen; Andreß, Hans-Jürgen; Bürklin, Wilhelm; Bürklin, Wilhelm; Diekmann, Andreas; Diekmann, Andreas; Feger, Hubert; Feger, Hubert; Fetchenhauer, Detlef; Fetchenhauer, Detlef; Huinink, Johannes; Huinink, Johannes; Kiefer, Marie Luise; Kiefer, Marie Luise; Kreuter, Frauke; Kreuter, Frauke; Kühnel, Steffen; Kühnel, Steffen; Kurz, Karin; Kurz, Karin; Lepsius, M. Rainer; Lepsius, M. Rainer; Liebig, Stefan; Liebig, Stefan; Mayer, Karl Ulrich; Mayer, Karl Ulrich; Meulemann, Heiner; Meulemann, Heiner; Müller, Walter; Müller, Walter; Opp, Karl-Dieter; Opp, Karl-Dieter; Pappi, Franz Urban; Pappi, Franz Urban; Scheuch, Erwin K.; Scheuch, Erwin K.; Schmitt-Beck, Rüdiger; Schmitt-Beck, Rüdiger; Solga, Heike; Solga, Heike; Trappe, Heike; Trappe, Heike; Wagner, Michael; Wagner, Michael; Westle, Bettina; Westle, Bettina; Ziegler, Rolf; Ziegler, Rolf",GESIS Data Archive for the Social Sciences
10.4232/1.12440,ALLBUScompact/GGSScompact 1980-2014 (Kumulierte Allgemeine Bevölkerungsumfrage der Sozialwissenschaften/ Cumulated German General Social Survey 1980-2014),"Allerbeck, Klaus; Allerbeck, Klaus; Allmendinger, Jutta; Allmendinger, Jutta; Andreß, Hans-Jürgen; Andreß, Hans-Jürgen; Bürklin, Wilhelm; Bürklin, Wilhelm; Diekmann, Andreas; Diekmann, Andreas; Feger, Hubert; Feger, Hubert; Fetchenhauer, Detlef; Fetchenhauer, Detlef; Huinink, Johannes; Huinink, Johannes; Kiefer, Marie Luise; Kiefer, Marie Luise; Kreuter, Frauke; Kreuter, Frauke; Kühnel, Steffen; Kühnel, Steffen; Kurz, Karin; Kurz, Karin; Lepsius, M. Rainer; Lepsius, M. Rainer; Liebig, Stefan; Liebig, Stefan; Mayer, Karl Ulrich; Mayer, Karl Ulrich; Meulemann, Heiner; Meulemann, Heiner; Müller, Walter; Müller, Walter; Opp, Karl Dieter; Opp, Karl Dieter; Pappi, Franz Urban; Pappi, Franz Urban; Scheuch, Erwin K.; Scheuch, Erwin K.; Schmitt-Beck, Rüdiger; Schmitt-Beck, Rüdiger; Solga, Heike; Solga, Heike; Trappe, Heike; Trappe, Heike; Wagner, Michael; Wagner, Michael; Westle, Bettina; Westle, Bettina; Ziegler, Rolf; Ziegler, Rolf",GESIS Data Archive for the Social Sciences
10.4232/1.13323,Short-term Campaign Panel (GLES 2017),"Roßteutscher, Sigrid; Roßteutscher, Sigrid; Schmitt-Beck, Rüdiger; Schmitt-Beck, Rüdiger; Schoen, Harald; Schoen, Harald; Weßels, Bernhard; Weßels, Bernhard; Wolf, Christof; Wolf, Christof",GESIS Data Archive for the Social Sciences
10.4232/1.13233,Pre- and Post-election Cross Section (Cumulation) (GLES 2013),"Rattinger, Hans; Rattinger, Hans; Roßteutscher, Sigrid; Roßteutscher, Sigrid; Schmitt-Beck, Rüdiger; Schmitt-Beck, Rüdiger; Weßels, Bernhard; Weßels, Bernhard; Wolf, Christof; Wolf, Christof",GESIS Data Archive for the Social Sciences
10.4232/1.12173,Campaign Media Content Analysis: TV (GLES 2013),"Rattinger, Hans; Rattinger, Hans; Roßteutscher, Sigrid; Roßteutscher, Sigrid; Schmitt-Beck, Rüdiger; Schmitt-Beck, Rüdiger; Weßels, Bernhard; Weßels, Bernhard; Wolf, Christof; Wolf, Christof",GESIS Data Archive for the Social Sciences
10.4232/1.13940,"GLES Panel 2021, Wave 20","Roßteutscher, Sigrid; Roßteutscher, Sigrid; Debus, Marc; Debus, Marc; Faas, Thorsten; Faas, Thorsten; Schoen, Harald; Schoen, Harald",GESIS Data Archive for the Social Sciences
10.4232/1.12611,"German Internet Panel, Wave 5 (May 2013)","Blom, Annelies G.; Blom, Annelies G.; Bossert, Dayana; Bossert, Dayana; Funke, Frederik; Funke, Frederik; Gebhard, Franziska; Gebhard, Franziska; Holthausen, Annette; Holthausen, Annette; Krieger, Ulrich; Krieger, Ulrich; SFB 884 \\""Political Economy of Reforms\\"" Universität Mannheim; SFB 884 \\""Political Economy of Reforms\\"" Universität Mannheim",GESIS Data Archive for the Social Sciences
10.4232/1.12618,"German Internet Panel, Wave 12 (July 2014)","Blom, Annelies G.; Blom, Annelies G.; Bossert, Dayana; Bossert, Dayana; Gebhard, Franziska; Gebhard, Franziska; Holthausen, Annette; Holthausen, Annette; Krieger, Ulrich; Krieger, Ulrich; SFB 884 ´Political Economy of Reforms´; SFB 884 ´Political Economy of Reforms´",GESIS Data Archive for the Social Sciences
10.4232/1.12283,Long-term-Online-Tracking of State Election Saxony 2014 (GLES),"Rattinger, Hans; Rattinger, Hans; Roßteutscher, Sigrid; Roßteutscher, Sigrid; Schmitt-Beck, Rüdiger; Schmitt-Beck, Rüdiger; Weßels, Bernhard; Weßels, Bernhard; Wolf, Christof; Wolf, Christof",GESIS Data Archive for the Social Sciences
10.4232/1.12284,Long-term-Online-Tracking of State Election Brandenburg 2014 (GLES),"Rattinger, Hans; Rattinger, Hans; Roßteutscher, Sigrid; Roßteutscher, Sigrid; Schmitt-Beck, Rüdiger; Schmitt-Beck, Rüdiger; Weßels, Bernhard; Weßels, Bernhard; Wolf, Christof; Wolf, Christof",GESIS Data Archive for the Social Sciences
10.4232/1.12285,Long-term-Online-Tracking of State Election Thuringia 2014 (GLES),"Rattinger, Hans; Rattinger, Hans; Roßteutscher, Sigrid; Roßteutscher, Sigrid; Schmitt-Beck, Rüdiger; Schmitt-Beck, Rüdiger; Weßels, Bernhard; Weßels, Bernhard; Wolf, Christof; Wolf, Christof",GESIS Data Archive for the Social Sciences
10.4232/1.10769,Long-term-Online-Tracking of State Election Bremen 2011 (GLES 2009),"Rattinger, Hans; Rattinger, Hans; Roßteutscher, Sigrid; Roßteutscher, Sigrid; Schmitt-Beck, Rüdiger; Schmitt-Beck, Rüdiger; Weßels, Bernhard; Weßels, Bernhard",GESIS Data Archive for the Social Sciences
10.4232/1.12823,ALLBUS/GGSS 1994 (Allgemeine Bevölkerungsumfrage der Sozialwissenschaften/German General Social Survey 1994),"Allerbeck, Klaus R.; Allerbeck, Klaus R.; Allmendinger, Jutta; Allmendinger, Jutta; Müller, Walter; Müller, Walter; Opp, Karl-Dieter; Opp, Karl-Dieter; Pappi, Franz U.; Pappi, Franz U.; Scheuch, Erwin K.; Scheuch, Erwin K.; Ziegler, Rolf; Ziegler, Rolf",GESIS Data Archive for the Social Sciences
10.4232/1.11459,Election Study 1987 (Panel Study),"Berger, Manfred; Berger, Manfred; Gibowski, Wolfgang G.; Gibowski, Wolfgang G.; Kaase, Max; Kaase, Max; Klingemann, Hans-Dieter; Klingemann, Hans-Dieter; Küchler, Manfred; Küchler, Manfred; Pappi, Franz U.; Pappi, Franz U.; Roth, Dieter; Roth, Dieter; Schulte, Wolfgang; Schulte, Wolfgang",GESIS Data Archive for the Social Sciences
10.4232/1.12616,"German Internet Panel, Wave 10 (March 2014)","Blom, Annelies G.; Blom, Annelies G.; Bossert, Dayana; Bossert, Dayana; Gebhard, Franziska; Gebhard, Franziska; Holthausen, Annette; Holthausen, Annette; Krieger, Ulrich; Krieger, Ulrich; SFB 884 ´Political Economy of Reforms´; SFB 884 ´Political Economy of Reforms´",GESIS Data Archive for the Social Sciences
10.4232/1.12033,"Long-term Online Tracking, T18 (GLES)","Rattinger, Hans; Rattinger, Hans; Roßteutscher, Sigrid; Roßteutscher, Sigrid; Schmitt-Beck, Rüdiger; Schmitt-Beck, Rüdiger; Weßels, Bernhard; Weßels, Bernhard; Wolf, Christof; Wolf, Christof",GESIS Data Archive for the Social Sciences
10.4232/1.12277,"Long-term Online Tracking, T13 (GLES 2009)","Rattinger, Hans; Rattinger, Hans; Roßteutscher, Sigrid; Roßteutscher, Sigrid; Schmitt-Beck, Rüdiger; Schmitt-Beck, Rüdiger; Weßels, Bernhard; Weßels, Bernhard",GESIS Data Archive for the Social Sciences
10.4232/1.12961,"European Parliament Election Study 2009, Candidate Study - Full Version","Weßels, Bernhard; Weßels, Bernhard; Schmitt, Hermann; Schmitt, Hermann; Wüst, Andreas; Wüst, Andreas; Giebler, Heiko; Giebler, Heiko; Kritzinger, Silvia; Kritzinger, Silvia; de Winter, Lieven; de Winter, Lieven; Cholova, Blagovesta; Cholova, Blagovesta; Papageorgiou, Bambos; Papageorgiou, Bambos; Linek, Lukáš; Linek, Lukáš; Klemmensen, Robert; Klemmensen, Robert; Ehin, Piret; Ehin, Piret; Mattila, Mikko; Mattila, Mikko; Raunio, Tapio; Raunio, Tapio; Rozenberg, Olivier; Rozenberg, Olivier; Chadjipandelis, Theodore; Chadjipandelis, Theodore; Teperoglou, Eftichia; Teperoglou, Eftichia; Enyedi, Zsolt; Enyedi, Zsolt; Marsh, Michael; Marsh, Michael; Sudulich, Maria Laura; Sudulich, Maria Laura; Andretta, Massimiliano; Andretta, Massimiliano; Bardi, Luciano; Bardi, Luciano; Ikstens, Janis; Ikstens, Janis; Krupavicius, Algis; Krupavicius, Algis; Dumont, Patrick; Dumont, Patrick; Spreitzer, Astrid; Spreitzer, Astrid; Fenech, Dominic; Fenech, Dominic; Rosema, Martin; Rosema, Martin; Czesnik, Mikolaj; Czesnik, Mikolaj; Freire, André; Freire, André; Popescu, Marina; Popescu, Marina; Gyarfasova, Olga; Gyarfasova, Olga; Toplak, Cirila; Toplak, Cirila; Molina, Ignacio; Molina, Ignacio; Sanz Cazorla, Alberto; Sanz Cazorla, Alberto; Haglund, Louise; Haglund, Louise; Holmberg, Sören; Holmberg, Sören; Saalfeld, Thomas; Saalfeld, Thomas",GESIS Data Archive for the Social Sciences
10.4232/1.12281,"Long-term Online Tracking, T26 (GLES)","Rattinger, Hans; Rattinger, Hans; Roßteutscher, Sigrid; Roßteutscher, Sigrid; Schmitt-Beck, Rüdiger; Schmitt-Beck, Rüdiger; Weßels, Bernhard; Weßels, Bernhard; Wolf, Christof; Wolf, Christof",GESIS Data Archive for the Social Sciences
10.4232/cils4eu-de.6655.7.0.0,Children of Immigrants Longitudinal Survey in Four European Countries - Germany (CILS4EU-DE) - Full version. Data file for on-site use,"Kalter, Frank; Kalter, Frank; Kogan, Irena; Kogan, Irena; Dollmann, Jörg; Dollmann, Jörg",GESIS Data Archive for the Social Sciences
10.4232/1.11866,Long-Term Media Agenda Analysis (GLES),"Rattinger, Hans; Rattinger, Hans; Roßteutscher, Sigrid; Roßteutscher, Sigrid; Schmitt-Beck, Rüdiger; Schmitt-Beck, Rüdiger; Weßels, Bernhard; Weßels, Bernhard",GESIS Data Archive for the Social Sciences
10.4232/1.12629,"Long-term Online-Tracking, Cumulation 2009-2014, Core questions (GLES)","Rattinger, Hans; Rattinger, Hans; Roßteutscher, Sigrid; Roßteutscher, Sigrid; Schmitt-Beck, Rüdiger; Schmitt-Beck, Rüdiger; Weßels, Bernhard; Weßels, Bernhard; Wolf, Christof; Wolf, Christof",GESIS Data Archive for the Social Sciences
10.4232/1.12490,"Intermediate inquiry 2014 of Long-term Panel started in 2005,2009 and 2013 and of Short-term Campaign Panel 2013 (GLES)","Rattinger, Hans; Rattinger, Hans; Roßteutscher, Sigrid; Roßteutscher, Sigrid; Schmitt-Beck, Rüdiger; Schmitt-Beck, Rüdiger; Weßels, Bernhard; Weßels, Bernhard; Wolf, Christof; Wolf, Christof",GESIS Data Archive for the Social Sciences
10.4232/1.11987,"Federal Parliament Election 1965 (Initial Investigation, September 1965)","Kaase, M.; Kaase, M.; Wildenmann, R.; Wildenmann, R.",GESIS Data Archive for the Social Sciences
10.4232/1.12626,Long-term Panel 2005-2009-2013 (GLES),"Rattinger, Hans; Rattinger, Hans; Roßteutscher, Sigrid; Roßteutscher, Sigrid; Schmitt-Beck, Rüdiger; Schmitt-Beck, Rüdiger; Weßels, Bernhard; Weßels, Bernhard; Kühnel, Steffen; Kühnel, Steffen; Niedermayer, Oskar; Niedermayer, Oskar; Westle, Bettina; Westle, Bettina",GESIS Data Archive for the Social Sciences
10.4232/1.11363,ALLBUScompact/GGSScompact 1998 (Allgemeine Bevölkerungsumfrage der Sozialwissenschaften/German General Social Survey 1998),"Allerbeck, Klaus; Allerbeck, Klaus; Allmendinger, Jutta; Allmendinger, Jutta; Bürklin, Wilhelm; Bürklin, Wilhelm; Kiefer, Marie Luise; Kiefer, Marie Luise; Müller, Walter; Müller, Walter; Opp, Karl-Dieter; Opp, Karl-Dieter; Scheuch, Erwin K.; Scheuch, Erwin K.",GESIS Data Archive for the Social Sciences
10.4232/1.14333,German General Social Survey ALLBUS - Cumulation 1980-2021,"Allerbeck, Klaus; Allerbeck, Klaus; Allmendinger, Jutta; Allmendinger, Jutta; Andreß, Hans-Jürgen; Andreß, Hans-Jürgen; Auspurg, Katrin; Auspurg, Katrin; Bauernschuster, Stefan; Bauernschuster, Stefan; Bühler, Christoph; Bühler, Christoph; Bürklin, Wilhelm; Bürklin, Wilhelm; Diekmann, Andreas; Diekmann, Andreas; Feger, Hubert; Feger, Hubert; Fetchenhauer, Detlef; Fetchenhauer, Detlef; Hadjar, Andreas; Hadjar, Andreas; Steffen Hillmert; Steffen Hillmert; Huinink, Johannes; Huinink, Johannes; Kiefer, Marie Luise; Kiefer, Marie Luise; Kreuter, Frauke; Kreuter, Frauke; Kühnel, Steffen; Kühnel, Steffen; Kurz, Karin; Kurz, Karin; Lepsius, M. Rainer; Lepsius, M. Rainer; Liebig, Stefan; Liebig, Stefan; Mayer, Karl Ulrich; Mayer, Karl Ulrich; Meulemann, Heiner; Meulemann, Heiner; Müller, Walter; Müller, Walter; Opp, Karl Dieter; Opp, Karl Dieter; Pappi, Franz Urban; Pappi, Franz Urban; Rosar, Ulrich; Rosar, Ulrich; Scheuch, Erwin K.; Scheuch, Erwin K.; Schmitt-Beck, Rüdiger; Schmitt-Beck, Rüdiger; Solga, Heike; Solga, Heike; Trappe, Heike; Trappe, Heike; Wagner, Michael; Wagner, Michael; Wagner, Ulrich; Wagner, Ulrich; Westle, Bettina; Westle, Bettina; Ziegler, Rolf; Ziegler, Rolf",GESIS Data Archive for the Social Sciences
10.4232/1.13749,ALLBUScompact/GGSScompact 1980-2018 (Kumulierte Allgemeine Bevölkerungsumfrage der Sozialwissenschaften/Cumulated German General Social Survey 1980-2018),"Allerbeck, Klaus; Allerbeck, Klaus; Allmendinger, Jutta; Allmendinger, Jutta; Andreß, Hans-Jürgen; Andreß, Hans-Jürgen; Bauernschuster, Stefan; Bauernschuster, Stefan; Bürklin, Wilhelm; Bürklin, Wilhelm; Diekmann, Andreas; Diekmann, Andreas; Feger, Hubert; Feger, Hubert; Fetchenhauer, Detlef; Fetchenhauer, Detlef; Hadjar, Andreas; Hadjar, Andreas; Huinink, Johannes; Huinink, Johannes; Kiefer, Marie Luise; Kiefer, Marie Luise; Kreuter, Frauke; Kreuter, Frauke; Kühnel, Steffen; Kühnel, Steffen; Kurz, Karin; Kurz, Karin; Lepsius, M. Rainer; Lepsius, M. Rainer; Liebig, Stefan; Liebig, Stefan; Mayer, Karl Ulrich; Mayer, Karl Ulrich; Meulemann, Heiner; Meulemann, Heiner; Müller, Walter; Müller, Walter; Opp, Karl Dieter; Opp, Karl Dieter; Pappi, Franz Urban; Pappi, Franz Urban; Rosar, Ulrich; Rosar, Ulrich; Scheuch, Erwin K.; Scheuch, Erwin K.; Schmitt-Beck, Rüdiger; Schmitt-Beck, Rüdiger; Solga, Heike; Solga, Heike; Trappe, Heike; Trappe, Heike; Wagner, Michael; Wagner, Michael; Wagner, Ulrich; Wagner, Ulrich; Westle, Bettina; Westle, Bettina; Ziegler, Rolf; Ziegler, Rolf",GESIS Data Archive for the Social Sciences
10.4232/1.12655,"Long-term Online Tracking, T31 (GLES)","Roßteutscher, Sigrid; Roßteutscher, Sigrid; Schmitt-Beck, Rüdiger; Schmitt-Beck, Rüdiger; Schoen, Harald; Schoen, Harald; Weßels, Bernhard; Weßels, Bernhard; Wolf, Christof; Wolf, Christof",GESIS Data Archive for the Social Sciences
10.4232/1.1500,ALLBUS/GGSS 1986 (Allgemeine Bevölkerungsumfrage der Sozialwissenschaften/German General Social Survey 1986),"Mayer, Karl U.; Mayer, Karl U.; Müller, Walter; Müller, Walter; Pappi, Franz U.; Pappi, Franz U.; Scheuch, Erwin K.; Scheuch, Erwin K.; Ziegler, Rolf; Ziegler, Rolf",GESIS Data Archive for the Social Sciences
10.4232/1.12851,Long-term-Online-Tracking of State Election Schleswig-Holstein 2017 (GLES),"Roßteutscher, Sigrid; Roßteutscher, Sigrid; Schmitt-Beck, Rüdiger; Schmitt-Beck, Rüdiger; Schoen, Harald; Schoen, Harald; Weßels, Bernhard; Weßels, Bernhard; Wolf, Christof; Wolf, Christof",GESIS Data Archive for the Social Sciences
10.4232/1.12674,Longterm Online Tracking at State Election Mecklenburg-Western Pomerania 2016 (GLES),"Roßteutscher, Sigrid; Roßteutscher, Sigrid; Schmitt-Beck, Rüdiger; Schmitt-Beck, Rüdiger; Schoen, Harald; Schoen, Harald; Weßels, Bernhard; Weßels, Bernhard; Wolf, Christof; Wolf, Christof",GESIS Data Archive for the Social Sciences
10.4232/1.11487,ALLBUScompact/GGSScompact 1980-2010 (Kumulierte Allgemeine Bevölkerungsumfrage der Sozialwissenschaften/ Cumulated German General Social Survey 1980-2010),"Allerbeck, Klaus; Allerbeck, Klaus; Allmendinger, Jutta; Allmendinger, Jutta; Andreß, Hans-Jürgen; Andreß, Hans-Jürgen; Bürklin, Wilhelm; Bürklin, Wilhelm; Diekmann, Andreas; Diekmann, Andreas; Feger, Hubert; Feger, Hubert; Fetchenhauer, Detlef; Fetchenhauer, Detlef; Huinink, Johannes; Huinink, Johannes; Kiefer, Marie Luise; Kiefer, Marie Luise; Kühnel, Steffen; Kühnel, Steffen; Lepsius, M. Rainer; Lepsius, M. Rainer; Liebig, Stefan; Liebig, Stefan; Mayer, Karl Ulrich; Mayer, Karl Ulrich; Meulemann, Heiner; Meulemann, Heiner; Müller, Walter; Müller, Walter; Opp, Karl Dieter; Opp, Karl Dieter; Pappi, Franz Urban; Pappi, Franz Urban; Scheuch, Erwin K.; Scheuch, Erwin K.; Schmitt-Beck, Rüdiger; Schmitt-Beck, Rüdiger; Solga, Heike; Solga, Heike; Trappe, Heike; Trappe, Heike; Wagner, Michael; Wagner, Michael; Ziegler, Rolf; Ziegler, Rolf",GESIS Data Archive for the Social Sciences
10.4232/1.14543,"GLES Panel 2024, Profile Wave A5","Debus, Marc; Debus, Marc; Faas, Thorsten; Faas, Thorsten; Roßteutscher, Sigrid; Roßteutscher, Sigrid; Schoen, Harald; Schoen, Harald",GESIS Data Archive for the Social Sciences
10.4232/1.12211,"Campaign Media Content Analysis, TV (GLES 2009)","Rattinger, Hans; Rattinger, Hans; Roßteutscher, Sigrid; Roßteutscher, Sigrid; Schmitt-Beck, Rüdiger; Schmitt-Beck, Rüdiger; Weßels, Bernhard; Weßels, Bernhard",GESIS Data Archive for the Social Sciences
10.4232/1.11902,ALLBUScompact/GGSScompact 1992 (Allgemeine Bevölkerungsumfrage der Sozialwissenschaften/German General Social Survey 1992),"Allerbeck, Klaus; Allerbeck, Klaus; Allmendinger, Jutta; Allmendinger, Jutta; Müller, Walter; Müller, Walter; Opp, Karl-Dieter; Opp, Karl-Dieter; Pappi, Franz Urban; Pappi, Franz Urban; Scheuch, Erwin K.; Scheuch, Erwin K.; Ziegler, Rolf; Ziegler, Rolf",GESIS Data Archive for the Social Sciences
10.4232/1.13153,"German Internet Panel, Wave 30 (July 2017)","Blom, Annelies G.; Blom, Annelies G.; Felderer, Barbara; Felderer, Barbara; Herzing, Jessica; Herzing, Jessica; Krieger, Ulrich; Krieger, Ulrich; Rettig, Tobias; Rettig, Tobias; SFB 884 ´Political Economy of Reforms´, Universität Mannheim; SFB 884 ´Political Economy of Reforms´, Universität Mannheim",GESIS Data Archive for the Social Sciences
10.4232/1.13029,ALLBUS/GGSS 1980-2016 (Kumulierte Allgemeine Bevölkerungsumfrage der Sozialwissenschaften / Cumulated German General Social Survey 1980-2016),"Allerbeck, Klaus; Allerbeck, Klaus; Allmendinger, Jutta; Allmendinger, Jutta; Andreß, Hans-Jürgen; Andreß, Hans-Jürgen; Bauernschuster, Stefan; Bauernschuster, Stefan; Bürklin, Wilhelm; Bürklin, Wilhelm; Diekmann, Andreas; Diekmann, Andreas; Feger, Hubert; Feger, Hubert; Fetchenhauer, Detlef; Fetchenhauer, Detlef; Hadjar, Andreas; Hadjar, Andreas; Huinink, Johannes; Huinink, Johannes; Kiefer, Marie Luise; Kiefer, Marie Luise; Kreuter, Frauke; Kreuter, Frauke; Kühnel, Steffen; Kühnel, Steffen; Kurz, Karin; Kurz, Karin; Lepsius, M. Rainer; Lepsius, M. Rainer; Liebig, Stefan; Liebig, Stefan; Mayer, Karl Ulrich; Mayer, Karl Ulrich; Meulemann, Heiner; Meulemann, Heiner; Müller, Walter; Müller, Walter; Opp, Karl Dieter; Opp, Karl Dieter; Pappi, Franz Urban; Pappi, Franz Urban; Rosar, Ulrich; Rosar, Ulrich; Scheuch, Erwin K.; Scheuch, Erwin K.; Schmitt-Beck, Rüdiger; Schmitt-Beck, Rüdiger; Solga, Heike; Solga, Heike; Trappe, Heike; Trappe, Heike; Wagner, Michael; Wagner, Michael; Wagner, Ulrich; Wagner, Ulrich; Westle, Bettina; Westle, Bettina; Ziegler, Rolf; Ziegler, Rolf",GESIS Data Archive for the Social Sciences
10.4232/1.10371,"TV Debate Analysis, Content Analysis TV Debate (GLES 2009)","Rattinger, Hans; Rattinger, Hans; Roßteutscher, Sigrid; Roßteutscher, Sigrid; Schmitt-Beck, Rüdiger; Schmitt-Beck, Rüdiger; Weßels, Bernhard; Weßels, Bernhard",GESIS Data Archive for the Social Sciences
10.4232/1.12521,"Long-term Online Tracking, T28 (GLES)","Roßteutscher, Sigrid; Roßteutscher, Sigrid; Schmitt-Beck, Rüdiger; Schmitt-Beck, Rüdiger; Schoen, Harald; Schoen, Harald; Weßels, Bernhard; Weßels, Bernhard; Wolf, Christof; Wolf, Christof",GESIS Data Archive for the Social Sciences
10.4232/1.10374,"TV Debate Analysis, Content Analyses Regional Newspapers (Statements TV Debate) (GLES 2009)","Rattinger, Hans; Rattinger, Hans; Roßteutscher, Sigrid; Roßteutscher, Sigrid; Schmitt-Beck, Rüdiger; Schmitt-Beck, Rüdiger; Weßels, Bernhard; Weßels, Bernhard",GESIS Data Archive for the Social Sciences
10.4232/1.14727,"GLES Panel 2024, Wave 26","Roßteutscher, Sigrid; Roßteutscher, Sigrid; Debus, Marc; Debus, Marc; Faas, Thorsten; Faas, Thorsten; Schoen, Harald; Schoen, Harald",GESIS Data Archive for the Social Sciences
10.4232/1.12228,"Long-term Online Tracking, T15 (GLES 2009)","Rattinger, Hans; Rattinger, Hans; Roßteutscher, Sigrid; Roßteutscher, Sigrid; Schmitt-Beck, Rüdiger; Schmitt-Beck, Rüdiger; Weßels, Bernhard; Weßels, Bernhard",GESIS Data Archive for the Social Sciences
10.4232/1.11753,ALLBUS/GGSS 2012 (Allgemeine Bevölkerungsumfrage der Sozialwissenschaften/German General Social Survey 2012),"Diekmann, Andreas; Diekmann, Andreas; Fetchenhauer, Detlef; Fetchenhauer, Detlef; Kühnel, Steffen; Kühnel, Steffen; Liebig, Stefan; Liebig, Stefan; Schmitt-Beck, Rüdiger; Schmitt-Beck, Rüdiger; Trappe, Heike; Trappe, Heike; Wagner, Michael; Wagner, Michael",GESIS Data Archive for the Social Sciences
10.4232/1.12872,"Longterm-Online-Tracking, T36 (GLES)","Roßteutscher, Sigrid; Roßteutscher, Sigrid; Schmitt-Beck, Rüdiger; Schmitt-Beck, Rüdiger; Schoen, Harald; Schoen, Harald; Weßels, Bernhard; Weßels, Bernhard; Wolf, Christof; Wolf, Christof",GESIS Data Archive for the Social Sciences
10.4232/1.11444,"Candidate Campaign Survey, Survey (GLES 2009)","Rattinger, Hans; Rattinger, Hans; Roßteutscher, Sigrid; Roßteutscher, Sigrid; Schmitt-Beck, Rüdiger; Schmitt-Beck, Rüdiger; Weßels, Bernhard; Weßels, Bernhard",GESIS Data Archive for the Social Sciences
10.4232/1.12221,"Long-term Online Tracking, T8 (GLES 2009)","Rattinger, Hans; Rattinger, Hans; Roßteutscher, Sigrid; Roßteutscher, Sigrid; Schmitt-Beck, Rüdiger; Schmitt-Beck, Rüdiger; Weßels, Bernhard; Weßels, Bernhard",GESIS Data Archive for the Social Sciences
10.4232/1.3714,ALLBUScompact/GGSScompact 1990 (Allgemeine Bevölkerungsumfrage der Sozialwissenschaften/German General Social Survey 1990),"Allerbeck, Klaus; Allerbeck, Klaus; Mayer, Karl Ulrich; Mayer, Karl Ulrich; Müller, Walter; Müller, Walter; Opp, Karl-Dieter; Opp, Karl-Dieter; Pappi, Franz Urban; Pappi, Franz Urban; Scheuch, Erwin K.; Scheuch, Erwin K.; Ziegler, Rolf; Ziegler, Rolf",GESIS Data Archive for the Social Sciences
10.4232/1.13151,Short-term Campaign Panel - Lower Saxony election wave (GLES 2017),"Roßteutscher, Sigrid; Roßteutscher, Sigrid; Schmitt-Beck, Rüdiger; Schmitt-Beck, Rüdiger; Schoen, Harald; Schoen, Harald; Weßels, Bernhard; Weßels, Bernhard; Wolf, Christof; Wolf, Christof",GESIS Data Archive for the Social Sciences
10.4232/1.12561,Short-term Campaign Panel 2013 (GLES),"Rattinger, Hans; Rattinger, Hans; Roßteutscher, Sigrid; Roßteutscher, Sigrid; Schmitt-Beck, Rüdiger; Schmitt-Beck, Rüdiger; Weßels, Bernhard; Weßels, Bernhard; Wolf, Christof; Wolf, Christof",GESIS Data Archive for the Social Sciences
10.4232/1.12533,Longterm Online Tracking at State Election Rhineland-Palatinate 2016 (GLES),"Roßteutscher, Sigrid; Roßteutscher, Sigrid; Schmitt-Beck, Rüdiger; Schmitt-Beck, Rüdiger; Schoen, Harald; Schoen, Harald; Weßels, Bernhard; Weßels, Bernhard; Wolf, Christof; Wolf, Christof",GESIS Data Archive for the Social Sciences
10.4232/1.13748,ALLBUS/GGSS 1980-2018 (Kumulierte Allgemeine Bevölkerungsumfrage der Sozialwissenschaften/Cumulated German General Social Survey 1980-2018),"Allerbeck, Klaus; Allerbeck, Klaus; Allmendinger, Jutta; Allmendinger, Jutta; Andreß, Hans-Jürgen; Andreß, Hans-Jürgen; Bauernschuster, Stefan; Bauernschuster, Stefan; Bürklin, Wilhelm; Bürklin, Wilhelm; Diekmann, Andreas; Diekmann, Andreas; Feger, Hubert; Feger, Hubert; Fetchenhauer, Detlef; Fetchenhauer, Detlef; Hadjar, Andreas; Hadjar, Andreas; Huinink, Johannes; Huinink, Johannes; Kiefer, Marie Luise; Kiefer, Marie Luise; Kreuter, Frauke; Kreuter, Frauke; Kühnel, Steffen; Kühnel, Steffen; Kurz, Karin; Kurz, Karin; Lepsius, M. Rainer; Lepsius, M. Rainer; Liebig, Stefan; Liebig, Stefan; Mayer, Karl Ulrich; Mayer, Karl Ulrich; Meulemann, Heiner; Meulemann, Heiner; Müller, Walter; Müller, Walter; Opp, Karl Dieter; Opp, Karl Dieter; Pappi, Franz Urban; Pappi, Franz Urban; Rosar, Ulrich; Rosar, Ulrich; Scheuch, Erwin K.; Scheuch, Erwin K.; Schmitt-Beck, Rüdiger; Schmitt-Beck, Rüdiger; Solga, Heike; Solga, Heike; Trappe, Heike; Trappe, Heike; Wagner, Michael; Wagner, Michael; Wagner, Ulrich; Wagner, Ulrich; Westle, Bettina; Westle, Bettina; Ziegler, Rolf; Ziegler, Rolf",GESIS Data Archive for the Social Sciences
10.4232/1.12536,Repeatedly questioned respondents of the Short-term Campaign Panel 2009 and 2013 (GLES),"Rattinger, Hans; Rattinger, Hans; Roßteutscher, Sigrid; Roßteutscher, Sigrid; Schmitt-Beck, Rüdiger; Schmitt-Beck, Rüdiger; Weßels, Bernhard; Weßels, Bernhard; Wolf, Christof; Wolf, Christof",GESIS Data Archive for the Social Sciences
10.4232/1.11486,ALLBUS/GGSS 1980-2010 (Kumulierte Allgemeine Bevölkerungsumfrage der Sozialwissenschaften/ Cumulated German General Social Survey 1980-2010),"Allerbeck, Klaus; Allerbeck, Klaus; Allmendinger, Jutta; Allmendinger, Jutta; Andreß, Hans-Jürgen; Andreß, Hans-Jürgen; Bürklin, Wilhelm; Bürklin, Wilhelm; Diekmann, Andreas; Diekmann, Andreas; Feger, Hubert; Feger, Hubert; Fetchenhauer, Detlef; Fetchenhauer, Detlef; Huinink, Johannes; Huinink, Johannes; Kiefer, Marie Luise; Kiefer, Marie Luise; Kühnel, Steffen; Kühnel, Steffen; Lepsius, M. Rainer; Lepsius, M. Rainer; Liebig, Stefan; Liebig, Stefan; Mayer, Karl Ulrich; Mayer, Karl Ulrich; Meulemann, Heiner; Meulemann, Heiner; Müller, Walter; Müller, Walter; Opp, Karl Dieter; Opp, Karl Dieter; Pappi, Franz Urban; Pappi, Franz Urban; Scheuch, Erwin K.; Scheuch, Erwin K.; Schmitt-Beck, Rüdiger; Schmitt-Beck, Rüdiger; Solga, Heike; Solga, Heike; Trappe, Heike; Trappe, Heike; Wagner, Michael; Wagner, Michael; Ziegler, Rolf; Ziegler, Rolf",GESIS Data Archive for the Social Sciences
10.4232/1.10372,"TV Debate Analysis, Content Analyses Regional Newspapers (Articles) (GLES 2009)","Rattinger, Hans; Rattinger, Hans; Roßteutscher, Sigrid; Roßteutscher, Sigrid; Schmitt-Beck, Rüdiger; Schmitt-Beck, Rüdiger; Weßels, Bernhard; Weßels, Bernhard",GESIS Data Archive for the Social Sciences
10.4232/1.12852,Long-term-Online-Tracking of State Election North Rhine-Westphalia 2017 (GLES),"Roßteutscher, Sigrid; Roßteutscher, Sigrid; Schmitt-Beck, Rüdiger; Schmitt-Beck, Rüdiger; Schoen, Harald; Schoen, Harald; Weßels, Bernhard; Weßels, Bernhard; Wolf, Christof; Wolf, Christof",GESIS Data Archive for the Social Sciences
10.4232/1.11699,"Long-term Online Tracking, T7 (GLES 2009)","Rattinger, Hans; Rattinger, Hans; Roßteutscher, Sigrid; Roßteutscher, Sigrid; Schmitt-Beck, Rüdiger; Schmitt-Beck, Rüdiger; Weßels, Bernhard; Weßels, Bernhard",GESIS Data Archive for the Social Sciences
10.4232/1.13229,Post-election Cross Section (GLES 2009),"Rattinger, Hans; Rattinger, Hans; Roßteutscher, Sigrid; Roßteutscher, Sigrid; Schmitt-Beck, Rüdiger; Schmitt-Beck, Rüdiger; Weßels, Bernhard; Weßels, Bernhard",GESIS Data Archive for the Social Sciences
10.4232/1.11774,ALLBUS/GGSS 2012 (Allgemeine Bevölkerungsumfrage der Sozialwissenschaften/German General Social Survey 2012): Supplementary Data Set Occupational Classifications,"Diekmann, Andreas; Diekmann, Andreas; Fetchenhauer, Detlef; Fetchenhauer, Detlef; Kühnel, Steffen; Kühnel, Steffen; Liebig, Stefan; Liebig, Stefan; Schmitt-Beck, Rüdiger; Schmitt-Beck, Rüdiger; Trappe, Heike; Trappe, Heike; Wagner, Michael; Wagner, Michael",GESIS Data Archive for the Social Sciences
10.4232/1.11901,ALLBUS/GGSS 1992 (Allgemeine Bevölkerungsumfrage der Sozialwissenschaften/German General Social Survey 1992),"Allerbeck, Klaus R.; Allerbeck, Klaus R.; Allmendinger, Jutta; Allmendinger, Jutta; Müller, Walter; Müller, Walter; Opp, Karl-Dieter; Opp, Karl-Dieter; Pappi, Franz U.; Pappi, Franz U.; Scheuch, Erwin K.; Scheuch, Erwin K.; Ziegler, Rolf; Ziegler, Rolf",GESIS Data Archive for the Social Sciences
10.4232/1.11443,"Candidate Campaign Survey, Survey and Structural Data (GLES 2009)","Rattinger, Hans; Rattinger, Hans; Roßteutscher, Sigrid; Roßteutscher, Sigrid; Schmitt-Beck, Rüdiger; Schmitt-Beck, Rüdiger; Weßels, Bernhard; Weßels, Bernhard",GESIS Data Archive for the Social Sciences
10.4232/1.12625,"Long-term Online Tracking, T32 (GLES)","Roßteutscher, Sigrid; Roßteutscher, Sigrid; Schmitt-Beck, Rüdiger; Schmitt-Beck, Rüdiger; Schoen, Harald; Schoen, Harald; Weßels, Bernhard; Weßels, Bernhard; Wolf, Christof; Wolf, Christof",GESIS Data Archive for the Social Sciences
10.4232/1.13920,"GLES Panel 2021, Wave 19","Roßteutscher, Sigrid; Roßteutscher, Sigrid; Debus, Marc; Debus, Marc; Faas, Thorsten; Faas, Thorsten; Schoen, Harald; Schoen, Harald",GESIS Data Archive for the Social Sciences
10.4232/1.13422,Short-term Campaign Panel 2017 – Control Group II (to Panel Wave 6) (GLES),"Roßteutscher, Sigrid; Roßteutscher, Sigrid; Schmitt-Beck, Rüdiger; Schmitt-Beck, Rüdiger; Schoen, Harald; Schoen, Harald; Weßels, Bernhard; Weßels, Bernhard; Wolf, Christof; Wolf, Christof",GESIS Data Archive for the Social Sciences
10.4232/1.3709,ALLBUScompact/GGSScompact 1986 (Allgemeine Bevölkerungsumfrage der Sozialwissenschaften/German General Social Survey 1986),"Mayer, Karl Ulrich; Mayer, Karl Ulrich; Müller, Walter; Müller, Walter; Pappi, Franz Urban; Pappi, Franz Urban; Scheuch, Erwin K.; Scheuch, Erwin K.; Ziegler, Rolf; Ziegler, Rolf",GESIS Data Archive for the Social Sciences
10.4232/1.11888,ALLBUS/GGSS 1996 (Allgemeine Bevölkerungsumfrage der Sozialwissenschaften/German General Social Survey 1996),"Allerbeck, Klaus R.; Allerbeck, Klaus R.; Allmendinger, Jutta; Allmendinger, Jutta; Bürklin, Wilhelm; Bürklin, Wilhelm; Kiefer, Marie-Luise; Kiefer, Marie-Luise; Müller, Walter; Müller, Walter; Opp, Karl-Dieter; Opp, Karl-Dieter; Scheuch, Erwin K.; Scheuch, Erwin K.",GESIS Data Archive for the Social Sciences
